{"type": "FeatureCollection", "features": [{"type": "Feature", "properties": {"name": "Cidade de Maputo", "code": "maputo"}, "geometry": {"type": "MultiPolygon", "coordinates": [[[[32.9021661, -26.0291553], [32.9019106, -26.0297473], [32.901767, -26.0300799], [32.9015246, -26.0307006], [32.9012835, -26.0310931], [32.9010518, -26.0313672], [32.900973, -26.0317432], [32.901011, -26.0322149], [32.9011144, -26.0328599], [32.901049, -26.0336641], [32.9011898, -26.0344025], [32.9014028, -26.0349938], [32.9015987, -26.0358115], [32.9020457, -26.0364738], [32.90233, -26.037106], [32.9027243, -26.0378824], [32.9029903, -26.0383827], [32.9029511, -26.0391056], [32.9028143, -26.040032], [32.9026886, -26.0407702], [32.902592, -26.0414389], [32.9024439, -26.0419659], [32.9023386, -26.0433677], [32.9021566, -26.0440653], [32.9019572, -26.0445536], [32.9016168, -26.0452612], [32.9012018, -26.0458985], [32.9006774, -26.0468391], [32.900042, -26.047656], [32.8996306, -26.0481058], [32.8993456, -26.048399], [32.8991094, -26.0486391], [32.8988918, -26.0488735], [32.8985793, -26.0491748], [32.898046, -26.049713], [32.8978241, -26.049942], [32.8974006, -26.0503297], [32.89717, -26.0505614], [32.8968824, -26.0508016], [32.8966514, -26.051028], [32.8963768, -26.0513073], [32.896193, -26.051514], [32.8960634, -26.0516856], [32.8960503, -26.0517881], [32.8961477, -26.0519468], [32.8964666, -26.052186], [32.8966504, -26.0523629], [32.8971063, -26.0527019], [32.8973723, -26.0529193], [32.8976344, -26.053059], [32.8979813, -26.0532719], [32.8981783, -26.0532904], [32.8983664, -26.0533081], [32.8987147, -26.0539745], [32.8987894, -26.0544249], [32.8991353, -26.055006], [32.8991454, -26.055048], [32.899224, -26.055376], [32.8993081, -26.0558349], [32.8993144, -26.0558693], [32.8993359, -26.0563948], [32.8991912, -26.0569224], [32.8989702, -26.0572877], [32.8987765, -26.0573626], [32.8984645, -26.057307], [32.898338, -26.0575221], [32.8985181, -26.0577022], [32.8992768, -26.0582518], [32.9002029, -26.0588355], [32.9005353, -26.0590669], [32.90103, -26.059366], [32.9020906, -26.0599931], [32.9026315, -26.060338], [32.9030083, -26.0605942], [32.9030714, -26.0606371], [32.9035334, -26.0609927], [32.9039142, -26.061323], [32.9043041, -26.0618202], [32.9044791, -26.0622341], [32.9045221, -26.0625917], [32.9044306, -26.0628116], [32.9043836, -26.0631], [32.9042397, -26.0632852], [32.9039976, -26.0634302], [32.9040917, -26.063725], [32.9041981, -26.0640653], [32.9040688, -26.0642283], [32.9040446, -26.0644216], [32.904214, -26.064668], [32.9040822, -26.065115], [32.9040822, -26.0654219], [32.9039493, -26.0656672], [32.903745, -26.0657769], [32.9037364, -26.0660532], [32.9038713, -26.0661895], [32.9041508, -26.0664513], [32.9041223, -26.0667021], [32.9043322, -26.0670784], [32.9044576, -26.0676181], [32.90444, -26.0679445], [32.9043184, -26.0681905], [32.904136, -26.0681934], [32.903937, -26.0681451], [32.9037456, -26.0682905], [32.9037988, -26.0686176], [32.9040462, -26.069035], [32.9041379, -26.0691923], [32.9040648, -26.0693478], [32.9041257, -26.0695794], [32.9041326, -26.0696058], [32.9042698, -26.0697436], [32.9043386, -26.0699002], [32.9044608, -26.0701785], [32.9047411, -26.0701634], [32.9048646, -26.0698629], [32.9051546, -26.0697566], [32.9051346, -26.0695509], [32.9049476, -26.0695575], [32.9048858, -26.0691758], [32.9049315, -26.0689221], [32.905002, -26.0686274], [32.9051467, -26.0683881], [32.9051252, -26.0679652], [32.905377, -26.0674615], [32.905604, -26.0671824], [32.905911, -26.0670021], [32.9061125, -26.0666663], [32.9066066, -26.0660112], [32.9069247, -26.0657036], [32.9075972, -26.0654257], [32.908149, -26.06529], [32.908251, -26.0651233], [32.9082021, -26.0649037], [32.9079576, -26.0643142], [32.9080329, -26.0634467], [32.9079879, -26.063248], [32.908069, -26.0630067], [32.9081136, -26.0628741], [32.9082935, -26.0626839], [32.9084162, -26.0625542], [32.9089028, -26.0623913], [32.9090888, -26.062012], [32.909291, -26.061559], [32.9098423, -26.0615478], [32.9101729, -26.0614004], [32.910382, -26.0609913], [32.9103873, -26.0606648], [32.9102834, -26.0602794], [32.9110014, -26.0595638], [32.9112147, -26.0591738], [32.9116674, -26.0589827], [32.9118336, -26.05869], [32.9121927, -26.0584149], [32.9129507, -26.0580356], [32.9134686, -26.0578019], [32.9140708, -26.0576608], [32.9144217, -26.0576778], [32.9146789, -26.0575391], [32.9150358, -26.0571566], [32.9154084, -26.0569584], [32.915545, -26.0567804], [32.9157306, -26.0566571], [32.9162917, -26.0565218], [32.9165122, -26.0562545], [32.916809, -26.0556469], [32.9174953, -26.0551525], [32.9184023, -26.0545774], [32.9192785, -26.054033], [32.9196152, -26.0539065], [32.9198747, -26.0538208], [32.9202153, -26.0535008], [32.9210652, -26.0526004], [32.9220156, -26.0514789], [32.9226113, -26.0508831], [32.9228883, -26.0506675], [32.9230779, -26.0504779], [32.9232895, -26.0503103], [32.9235638, -26.0499889], [32.9238435, -26.0498859], [32.9241332, -26.0499149], [32.9242532, -26.0497619], [32.9247391, -26.0491005], [32.9249965, -26.0484715], [32.9250294, -26.0482793], [32.9251049, -26.0479463], [32.9251979, -26.0475533], [32.9252637, -26.0472681], [32.9251127, -26.0466802], [32.9252035, -26.0461693], [32.9257746, -26.0450888], [32.9258958, -26.0444734], [32.9255853, -26.0432419], [32.924971, -26.0418286], [32.9246708, -26.0412659], [32.9242277, -26.0403016], [32.9232919, -26.0390066], [32.9233241, -26.0386418], [32.922957, -26.0380479], [32.9228881, -26.0377712], [32.9228208, -26.0374487], [32.9228208, -26.0373095], [32.9226505, -26.0371321], [32.9222556, -26.0367391], [32.9219754, -26.0363147], [32.921535, -26.0357367], [32.9210632, -26.0349928], [32.9209974, -26.0345511], [32.9207651, -26.0342345], [32.9205545, -26.0339657], [32.9204321, -26.0337127], [32.9201861, -26.0334364], [32.9198979, -26.0332431], [32.9198088, -26.0332188], [32.9196153, -26.0331527], [32.919472, -26.0331527], [32.919259, -26.0331812], [32.9193976, -26.0336794], [32.9192955, -26.0342659], [32.919102, -26.0347076], [32.9190478, -26.0352225], [32.9190655, -26.0356085], [32.9192126, -26.0360712], [32.9194991, -26.0362103], [32.9200179, -26.0363912], [32.9200644, -26.0365895], [32.9200837, -26.0368226], [32.9202115, -26.0370139], [32.920436, -26.0370452], [32.9205715, -26.0370521], [32.9208812, -26.0373269], [32.9210593, -26.0375565], [32.92128, -26.0378626], [32.9214326, -26.0382845], [32.9218791, -26.0397153], [32.9219114, -26.0406675], [32.9217446, -26.0416437], [32.9216942, -26.0417898], [32.9216942, -26.0419428], [32.9217484, -26.0421098], [32.9217794, -26.0422906], [32.9217368, -26.0423567], [32.9216245, -26.0424402], [32.9213734, -26.0424269], [32.9209269, -26.0417986], [32.9204051, -26.040827], [32.9202437, -26.0398845], [32.920163, -26.0388549], [32.9199478, -26.0385213], [32.919704, -26.0383542], [32.9196196, -26.0382963], [32.9195389, -26.038241], [32.918995, -26.038274], [32.9184304, -26.0383932], [32.917855, -26.03866], [32.9174645, -26.039059], [32.9172561, -26.0396387], [32.9172615, -26.0408713], [32.9173711, -26.0415442], [32.9177315, -26.0422894], [32.9177472, -26.042477], [32.9182379, -26.0431879], [32.9185612, -26.0441005], [32.9186145, -26.0446781], [32.9183444, -26.0452352], [32.9175075, -26.0459392], [32.9171613, -26.0463699], [32.9169521, -26.0463084], [32.9163321, -26.0460452], [32.915693, -26.0458094], [32.9155598, -26.0455052], [32.9155332, -26.0452078], [32.9157957, -26.0449652], [32.9159593, -26.0446918], [32.9158718, -26.0441654], [32.9154914, -26.0433076], [32.9153582, -26.0432529], [32.9151756, -26.0427094], [32.9147039, -26.041626], [32.9144248, -26.041285], [32.9140244, -26.0404117], [32.9138289, -26.0393275], [32.9134151, -26.0382243], [32.913117, -26.0377644], [32.9125023, -26.0368161], [32.9120018, -26.0361883], [32.9116864, -26.0357143], [32.9114211, -26.035107], [32.9112958, -26.0346091], [32.9109434, -26.033828], [32.9107659, -26.0332802], [32.9104463, -26.0323849], [32.9100814, -26.0313668], [32.9098507, -26.0306103], [32.9095646, -26.0299611], [32.9095057, -26.0297102], [32.9091779, -26.0285747], [32.909116, -26.0280459], [32.9091574, -26.0274309], [32.9093535, -26.026776], [32.9094375, -26.0265227], [32.90972, -26.0257603], [32.9102194, -26.0247363], [32.9107946, -26.0241342], [32.9116551, -26.0237273], [32.912061, -26.0235244], [32.9121032, -26.0233255], [32.912043, -26.0231507], [32.9118598, -26.0228777], [32.9116264, -26.022444], [32.9115119, -26.0222027], [32.9114423, -26.0220804], [32.911457, -26.021929], [32.911743, -26.021414], [32.911886, -26.021285], [32.9121667, -26.0211021], [32.9125693, -26.0209351], [32.9129216, -26.0208099], [32.9133087, -26.0206568], [32.9139447, -26.0203737], [32.9150429, -26.0203997], [32.9158832, -26.0203228], [32.9164407, -26.0201176], [32.9172754, -26.0201747], [32.9175441, -26.0201941], [32.9181377, -26.0204181], [32.9186216, -26.0206029], [32.9195959, -26.021457], [32.9196075, -26.0216935], [32.9194682, -26.0224833], [32.9196392, -26.0231061], [32.919661, -26.0233491], [32.919575, -26.023477], [32.9192279, -26.0233831], [32.9188698, -26.0230363], [32.9186113, -26.0227235], [32.9182274, -26.0221796], [32.9180357, -26.0219684], [32.91784, -26.0218779], [32.9171143, -26.0215126], [32.9167969, -26.0214883], [32.9167675, -26.0216003], [32.9167543, -26.0217109], [32.9168487, -26.0221123], [32.9167427, -26.0225076], [32.9164794, -26.0226224], [32.9161852, -26.0227859], [32.9157361, -26.0229112], [32.9151206, -26.0229738], [32.9150416, -26.0230285], [32.914958, -26.0232138], [32.9150044, -26.0233913], [32.915636, -26.0238087], [32.9159357, -26.0241581], [32.9164175, -26.0245045], [32.9166475, -26.0247327], [32.9171797, -26.0249181], [32.9177532, -26.0251852], [32.9186589, -26.0255803], [32.9190537, -26.0259948], [32.918992, -26.0263274], [32.9189881, -26.02647], [32.918961, -26.0266614], [32.9188526, -26.0268527], [32.9185674, -26.0268046], [32.9180009, -26.0265883], [32.9176847, -26.0263566], [32.9172886, -26.0263309], [32.916765, -26.026478], [32.9166536, -26.026484], [32.9166533, -26.0266497], [32.9174242, -26.0270869], [32.9173665, -26.0273413], [32.9176013, -26.0274962], [32.9179365, -26.0275914], [32.9184409, -26.0276398], [32.9193957, -26.027389], [32.9204412, -26.0274789], [32.9212916, -26.0276111], [32.9220814, -26.0277816], [32.9226843, -26.0279071], [32.9232733, -26.0280051], [32.9240016, -26.0281329], [32.9244379, -26.0280817], [32.924803, -26.0282268], [32.9248843, -26.0283242], [32.9251553, -26.028439], [32.9255734, -26.0284599], [32.9258299, -26.0284691], [32.9260457, -26.0286443], [32.9263114, -26.0289527], [32.9267337, -26.0291076], [32.9278386, -26.0292056], [32.928598, -26.0292022], [32.9292323, -26.0291665], [32.9298014, -26.0292458], [32.9301849, -26.0293292], [32.9303449, -26.0294449], [32.9305172, -26.0295522], [32.9306062, -26.0296636], [32.930877, -26.0298625], [32.9313268, -26.0299701], [32.9317134, -26.0301436], [32.932089, -26.0301993], [32.9325264, -26.0302196], [32.9334202, -26.0303193], [32.9347646, -26.0305228], [32.9359511, -26.0308694], [32.936502, -26.0311126], [32.9369654, -26.0310994], [32.9371941, -26.0311534], [32.9373201, -26.03118], [32.9373351, -26.03119], [32.937447, -26.0312604], [32.9376505, -26.0314409], [32.9379592, -26.031903], [32.9382383, -26.0320584], [32.9386722, -26.0323272], [32.9391123, -26.0327745], [32.9395648, -26.0334069], [32.9396748, -26.0338783], [32.9398828, -26.0343581], [32.9399064, -26.0348755], [32.9398388, -26.0350076], [32.9399518, -26.0353059], [32.940115, -26.035591], [32.9402766, -26.0359026], [32.9403844, -26.0361937], [32.9404178, -26.0362837], [32.9405546, -26.0365031], [32.9406528, -26.0366605], [32.9406845, -26.0368316], [32.940787, -26.037385], [32.9408781, -26.0379007], [32.9407648, -26.0383913], [32.9407648, -26.0385618], [32.9410397, -26.0388957], [32.9414036, -26.0392192], [32.9417269, -26.0397748], [32.9418114, -26.03992], [32.9418133, -26.0404112], [32.9416782, -26.0406364], [32.9417207, -26.0410988], [32.9417899, -26.0418508], [32.9417164, -26.0422917], [32.9415468, -26.0427289], [32.9415527, -26.0429187], [32.9415538, -26.0429546], [32.9416281, -26.0432507], [32.9418014, -26.043527], [32.9420356, -26.0439006], [32.942316, -26.0441357], [32.9426311, -26.0444], [32.9427667, -26.0446236], [32.9430052, -26.0450169], [32.9430421, -26.0450778], [32.9431638, -26.0452785], [32.9431835, -26.045311], [32.9431708, -26.0457104], [32.943168, -26.0457976], [32.9430003, -26.0464018], [32.9430373, -26.0469376], [32.9427779, -26.0473028], [32.9423864, -26.0476086], [32.9421531, -26.0478796], [32.942203, -26.0483771], [32.9423259, -26.0486062], [32.9423882, -26.0487222], [32.9425003, -26.0488756], [32.9425223, -26.0489056], [32.9430061, -26.0490702], [32.9432066, -26.0492457], [32.9435292, -26.0495282], [32.9435497, -26.0495461], [32.9434537, -26.049774], [32.9434377, -26.0500725], [32.9434351, -26.0501201], [32.9435666, -26.050261], [32.9436584, -26.0503594], [32.9439414, -26.0506615], [32.9445036, -26.0509181], [32.9449707, -26.0514813], [32.9452744, -26.0518954], [32.9453468, -26.0521632], [32.9451102, -26.0524687], [32.9451044, -26.0528884], [32.9449545, -26.0531709], [32.9446254, -26.0533662], [32.9445447, -26.0536175], [32.9446113, -26.0538306], [32.9450985, -26.0539153], [32.9455035, -26.0541064], [32.9456961, -26.0543329], [32.9458595, -26.0545251], [32.9464476, -26.0550533], [32.9464036, -26.0550943], [32.9463091, -26.0551824], [32.9465442, -26.0558898], [32.9464002, -26.0560852], [32.9464355, -26.0563755], [32.9465965, -26.056532], [32.9469216, -26.0565771], [32.9471612, -26.056753], [32.9472654, -26.0570628], [32.9473711, -26.0572532], [32.9477754, -26.0576848], [32.9481309, -26.0581415], [32.9485601, -26.0582624], [32.9491761, -26.0583874], [32.9495287, -26.0584474], [32.9503808, -26.0586807], [32.9510232, -26.0588938], [32.952031, -26.059392], [32.9523777, -26.0595381], [32.9530821, -26.0599312], [32.9538085, -26.0604408], [32.9543041, -26.0609922], [32.9545774, -26.0616611], [32.9548921, -26.0623016], [32.9548594, -26.0627631], [32.9545748, -26.0630222], [32.954231, -26.0630592], [32.9541252, -26.0631674], [32.9542373, -26.0635047], [32.9544617, -26.0636801], [32.9545012, -26.0638556], [32.9544368, -26.0640086], [32.9542664, -26.0641057], [32.9542623, -26.0642792], [32.9545054, -26.0643755], [32.955004, -26.0646675], [32.9553178, -26.0650053], [32.9556668, -26.0655503], [32.9557586, -26.0659803], [32.9557271, -26.0663659], [32.9555142, -26.0665241], [32.9552947, -26.0666214], [32.955261, -26.0668734], [32.9555248, -26.067218], [32.9557839, -26.0677651], [32.9558031, -26.0680897], [32.9555845, -26.0684805], [32.9554979, -26.0689097], [32.95559, -26.0692955], [32.9555166, -26.0694005], [32.9553254, -26.0695176], [32.9551259, -26.069701], [32.9549854, -26.0697265], [32.9548683, -26.069688], [32.9547852, -26.0697551], [32.9547873, -26.07005], [32.954733, -26.07033], [32.9546356, -26.0705539], [32.9544563, -26.0706216], [32.9544153, -26.0708264], [32.954434, -26.0710933], [32.9545691, -26.0714405], [32.954592, -26.0717297], [32.9545353, -26.0720519], [32.9543957, -26.0723107], [32.95422, -26.0724464], [32.9541847, -26.0725621], [32.9543073, -26.0726461], [32.9543073, -26.0728551], [32.9541785, -26.0730698], [32.9540372, -26.073094], [32.9538793, -26.0730044], [32.9537962, -26.0728813], [32.9537546, -26.072704], [32.9536715, -26.072661], [32.9535531, -26.0728999], [32.9535281, -26.0729783], [32.9537235, -26.0730586], [32.953846, -26.0731929], [32.9538627, -26.0733609], [32.9537987, -26.0735315], [32.9539027, -26.0737113], [32.9540752, -26.0737262], [32.9542165, -26.0735807], [32.9544866, -26.0735807], [32.9545614, -26.0734855], [32.9546591, -26.0734743], [32.9546964, -26.0735956], [32.9546424, -26.0736964], [32.9546694, -26.0737692], [32.9548377, -26.0736908], [32.9549562, -26.0736758], [32.9549645, -26.0738419], [32.955004, -26.0740659], [32.9550829, -26.0741704], [32.9550247, -26.0742339], [32.9548772, -26.0741704], [32.9547796, -26.074064], [32.9546611, -26.0739707], [32.9545095, -26.0738774], [32.9544409, -26.0738942], [32.954283, -26.0742171], [32.9541749, -26.0743272], [32.9541105, -26.0745082], [32.9541023, -26.0747877], [32.9539801, -26.0748118], [32.9537841, -26.0744877], [32.9536345, -26.0742022], [32.9535327, -26.074079], [32.9534251, -26.0741132], [32.9532465, -26.0744416], [32.9530615, -26.0746189], [32.9528509, -26.0746675], [32.952627, -26.074615], [32.952411, -26.0744579], [32.9523647, -26.0744755], [32.9524057, -26.0746656], [32.9526463, -26.0750163], [32.9530352, -26.0754371], [32.9531727, -26.0757198], [32.9531757, -26.0760588], [32.9530798, -26.0762796], [32.9531454, -26.0764534], [32.9536063, -26.0769473], [32.9537998, -26.0772011], [32.95416, -26.077793], [32.9541831, -26.0781295], [32.9543743, -26.078562], [32.9545326, -26.078933], [32.9548871, -26.0794612], [32.9551475, -26.0795102], [32.9553025, -26.0794374], [32.9554435, -26.079371], [32.955655, -26.0791019], [32.9556655, -26.0785733], [32.955736, -26.0780826], [32.9558241, -26.0775192], [32.9559578, -26.0768345], [32.9563192, -26.076045], [32.9565642, -26.0755345], [32.9569949, -26.0748642], [32.9576274, -26.0738389], [32.9583379, -26.0730827], [32.9588373, -26.0725937], [32.9591474, -26.072255], [32.9595703, -26.0717358], [32.9600814, -26.0711723], [32.9605536, -26.0707228], [32.9606382, -26.070172], [32.9609624, -26.0693363], [32.9615615, -26.068241], [32.9618575, -26.0670063], [32.9624426, -26.0645687], [32.9627597, -26.0630554], [32.963091, -26.0610103], [32.9632249, -26.0594907], [32.9634646, -26.0579837], [32.9637607, -26.0560749], [32.9639194, -26.0548149], [32.9641436, -26.0535908], [32.964699, -26.0509599], [32.9650899, -26.049404], [32.9657729, -26.047122], [32.9660645, -26.0459783], [32.9664206, -26.0447336], [32.9667301, -26.0437036], [32.967008, -26.0428841], [32.9673926, -26.0417496], [32.9675282, -26.0411419], [32.967773, -26.039747], [32.9681348, -26.0382617], [32.9684628, -26.0372012], [32.9686059, -26.0361592], [32.968734, -26.0355723], [32.9690254, -26.0351106], [32.969183, -26.0342353], [32.9694537, -26.0336273], [32.9697653, -26.0322483], [32.9698808, -26.0302579], [32.9697658, -26.0292713], [32.9697365, -26.0283975], [32.9699255, -26.0271144], [32.9701282, -26.0261394], [32.9704711, -26.0247297], [32.9707772, -26.0235286], [32.9712342, -26.0217592], [32.972472, -26.0174635], [32.9743261, -26.0119416], [32.9754116, -26.0090468], [32.9759473, -26.0079952], [32.9762346, -26.007269], [32.9766157, -26.0064906], [32.976812, -26.0060543], [32.9769907, -26.0055289], [32.9772469, -26.0049286], [32.9775355, -26.0042865], [32.9779339, -26.0035465], [32.9782335, -26.0028704], [32.9783766, -26.0024771], [32.9786111, -26.0021156], [32.9788666, -26.0016963], [32.9790071, -26.0014052], [32.9792954, -26.0008603], [32.9796454, -26.0001611], [32.9799368, -25.9996975], [32.9801638, -25.9991845], [32.980441, -25.9985232], [32.9808698, -25.9978288], [32.9812124, -25.9973902], [32.9814658, -25.996781], [32.9818255, -25.9960453], [32.9825432, -25.9947368], [32.9832846, -25.9936274], [32.9836527, -25.992998], [32.9845815, -25.991353], [32.9856392, -25.9894023], [32.9863572, -25.98814], [32.9873342, -25.9866525], [32.9892387, -25.9835123], [32.9903855, -25.9815084], [32.990626, -25.9810025], [32.9908925, -25.9806871], [32.9914643, -25.9797364], [32.9918363, -25.979104], [32.9921163, -25.9786953], [32.9924279, -25.9781019], [32.9928008, -25.9774639], [32.9931072, -25.9770363], [32.9932017, -25.9766347], [32.9931392, -25.9763805], [32.9928791, -25.9757205], [32.9926983, -25.9751084], [32.9927725, -25.9744274], [32.9928352, -25.9729786], [32.9932424, -25.9720099], [32.9935176, -25.9714424], [32.9936741, -25.9709627], [32.9934927, -25.9706844], [32.9932294, -25.9706716], [32.9930338, -25.9707804], [32.992638, -25.9705619], [32.9922297, -25.9702794], [32.9920335, -25.9701812], [32.9918486, -25.9701733], [32.9915311, -25.9701194], [32.991072, -25.970099], [32.9905504, -25.9704517], [32.9902501, -25.9707864], [32.9898579, -25.9710339], [32.989654, -25.9714537], [32.989245, -25.9716699], [32.9884745, -25.9718759], [32.9878636, -25.9719825], [32.9874614, -25.9718865], [32.9870999, -25.9718373], [32.9866648, -25.9717153], [32.986232, -25.971642], [32.9852574, -25.9712673], [32.9844816, -25.9709411], [32.9837934, -25.9706486], [32.9831, -25.970484], [32.9827585, -25.9704433], [32.9823812, -25.9704327], [32.9821167, -25.970463], [32.9816787, -25.9705698], [32.9814034, -25.9706598], [32.9808967, -25.9707498], [32.9805463, -25.9708398], [32.9801396, -25.9708792], [32.9798268, -25.9709017], [32.9794358, -25.9709832], [32.9789947, -25.9710873], [32.9786694, -25.9711689], [32.9785567, -25.9713235], [32.9786005, -25.9714248], [32.9787069, -25.9714923], [32.9788633, -25.9714979], [32.9790885, -25.9714698], [32.9792575, -25.9713629], [32.9796098, -25.9712568], [32.979824, -25.9712198], [32.9800572, -25.9714067], [32.9799851, -25.97151], [32.9797652, -25.9717659], [32.9796401, -25.9720825], [32.9793239, -25.9723245], [32.9793899, -25.9725617], [32.979256, -25.9728], [32.9790981, -25.9732277], [32.9792588, -25.9733281], [32.9796857, -25.973464], [32.979643, -25.9736287], [32.9796394, -25.9737902], [32.9798333, -25.9741084], [32.9800948, -25.9746825], [32.9801926, -25.9750567], [32.980342, -25.975215], [32.9804577, -25.9752438], [32.9805324, -25.9751159], [32.9808632, -25.9749959], [32.9808899, -25.9749463], [32.98076, -25.974836], [32.9808223, -25.9743867], [32.9808472, -25.9734576], [32.980929, -25.9733617], [32.9811549, -25.9733505], [32.9815107, -25.9734032], [32.9820034, -25.9733185], [32.9824344, -25.9734271], [32.9827583, -25.973523], [32.9826604, -25.9736285], [32.9819996, -25.9737872], [32.9818391, -25.9739796], [32.9817543, -25.9744214], [32.982036, -25.9750275], [32.9821568, -25.975482], [32.9821668, -25.9758122], [32.9819967, -25.9763439], [32.9820145, -25.9769723], [32.9820198, -25.9771546], [32.9817868, -25.9774169], [32.9815687, -25.9779528], [32.9815519, -25.9787766], [32.9816818, -25.9788969], [32.981685, -25.9790066], [32.981638, -25.9792006], [32.981588, -25.979299], [32.981516, -25.9793721], [32.9812627, -25.9795887], [32.9808941, -25.9799152], [32.9807369, -25.9799367], [32.98066, -25.9797644], [32.9806245, -25.979569], [32.9806066, -25.9793151], [32.9807792, -25.9790689], [32.9809037, -25.9788002], [32.980877, -25.9784468], [32.9806031, -25.9777689], [32.9804857, -25.9771628], [32.9804306, -25.9767743], [32.9804964, -25.9766447], [32.9805386, -25.9763678], [32.9804977, -25.976008], [32.9806133, -25.9758433], [32.9808783, -25.9756562], [32.980953, -25.9755331], [32.9809353, -25.9754707], [32.9808659, -25.9754387], [32.9806898, -25.9755587], [32.9806329, -25.9756546], [32.9804587, -25.9757595], [32.9802952, -25.9760105], [32.9802423, -25.9762118], [32.9800531, -25.9767038], [32.9800305, -25.9771945], [32.9800632, -25.9778186], [32.9797236, -25.9788249], [32.9793262, -25.9797702], [32.9790293, -25.9807584], [32.9786973, -25.981932], [32.97827, -25.9830041], [32.9780993, -25.9836437], [32.9777951, -25.9844816], [32.9770111, -25.9856079], [32.9762409, -25.9867511], [32.9757927, -25.9872628], [32.9752235, -25.9875954], [32.9741536, -25.9880209], [32.9740468, -25.9881299], [32.973649, -25.9883301], [32.9729946, -25.9886436], [32.9725758, -25.9888654], [32.9720404, -25.9891529], [32.9714904, -25.9894166], [32.9713839, -25.9895947], [32.9708263, -25.9898768], [32.9704928, -25.9900355], [32.9700261, -25.9901982], [32.969714, -25.990427], [32.9694327, -25.9905951], [32.969144, -25.990684], [32.9688315, -25.9909062], [32.9681698, -25.991289], [32.96738, -25.991604], [32.9670136, -25.9916775], [32.966312, -25.9919608], [32.9656732, -25.9922258], [32.9645823, -25.9925755], [32.9637935, -25.9928737], [32.963184, -25.9931277], [32.9628523, -25.9932276], [32.9627061, -25.9933279], [32.961901, -25.9936948], [32.9614895, -25.9939359], [32.9613713, -25.9941688], [32.9611845, -25.9943783], [32.9610475, -25.9948024], [32.9609479, -25.9950624], [32.9608577, -25.9954159], [32.9606479, -25.996051], [32.9601565, -25.996733], [32.959967, -25.9969297], [32.9597965, -25.9970705], [32.9596242, -25.9971792], [32.9593327, -25.9973177], [32.9590272, -25.9976046], [32.9584833, -25.9982755], [32.9579707, -25.998551], [32.957751, -25.998788], [32.9575913, -25.9989711], [32.9575725, -25.9990976], [32.9576914, -25.9991313], [32.9578291, -25.9991145], [32.957751, -25.999303], [32.9572783, -25.9997244], [32.9568418, -25.9997994], [32.9563671, -26.0000411], [32.9558984, -26.0004962], [32.9552477, -26.0007745], [32.9546546, -26.0010315], [32.9543092, -26.0012637], [32.9535808, -26.0014788], [32.9530662, -26.0016853], [32.9518936, -26.0015515], [32.9513575, -26.0013794], [32.9512797, -26.0013722], [32.9510701, -26.0015794], [32.9516768, -26.0019271], [32.9517343, -26.0022299], [32.9514602, -26.0023247], [32.9511634, -26.0028444], [32.950193, -26.0032221], [32.9493279, -26.0038846], [32.9486842, -26.0044119], [32.9477376, -26.0050138], [32.9466795, -26.0056131], [32.9460231, -26.005702], [32.9453662, -26.005657], [32.9451029, -26.0056272], [32.9445585, -26.0060095], [32.9443902, -26.0063542], [32.9440335, -26.0064555], [32.9436081, -26.0061181], [32.9432327, -26.0056739], [32.9428824, -26.0055164], [32.942532, -26.0049822], [32.9423943, -26.0048698], [32.9422201, -26.0045653], [32.9423818, -26.0044312], [32.9426321, -26.0044762], [32.9431894, -26.0045292], [32.9435707, -26.0047874], [32.9439265, -26.0046151], [32.944064, -26.0039111], [32.942497, -26.0029581], [32.9421993, -26.0022116], [32.9424552, -26.0016302], [32.942, -26.0014271], [32.9417186, -26.0013385], [32.9410054, -26.0016983], [32.9406676, -26.0018389], [32.940411, -26.0018277], [32.9399293, -26.0014228], [32.9395414, -26.0012878], [32.9392974, -26.0009673], [32.9389783, -26.0008605], [32.9387281, -26.0008661], [32.9386342, -26.0009673], [32.9384841, -26.0010854], [32.9381462, -26.0010348], [32.9380524, -26.0007986], [32.9381087, -26.00054], [32.93819, -26.0002363], [32.9381712, -25.9999101], [32.9380524, -25.9995165], [32.937677, -25.9993422], [32.9374205, -25.9993591], [32.93702, -25.9994322], [32.9365821, -25.9994209], [32.9362568, -25.999494], [32.9356061, -25.9997077], [32.9352745, -25.9993141], [32.9351556, -25.9990217], [32.9351806, -25.9986618], [32.9353558, -25.998375], [32.9355685, -25.9982175], [32.9359377, -25.9981894], [32.9362192, -25.9982119], [32.9364382, -25.9983469], [32.9365508, -25.9984818], [32.9367135, -25.9988417], [32.9369512, -25.9988417], [32.9374768, -25.9986955], [32.9379085, -25.9985437], [32.9383652, -25.99833], [32.9387343, -25.9983019], [32.9391973, -25.9983862], [32.939654, -25.998583], [32.9400482, -25.998853], [32.9403109, -25.9990217], [32.9407426, -25.9992747], [32.9416623, -25.999629], [32.9419778, -25.9996115], [32.9426569, -25.9988557], [32.9430747, -25.9987618], [32.943435, -25.9991968], [32.9435849, -25.9998127], [32.9438528, -25.9997401], [32.9441793, -25.9988152], [32.9451063, -25.9982497], [32.946298, -25.9983453], [32.946547, -25.9981], [32.9464806, -25.9977903], [32.9465017, -25.9977583], [32.9464051, -25.9973782], [32.9464312, -25.9971611], [32.9465164, -25.9967823], [32.9461728, -25.9961299], [32.946361, -25.995953], [32.946931, -25.996082], [32.9472513, -25.9961946], [32.9475027, -25.9964908], [32.9479838, -25.9965114], [32.9481549, -25.9964533], [32.9480146, -25.9960934], [32.9475745, -25.9958979], [32.9472013, -25.9956843], [32.9469764, -25.9953886], [32.9465435, -25.9950672], [32.945921, -25.9946834], [32.9456748, -25.9946567], [32.9452782, -25.9943481], [32.9442854, -25.9939093], [32.9441392, -25.9936924], [32.9428174, -25.9933322], [32.9424387, -25.9931317], [32.941838, -25.9931951], [32.9415507, -25.9933312], [32.9406889, -25.9934157], [32.9400614, -25.9933583], [32.9391996, -25.9931976], [32.9387919, -25.9929185], [32.9384501, -25.9927037], [32.9380812, -25.9926182], [32.9377831, -25.9926181], [32.9373835, -25.9926589], [32.9369056, -25.992773], [32.9362964, -25.9928153], [32.9351659, -25.9928695], [32.9343482, -25.9928413], [32.9329082, -25.9928941], [32.9318067, -25.9928735], [32.9309018, -25.9929236], [32.9301806, -25.9931642], [32.929308, -25.9935232], [32.9285369, -25.9937162], [32.9281772, -25.9940771], [32.9279136, -25.9943883], [32.9274633, -25.9954447], [32.9273173, -25.9959073], [32.9269956, -25.9966924], [32.926669, -25.9976376], [32.9265007, -25.9982892], [32.9262459, -25.9986984], [32.9261148, -25.9988429], [32.9258747, -25.9992744], [32.925563, -25.9995412], [32.9250063, -26.0000772], [32.9246326, -26.0005976], [32.9240363, -26.0011224], [32.923627, -26.001312], [32.923571, -26.0014189], [32.9233121, -26.0015211], [32.9227837, -26.0017319], [32.9227732, -26.0018891], [32.922677, -26.0020464], [32.9223551, -26.0020039], [32.9219912, -26.001779], [32.9219064, -26.00155], [32.921462, -26.0014996], [32.9208549, -26.0014776], [32.9201323, -26.0014367], [32.9197823, -26.0015138], [32.9192312, -26.0015264], [32.9189058, -26.0016191], [32.918712, -26.0015942], [32.9182599, -26.0015575], [32.917974, -26.0015991], [32.9174958, -26.001607], [32.9171117, -26.001665], [32.9166448, -26.0018501], [32.915955, -26.0023917], [32.9157475, -26.0026309], [32.9154776, -26.0028255], [32.9151434, -26.0029937], [32.9148828, -26.0030456], [32.9146802, -26.0030871], [32.9144586, -26.0033051], [32.9143349, -26.0033473], [32.9143324, -26.0036654], [32.9141869, -26.003996], [32.9139276, -26.0043877], [32.9138103, -26.005339], [32.9137732, -26.0061449], [32.9136382, -26.0067345], [32.913603, -26.0076092], [32.913511, -26.0084687], [32.913266, -26.0095606], [32.9129222, -26.0108519], [32.9127475, -26.0113491], [32.9122992, -26.0125115], [32.9120637, -26.0128908], [32.9116948, -26.013641], [32.9112272, -26.0145994], [32.9110144, -26.0148507], [32.9107323, -26.0156111], [32.9102374, -26.0165431], [32.9099252, -26.0171336], [32.9096476, -26.0175631], [32.9092132, -26.0183507], [32.9087768, -26.0189324], [32.9081202, -26.0198569], [32.9072157, -26.0210837], [32.9066972, -26.0216476], [32.9062817, -26.0222507], [32.9058056, -26.0228235], [32.9051935, -26.0234873], [32.9044309, -26.0245101], [32.9037149, -26.0253995], [32.9031293, -26.0262045], [32.9026848, -26.0268688], [32.902506, -26.0275182], [32.9024337, -26.0284514], [32.9021661, -26.0291553]]], [[[32.9133393, -25.9829547], [32.9141871, -25.9828704], [32.9144092, -25.9828085], [32.9145187, -25.9825076], [32.9145218, -25.9821786], [32.9145991, -25.9820131], [32.9148638, -25.9816572], [32.9150116, -25.9810363], [32.9151018, -25.9802756], [32.9150462, -25.9792568], [32.9150709, -25.9781113], [32.9152028, -25.9772165], [32.9154161, -25.9765001], [32.9156689, -25.9758171], [32.9160211, -25.9750728], [32.91642, -25.9743542], [32.9167341, -25.973887], [32.9171013, -25.9734833], [32.9175619, -25.9730716], [32.9181394, -25.9726745], [32.9186816, -25.9723574], [32.9194639, -25.9719892], [32.9202115, -25.9716632], [32.9208875, -25.9713751], [32.9213634, -25.9711426], [32.921871, -25.970851], [32.9220531, -25.970633], [32.9221598, -25.9704752], [32.9221983, -25.9703081], [32.9221613, -25.9701902], [32.921993, -25.9701137], [32.9217865, -25.9700265], [32.9214496, -25.969891], [32.9212534, -25.969739], [32.9209204, -25.9696101], [32.9206844, -25.9695889], [32.9204799, -25.9696141], [32.9202664, -25.9696078], [32.9199845, -25.9694652], [32.9196866, -25.9692693], [32.9194361, -25.9690513], [32.919235, -25.9689272], [32.9191224, -25.9689317], [32.9188912, -25.9689431], [32.9186593, -25.9689532], [32.9185461, -25.9689752], [32.9184875, -25.9690798], [32.9183712, -25.9692476], [32.9182055, -25.969419], [32.9178494, -25.9696123], [32.9172205, -25.9697548], [32.9166688, -25.969816], [32.9162215, -25.9699261], [32.916055, -25.9700341], [32.9158141, -25.9700976], [32.9155044, -25.970122], [32.9151531, -25.9701788], [32.9150263, -25.9702035], [32.9147362, -25.9703305], [32.9146162, -25.9704238], [32.9144544, -25.9705223], [32.9141228, -25.9706925], [32.9139175, -25.9707849], [32.9135946, -25.9708585], [32.9132494, -25.9709079], [32.9127699, -25.9709865], [32.9122856, -25.9711033], [32.9118372, -25.9710974], [32.9114852, -25.9710703], [32.9111831, -25.9710693], [32.9108937, -25.9709425], [32.9105037, -25.970955], [32.9100467, -25.9708166], [32.9096046, -25.9706111], [32.9093025, -25.9703835], [32.9090772, -25.9700751], [32.9088549, -25.9701151], [32.9087672, -25.9701053], [32.908447, -25.9702292], [32.9080395, -25.9703473], [32.9072646, -25.9706482], [32.9065084, -25.9709005], [32.9056159, -25.9710725], [32.9048241, -25.9713132], [32.9038948, -25.9716173], [32.9032476, -25.9718938], [32.9022594, -25.9723008], [32.9016093, -25.9726037], [32.9011808, -25.9729611], [32.9008992, -25.9732163], [32.9009066, -25.973668], [32.9015093, -25.974568], [32.9018917, -25.9745827], [32.9021786, -25.9742398], [32.9023466, -25.9737962], [32.9025705, -25.9738686], [32.9027945, -25.9740511], [32.9025985, -25.9744883], [32.9021996, -25.9747274], [32.9019526, -25.9748572], [32.9018238, -25.974985], [32.9018104, -25.9751288], [32.901797, -25.9752816], [32.9018426, -25.9754432], [32.9019579, -25.9755107], [32.9018748, -25.9755879], [32.9021283, -25.975871], [32.9025789, -25.9763293], [32.9029088, -25.9766597], [32.9029275, -25.9767428], [32.9029847, -25.9768199], [32.9031837, -25.9769213], [32.9032883, -25.976902], [32.9034063, -25.9769791], [32.904146, -25.9775797], [32.9044524, -25.9777676], [32.9047318, -25.9779516], [32.9051064, -25.9782219], [32.9053682, -25.9782698], [32.9057665, -25.9785234], [32.9060166, -25.9785644], [32.9067857, -25.9792512], [32.907549, -25.9799627], [32.9081558, -25.9803873], [32.9085031, -25.9805926], [32.9089155, -25.9808148], [32.90921, -25.981008], [32.9093975, -25.9810925], [32.909866, -25.9813887], [32.9103419, -25.9816174], [32.9107573, -25.9818708], [32.9111959, -25.9821389], [32.9114659, -25.9822835], [32.91204, -25.9826358], [32.9126667, -25.9828619], [32.9133393, -25.9829547]]], [[[32.4456344, -26.0547174], [32.4404201, -26.0595173], [32.4403997, -26.0598124], [32.4399695, -26.0660518], [32.441114, -26.0703425], [32.4452748, -26.0756465], [32.4477821, -26.0796122], [32.4504166, -26.0879021], [32.4512317, -26.0900247], [32.47481, -26.0810787], [32.4794831, -26.0791509], [32.4798088, -26.0790997], [32.4812341, -26.0785029], [32.48161, -26.0782913], [32.4819392, -26.078199], [32.4820277, -26.0780888], [32.4824456, -26.0779479], [32.4844814, -26.0771146], [32.4851535, -26.0769019], [32.4855074, -26.0767162], [32.4859221, -26.0765692], [32.4876879, -26.0758381], [32.488032, -26.0758069], [32.4919783, -26.07413], [32.4923145, -26.0739876], [32.4928584, -26.0738097], [32.4932903, -26.0736565], [32.4946075, -26.073109], [32.4954202, -26.0728371], [32.4961243, -26.0725515], [32.4965948, -26.0723568], [32.4972983, -26.0720479], [32.497656, -26.0719116], [32.500207, -26.0708948], [32.5012601, -26.0705049], [32.5018755, -26.0702296], [32.5025203, -26.0700025], [32.5027808, -26.06987], [32.5036037, -26.0695455], [32.504112, -26.0693358], [32.5045616, -26.069172], [32.5050705, -26.0689443], [32.5058769, -26.0685929], [32.5072369, -26.068079], [32.5075466, -26.067932], [32.5079636, -26.0677966], [32.5098099, -26.0670879], [32.5107266, -26.0666911], [32.5115648, -26.0663847], [32.5125698, -26.0659705], [32.5147011, -26.0651431], [32.5157577, -26.0650462], [32.5163242, -26.0650309], [32.5183113, -26.0649077], [32.5188133, -26.0649048], [32.5196091, -26.0648366], [32.5243083, -26.0645163], [32.5244543, -26.0645376], [32.5244654, -26.0645373], [32.5247795, -26.0645281], [32.52496, -26.0644933], [32.5250501, -26.0645042], [32.5257361, -26.0644475], [32.5260944, -26.0644487], [32.5268022, -26.0643846], [32.5272633, -26.0643617], [32.5273778, -26.0643515], [32.5274914, -26.0643356], [32.527604, -26.0643142], [32.527715, -26.0642872], [32.5278243, -26.0642548], [32.5283093, -26.0640597], [32.5288987, -26.0637938], [32.5301278, -26.0633091], [32.5312765, -26.062796], [32.5318038, -26.0625814], [32.5324226, -26.0622824], [32.5326369, -26.0622096], [32.5329856, -26.0620574], [32.5333964, -26.0619727], [32.5335877, -26.0619532], [32.5340372, -26.0619233], [32.5349755, -26.0618803], [32.5353741, -26.0618439], [32.5356279, -26.0618341], [32.5362498, -26.0618101], [32.5372848, -26.061734], [32.5376609, -26.0617236], [32.5381916, -26.0616834], [32.5383307, -26.0616546], [32.5393809, -26.0616039], [32.5394869, -26.061583], [32.5400498, -26.0615659], [32.5405612, -26.061535], [32.5420761, -26.0614435], [32.5424133, -26.0614061], [32.5427724, -26.0613926], [32.5433332, -26.0613399], [32.5439471, -26.0613189], [32.5449057, -26.061248], [32.5453396, -26.0612417], [32.5467669, -26.0611583], [32.5468781, -26.0611356], [32.5482938, -26.0610668], [32.548627, -26.0610369], [32.5528795, -26.0607733], [32.5531519, -26.0607863], [32.5534645, -26.0607374], [32.5537077, -26.0607531], [32.5538645, -26.0607354], [32.5540481, -26.0607315], [32.5542707, -26.0607809], [32.554738, -26.0608287], [32.5550147, -26.060823], [32.5553824, -26.0606848], [32.555456, -26.0606297], [32.5557768, -26.0606241], [32.5582303, -26.0604874], [32.5583223, -26.0604784], [32.5584149, -26.0604757], [32.5585074, -26.0604792], [32.5585994, -26.0604889], [32.5593288, -26.0606129], [32.5595489, -26.0606821], [32.5598866, -26.0607163], [32.5601361, -26.0607679], [32.5603857, -26.0607775], [32.5607502, -26.0608626], [32.5623274, -26.0610978], [32.562639, -26.0611271], [32.5628542, -26.0611786], [32.5631699, -26.0612215], [32.5634267, -26.0612776], [32.5636567, -26.0613048], [32.5639773, -26.0613257], [32.5642197, -26.061322], [32.5646661, -26.0612822], [32.5648686, -26.0612819], [32.5651429, -26.0612363], [32.5653855, -26.0611752], [32.5656012, -26.061094], [32.5658126, -26.0610518], [32.5658538, -26.0610421], [32.5661107, -26.0610159], [32.5663973, -26.0609482], [32.5673122, -26.0608043], [32.5674702, -26.0607591], [32.5676025, -26.060744], [32.5678965, -26.0606697], [32.5681953, -26.060622], [32.5687698, -26.0604933], [32.5689794, -26.0604253], [32.5691974, -26.0603862], [32.5695639, -26.0602974], [32.5696571, -26.0602897], [32.5698056, -26.0602493], [32.5699322, -26.0602313], [32.5703085, -26.0601223], [32.570442, -26.0600635], [32.5707501, -26.0599572], [32.5709646, -26.0598337], [32.571586, -26.0595631], [32.5717546, -26.0595031], [32.5721101, -26.0593449], [32.5721865, -26.0593207], [32.5722645, -26.0593012], [32.5723438, -26.0592864], [32.574104, -26.0590333], [32.5746421, -26.0589855], [32.5760569, -26.0588061], [32.5769408, -26.0586673], [32.5772677, -26.0586384], [32.5784348, -26.0584624], [32.579223, -26.0583843], [32.5794292, -26.0583387], [32.5796944, -26.0583062], [32.5802029, -26.0582234], [32.5806376, -26.0581759], [32.58155, -26.0580461], [32.5819762, -26.0580091], [32.5825463, -26.0579216], [32.5827007, -26.057918], [32.5840457, -26.0577379], [32.5844766, -26.0576637], [32.5855142, -26.05751], [32.5868316, -26.0573477], [32.5874609, -26.0572487], [32.5889159, -26.0570547], [32.5891999, -26.0569965], [32.58947, -26.0569773], [32.5902216, -26.0568619], [32.5909118, -26.0567729], [32.5923923, -26.0565499], [32.5926213, -26.0565361], [32.5927933, -26.0564855], [32.5934173, -26.0563631], [32.5940217, -26.0562251], [32.5956173, -26.0559109], [32.595869, -26.0558777], [32.5965397, -26.055731], [32.5966674, -26.0557203], [32.596837, -26.0556676], [32.5976635, -26.0554866], [32.5977952, -26.0554219], [32.5981305, -26.0553916], [32.5987059, -26.0553047], [32.5988564, -26.0552541], [32.5990037, -26.055239], [32.599269, -26.0551776], [32.6003554, -26.054957], [32.600578, -26.0548806], [32.6006867, -26.0548268], [32.6007481, -26.0548181], [32.6010254, -26.0548295], [32.6011238, -26.0547881], [32.6012982, -26.0547697], [32.6014902, -26.0547217], [32.6015777, -26.0546681], [32.6016843, -26.0546195], [32.601789, -26.0546198], [32.6025121, -26.0545347], [32.6026263, -26.0545011], [32.6031077, -26.0544022], [32.6034362, -26.0543117], [32.6035726, -26.0542553], [32.6036958, -26.0542344], [32.6040061, -26.0542299], [32.6041516, -26.0541883], [32.6042879, -26.0541721], [32.6044583, -26.0541253], [32.6045501, -26.0540759], [32.6047282, -26.0540574], [32.6048935, -26.0539727], [32.6049695, -26.0539564], [32.605027, -26.0539873], [32.6051604, -26.0539952], [32.606041, -26.0538218], [32.6061041, -26.0537844], [32.6065528, -26.0537256], [32.6067226, -26.0536702], [32.6067986, -26.0536704], [32.608412, -26.0533157], [32.6084917, -26.0532752], [32.6086227, -26.0532755], [32.608827, -26.0532572], [32.6096779, -26.0531058], [32.6098517, -26.0530565], [32.6099722, -26.053045], [32.6103641, -26.05294], [32.6105489, -26.0529117], [32.6112208, -26.0527511], [32.6113377, -26.0527411], [32.6116449, -26.0526842], [32.6120255, -26.0526806], [32.6121159, -26.0526486], [32.6124484, -26.0526637], [32.6131723, -26.0526348], [32.6134909, -26.0526452], [32.6138759, -26.0526225], [32.6140934, -26.0525853], [32.6142977, -26.0525693], [32.6144157, -26.0525388], [32.6145402, -26.0524305], [32.6147068, -26.0523623], [32.6148546, -26.0521996], [32.6150403, -26.0517838], [32.615232, -26.0516253], [32.6157417, -26.0513142], [32.6157099, -26.0512648], [32.6154685, -26.0508937], [32.6152191, -26.0505154], [32.614696, -26.0497419], [32.6142347, -26.0490623], [32.613827, -26.0483635], [32.6134676, -26.0478382], [32.6131055, -26.0473249], [32.6126361, -26.0466333], [32.6123652, -26.0462429], [32.6119494, -26.0456549], [32.611649, -26.0451826], [32.611405, -26.0447873], [32.6111957, -26.044421], [32.610898, -26.0438716], [32.6107129, -26.0434933], [32.6105025, -26.0431218], [32.6102827, -26.0426975], [32.6100873, -26.0423282], [32.6098546, -26.0418762], [32.6094684, -26.0411388], [32.6090634, -26.0404713], [32.608744, -26.0399253], [32.6085731, -26.03964], [32.6083736, -26.0391939], [32.6082922, -26.0389488], [32.6081823, -26.0386014], [32.607991, -26.0380637], [32.6078526, -26.037698], [32.6077834, -26.0373981], [32.6077111, -26.0369315], [32.6075686, -26.0364859], [32.6072583, -26.0358489], [32.6069403, -26.0351376], [32.60648, -26.0343076], [32.6062144, -26.0337633], [32.606085, -26.0333449], [32.6058988, -26.0329394], [32.605767, -26.0325947], [32.6056505, -26.0321548], [32.605561, -26.0319598], [32.6051325, -26.031501], [32.6048866, -26.0311267], [32.604639, -26.0308228], [32.6045108, -26.0306761], [32.6042508, -26.0305635], [32.6040231, -26.0304114], [32.6037774, -26.0301268], [32.603657, -26.0299109], [32.6035361, -26.0295874], [32.6033685, -26.029134], [32.6032368, -26.0289288], [32.6028852, -26.0284726], [32.6025685, -26.0280797], [32.6021941, -26.0274297], [32.6019897, -26.0270495], [32.6017223, -26.0266484], [32.6014577, -26.0263741], [32.601162, -26.0261925], [32.6007658, -26.0260559], [32.600489, -26.0260266], [32.600204, -26.0260778], [32.5997725, -26.0260449], [32.5993777, -26.0259498], [32.5990968, -26.0258547], [32.5987555, -26.0258366], [32.5982868, -26.0259205], [32.5979123, -26.0258986], [32.5975419, -26.026023], [32.5974116, -26.0260376], [32.5971343, -26.0260593], [32.5969038, -26.0262285], [32.5968164, -26.026391], [32.5966097, -26.0265494], [32.5963833, -26.026698], [32.5960873, -26.0267372], [32.5957148, -26.0267098], [32.5950515, -26.0265479], [32.5944006, -26.0263636], [32.5936138, -26.0260815], [32.5929218, -26.0258108], [32.592242, -26.0256243], [32.5917373, -26.0254706], [32.5911511, -26.0252512], [32.590777, -26.0250686], [32.5903311, -26.0248566], [32.5897191, -26.0247586], [32.5891436, -26.0247531], [32.5887012, -26.024919], [32.5885731, -26.0250418], [32.5885139, -26.0252647], [32.5884154, -26.0253933], [32.5882646, -26.0254846], [32.587948, -26.0255792], [32.5874986, -26.025543], [32.5869026, -26.0254293], [32.5862726, -26.0252567], [32.5853784, -26.0249875], [32.5845419, -26.0247268], [32.5837344, -26.024447], [32.5832399, -26.0242331], [32.582455, -26.0239219], [32.581684, -26.0235817], [32.5801539, -26.0228305], [32.5792377, -26.0223326], [32.5785639, -26.0219228], [32.5777206, -26.0213773], [32.5776311, -26.0213194], [32.5768432, -26.020758], [32.576109, -26.0201784], [32.5752406, -26.019416], [32.5745282, -26.0187998], [32.5739969, -26.0182946], [32.5736668, -26.0179512], [32.5732791, -26.0176063], [32.5727543, -26.0170585], [32.5723224, -26.016567], [32.5719395, -26.0161303], [32.5716559, -26.0157855], [32.5712567, -26.0153316], [32.570803, -26.0148217], [32.5701437, -26.0140002], [32.5695855, -26.0133028], [32.5690323, -26.0125498], [32.5685016, -26.0117809], [32.56779, -26.0107492], [32.5673795, -26.0101688], [32.5669398, -26.0094197], [32.5664454, -26.0086379], [32.5660398, -26.0079655], [32.5656213, -26.00724], [32.5650066, -26.0060858], [32.5645781, -26.0051524], [32.5642427, -26.0044557], [32.5639206, -26.0037183], [32.5636667, -26.0030906], [32.5633788, -26.0023075], [32.562921, -26.0010768], [32.5626422, -26.0001562], [32.5623155, -25.999156], [32.5621302, -25.9985473], [32.5618752, -25.9978658], [32.5615377, -25.9971318], [32.5613287, -25.9965465], [32.5612929, -25.9963263], [32.5609119, -25.9952285], [32.5605714, -25.9942508], [32.5604666, -25.9938742], [32.5604343, -25.993581], [32.5603066, -25.9932061], [32.5602351, -25.9927975], [32.5600893, -25.9918373], [32.5600536, -25.9912852], [32.5600259, -25.9905217], [32.5599587, -25.9899648], [32.5598575, -25.9878928], [32.5598872, -25.9863154], [32.5599774, -25.984553], [32.5601528, -25.9830447], [32.5603016, -25.9818853], [32.5604039, -25.9809413], [32.5604718, -25.9807341], [32.5613675, -25.9804575], [32.5613397, -25.9803976], [32.5604976, -25.980658], [32.5604797, -25.9806068], [32.5610685, -25.9804132], [32.5610938, -25.9804359], [32.561166, -25.98041], [32.5611329, -25.9803331], [32.5605262, -25.9805227], [32.560223, -25.980636], [32.5599815, -25.9806023], [32.5596766, -25.9805901], [32.5594197, -25.98055], [32.5592369, -25.9805143], [32.5588708, -25.9804037], [32.5584016, -25.9801308], [32.5581653, -25.9801249], [32.5578703, -25.9796431], [32.5576224, -25.9791346], [32.5571019, -25.9783579], [32.5569196, -25.9779748], [32.5568178, -25.9776857], [32.5566946, -25.977125], [32.5566718, -25.9769454], [32.5566772, -25.9767392], [32.5566933, -25.9764897], [32.5567442, -25.97621], [32.5567536, -25.9760556], [32.5567536, -25.9759025], [32.556763, -25.9758326], [32.5567938, -25.9758097], [32.5568971, -25.975826], [32.55693, -25.9758299], [32.5569514, -25.9758133], [32.5569796, -25.9757117], [32.5569762, -25.975697], [32.5569628, -25.9756885], [32.5568984, -25.9756722], [32.5568287, -25.9756518], [32.5567549, -25.9756192], [32.5566812, -25.9755758], [32.5565377, -25.9754745], [32.5563472, -25.9753299], [32.5549585, -25.9740633], [32.5564995, -25.9723414], [32.5584246, -25.9701371], [32.5635982, -25.9732663], [32.5661884, -25.9748468], [32.567911, -25.9758727], [32.5693455, -25.9767183], [32.5694491, -25.9767848], [32.5695186, -25.9766905], [32.5690101, -25.9763876], [32.5695555, -25.97568], [32.5707414, -25.9763794], [32.5717285, -25.9759987], [32.5717757, -25.9761208], [32.5709056, -25.9764561], [32.571221, -25.9766489], [32.5711176, -25.9768786], [32.5712246, -25.9769334], [32.5711446, -25.9770924], [32.5710249, -25.9770603], [32.5709576, -25.9772032], [32.5704545, -25.9770244], [32.5701328, -25.9769603], [32.5699417, -25.9769619], [32.5699406, -25.977023], [32.5698291, -25.977047], [32.5694892, -25.9771694], [32.5695256, -25.9772195], [32.5698544, -25.9771072], [32.5700138, -25.9770866], [32.5702556, -25.9771096], [32.5704778, -25.9771767], [32.5714962, -25.9775379], [32.5720596, -25.9777679], [32.5743573, -25.9786091], [32.5744008, -25.978624], [32.574441, -25.9786382], [32.5744729, -25.9786516], [32.5745126, -25.978666], [32.5842824, -25.9822308], [32.5843387, -25.9821031], [32.5843876, -25.9821125], [32.5844748, -25.9819247], [32.5853288, -25.9819108], [32.5853297, -25.9819476], [32.5859003, -25.9819154], [32.5866182, -25.9826849], [32.5865911, -25.9828166], [32.5866725, -25.982857], [32.5866296, -25.9829685], [32.586528, -25.9829391], [32.5865124, -25.9829824], [32.5847097, -25.9826055], [32.5842446, -25.9825749], [32.5841705, -25.9825866], [32.5841826, -25.9826508], [32.584268, -25.9826293], [32.5847264, -25.9826612], [32.5852213, -25.982768], [32.5864882, -25.9830595], [32.5880127, -25.9837373], [32.5888763, -25.9840985], [32.5892214, -25.9842118], [32.5895952, -25.9842379], [32.5899684, -25.9842118], [32.5905354, -25.9840905], [32.5909593, -25.9840251], [32.5913842, -25.9839877], [32.5919773, -25.9840013], [32.5925685, -25.9840377], [32.5928108, -25.9840041], [32.5932554, -25.9838587], [32.5936012, -25.9836826], [32.59389, -25.9834466], [32.5941494, -25.9831271], [32.594469, -25.9827819], [32.5946979, -25.9824898], [32.5947989, -25.9822574], [32.5948551, -25.9818945], [32.5950304, -25.9813078], [32.5952023, -25.9808774], [32.5956134, -25.9790875], [32.5956826, -25.9785036], [32.5957878, -25.9782721], [32.5961033, -25.9774291], [32.5964167, -25.9767138], [32.5964919, -25.9764701], [32.5965582, -25.9762488], [32.5966242, -25.9760077], [32.5967736, -25.9755789], [32.5967027, -25.9754139], [32.5961911, -25.9752204], [32.5964254, -25.9748146], [32.5972599, -25.9733408], [32.5971388, -25.9732763], [32.5971324, -25.9732243], [32.5981695, -25.9717757], [32.5994721, -25.9700228], [32.5999094, -25.9693669], [32.6020296, -25.9660843], [32.6019781, -25.9658804], [32.6020092, -25.965749], [32.6020892, -25.9655376], [32.6022147, -25.9653793], [32.6023751, -25.9651463], [32.6024511, -25.9649367], [32.6025625, -25.9647312], [32.6028848, -25.9642162], [32.6032628, -25.9635211], [32.6035124, -25.9631253], [32.6037189, -25.9628357], [32.6038987, -25.9624886], [32.6043509, -25.9620001], [32.6048306, -25.9616964], [32.6050146, -25.961533], [32.6050454, -25.9614908], [32.6050567, -25.9614261], [32.6050325, -25.9613404], [32.6050003, -25.9612261], [32.6049261, -25.961105], [32.6049167, -25.9610664], [32.604918, -25.9610121], [32.6049341, -25.9609506], [32.605079, -25.9606335], [32.605218, -25.960327], [32.6054247, -25.9600016], [32.6057817, -25.9595169], [32.6061244, -25.9591494], [32.6064783, -25.9588203], [32.6068759, -25.9584625], [32.6071154, -25.9583168], [32.6071834, -25.958275], [32.6072527, -25.9582249], [32.6073221, -25.958176], [32.6075348, -25.9578235], [32.6075693, -25.957669], [32.6078113, -25.9573324], [32.6080322, -25.9570826], [32.6086061, -25.956572], [32.6088338, -25.9562745], [32.6092293, -25.9559459], [32.6098423, -25.9555126], [32.6104833, -25.9552294], [32.6105341, -25.955199], [32.6106142, -25.955151], [32.6109858, -25.9545616], [32.6111397, -25.9544004], [32.6117423, -25.9537392], [32.6120124, -25.9534289], [32.6123014, -25.9531379], [32.6125732, -25.952846], [32.6127005, -25.9527462], [32.6127917, -25.9526542], [32.6128456, -25.9526025], [32.6128739, -25.952545], [32.612935, -25.952487], [32.6130439, -25.9524013], [32.6131695, -25.9522975], [32.6132731, -25.9522124], [32.6134145, -25.9520646], [32.613508, -25.9519872], [32.6136271, -25.9518934], [32.6137521, -25.95181], [32.6138459, -25.9517305], [32.613957, -25.951657], [32.6140605, -25.9515713], [32.6141624, -25.9515037], [32.6142605, -25.9514253], [32.6144322, -25.9513047], [32.6145422, -25.9512251], [32.6146296, -25.9511538], [32.6147396, -25.9510477], [32.6148238, -25.9509646], [32.6149447, -25.9508627], [32.6150579, -25.9507666], [32.6151605, -25.9506811], [32.6152563, -25.9506038], [32.6153935, -25.9505153], [32.6155058, -25.9504408], [32.6156381, -25.9503194], [32.6157605, -25.9502111], [32.6159293, -25.9500913], [32.6160498, -25.949984], [32.6161618, -25.9498965], [32.6162383, -25.9498263], [32.6162983, -25.9497731], [32.6164305, -25.94968], [32.61652, -25.9496367], [32.6166252, -25.9495861], [32.6167269, -25.9495398], [32.6167805, -25.9495103], [32.6168248, -25.9494946], [32.6169586, -25.9496067], [32.6170373, -25.9495307], [32.6168393, -25.949365], [32.6168322, -25.9493276], [32.6168805, -25.9492625], [32.6169475, -25.9491878], [32.6170162, -25.949102], [32.6170709, -25.9490455], [32.6171128, -25.9490007], [32.6171879, -25.9489621], [32.6172372, -25.9489249], [32.6172828, -25.9488815], [32.6173633, -25.948826], [32.6174357, -25.9488019], [32.6174517, -25.9487791], [32.6174277, -25.9487489], [32.617402, -25.948712], [32.6173883, -25.9486922], [32.6173848, -25.9486234], [32.6174159, -25.9485608], [32.6174558, -25.9484806], [32.6175367, -25.9483706], [32.6176293, -25.948255], [32.617997, -25.9478884], [32.6181488, -25.947763], [32.6181991, -25.9477165], [32.6182706, -25.9476504], [32.6189578, -25.9470147], [32.6192886, -25.9466907], [32.6197098, -25.9461636], [32.6199447, -25.9459542], [32.6204493, -25.9455454], [32.6206843, -25.9453732], [32.620983, -25.9451624], [32.6213652, -25.944837], [32.6219058, -25.944355], [32.6221427, -25.9441659], [32.6221688, -25.9441017], [32.6221375, -25.9440328], [32.6221688, -25.9439107], [32.6226519, -25.9434085], [32.6228287, -25.9433488], [32.6229424, -25.9432761], [32.6230544, -25.9431555], [32.6230656, -25.9429937], [32.6235384, -25.9424832], [32.6238415, -25.9421856], [32.6242403, -25.941688], [32.6246029, -25.9411799], [32.6248931, -25.940791], [32.6252142, -25.9404179], [32.6254775, -25.9400091], [32.6257125, -25.9397364], [32.6260468, -25.9392544], [32.6263084, -25.93895], [32.6266492, -25.9385365], [32.6269171, -25.9383088], [32.627012, -25.9381887], [32.6270861, -25.9379581], [32.6273984, -25.9375218], [32.6277518, -25.9369892], [32.6281269, -25.9364305], [32.628452, -25.9360731], [32.628858, -25.9356932], [32.6292191, -25.9352862], [32.6298387, -25.9345942], [32.63064, -25.9337044], [32.6310075, -25.9331505], [32.6311857, -25.9328726], [32.631387, -25.9325587], [32.6317856, -25.9321032], [32.6320065, -25.931768], [32.6321842, -25.931537], [32.6336876, -25.930089], [32.6345246, -25.9291105], [32.6359008, -25.927502], [32.635886, -25.9274677], [32.6363033, -25.9270161], [32.6363968, -25.9269651], [32.6366769, -25.9267046], [32.6369823, -25.92636], [32.6373028, -25.9260715], [32.637593, -25.9258107], [32.6378522, -25.9255837], [32.6381769, -25.925292], [32.6385601, -25.9249961], [32.6387741, -25.9247462], [32.6393428, -25.9242506], [32.6397, -25.923916], [32.6401312, -25.9235346], [32.6406654, -25.9229926], [32.640948, -25.9227756], [32.6412405, -25.9224615], [32.6420425, -25.9218526], [32.6426636, -25.9213608], [32.643297, -25.9206765], [32.6435989, -25.9204865], [32.6438299, -25.9202482], [32.6440079, -25.9200125], [32.644111, -25.9197045], [32.6445452, -25.9192516], [32.6450042, -25.9187536], [32.6453633, -25.9183159], [32.6457604, -25.9179281], [32.646134, -25.9175924], [32.646616, -25.9168967], [32.6469833, -25.9164167], [32.6471427, -25.9160971], [32.6471036, -25.9159557], [32.6473874, -25.9155895], [32.6475349, -25.9154145], [32.6475294, -25.9153096], [32.6477998, -25.9148798], [32.6480004, -25.9146694], [32.6481309, -25.9146019], [32.6482749, -25.9145587], [32.6483192, -25.9145034], [32.6483561, -25.9143971], [32.6484753, -25.9142492], [32.6488387, -25.9139976], [32.6492705, -25.9137909], [32.6497074, -25.9136437], [32.6501321, -25.9134636], [32.6504081, -25.9133205], [32.6506069, -25.9126211], [32.6506892, -25.9124538], [32.6508504, -25.9123234], [32.6513607, -25.9118836], [32.6517152, -25.9115118], [32.652231, -25.9112197], [32.6525281, -25.911135], [32.6526495, -25.9110641], [32.6526823, -25.910668], [32.6530092, -25.9104807], [32.6531841, -25.9102248], [32.6532579, -25.9098911], [32.6534321, -25.9097887], [32.6536564, -25.9097069], [32.6541096, -25.9097732], [32.6543767, -25.9097188], [32.6545982, -25.9094934], [32.6547087, -25.9092671], [32.6547806, -25.9089697], [32.6550449, -25.9085841], [32.6552967, -25.9083761], [32.6556177, -25.9081927], [32.6557186, -25.9080414], [32.6560959, -25.9077569], [32.6561201, -25.9074116], [32.6556656, -25.9070278], [32.655867, -25.906778], [32.6562196, -25.9064447], [32.6564494, -25.9062645], [32.6566638, -25.9060478], [32.657144, -25.9056492], [32.6577585, -25.9052414], [32.6581086, -25.9049056], [32.6588856, -25.9042058], [32.6595149, -25.9038149], [32.6601563, -25.9033958], [32.660775, -25.9029519], [32.6613624, -25.9026712], [32.6617984, -25.9024371], [32.6620446, -25.9023041], [32.6622679, -25.9021348], [32.6625774, -25.9018763], [32.6628524, -25.9015945], [32.663071, -25.9013518], [32.6633096, -25.9009965], [32.6634767, -25.900691], [32.6635722, -25.900353], [32.6636373, -25.9001971], [32.6637442, -25.9001103], [32.664058, -25.9000079], [32.6646678, -25.8998525], [32.6648371, -25.8997819], [32.6650224, -25.8996898], [32.6651692, -25.8995694], [32.6653236, -25.8993198], [32.6653343, -25.8990934], [32.6652778, -25.8989066], [32.6651235, -25.8986263], [32.6650703, -25.8983738], [32.6650351, -25.8983231], [32.6650072, -25.8982794], [32.6649955, -25.8982335], [32.6649928, -25.8981937], [32.6650035, -25.8981418], [32.6652476, -25.8978668], [32.6653227, -25.8977908], [32.6654515, -25.8976798], [32.6655668, -25.897617], [32.6657076, -25.8975893], [32.6660791, -25.8976858], [32.6663111, -25.8977099], [32.666527, -25.8976484], [32.6666947, -25.8975507], [32.6667939, -25.8974156], [32.6668489, -25.8972141], [32.6668315, -25.8970223], [32.6668046, -25.8968558], [32.6668382, -25.896676], [32.6669522, -25.8965083], [32.6671359, -25.896366], [32.6673572, -25.8962731], [32.6677528, -25.8962224], [32.668253, -25.8961476], [32.6690201, -25.8960137], [32.6693206, -25.8959111], [32.6695526, -25.8957869], [32.669743, -25.8956059], [32.6700863, -25.8952005], [32.6701601, -25.8950859], [32.6701695, -25.8949713], [32.6701346, -25.8946842], [32.6701426, -25.894537], [32.6701936, -25.8943874], [32.6707676, -25.893304], [32.6707998, -25.8931037], [32.6707596, -25.8929372], [32.6705933, -25.8926018], [32.6704967, -25.8923412], [32.6703599, -25.891808], [32.6703197, -25.8915932], [32.6703089, -25.8914569], [32.6703586, -25.8912964], [32.6704296, -25.8911323], [32.6704591, -25.8909731], [32.670443, -25.8907438], [32.6702633, -25.8901985], [32.6702794, -25.8899934], [32.6703304, -25.8898028], [32.6704672, -25.8895977], [32.6707274, -25.8893877], [32.6719773, -25.888256], [32.6724306, -25.8878482], [32.6727337, -25.8876117], [32.6729402, -25.8874669], [32.6731172, -25.8873632], [32.6732245, -25.8873463], [32.6733372, -25.8873801], [32.6735142, -25.8874887], [32.6736376, -25.8875683], [32.6737341, -25.8876093], [32.673836, -25.8876286], [32.6739219, -25.8876093], [32.6740064, -25.8875418], [32.6743162, -25.8871267], [32.6744422, -25.8869397], [32.6745388, -25.8868154], [32.6746809, -25.8867117], [32.6750444, -25.8864885], [32.675149, -25.8863907], [32.6752106, -25.8863002], [32.6752442, -25.8862097], [32.6752482, -25.8861482], [32.6752429, -25.8860818], [32.6752388, -25.8859853], [32.6752388, -25.885931], [32.6752549, -25.8858116], [32.6753381, -25.8856258], [32.6754333, -25.8855739], [32.6755245, -25.8855618], [32.6756157, -25.8856053], [32.6757297, -25.8857018], [32.675835, -25.8857929], [32.6759872, -25.8859226], [32.6760998, -25.8860312], [32.6761588, -25.8861422], [32.6761776, -25.8862894], [32.6760998, -25.8865886], [32.6760891, -25.8867274], [32.6761246, -25.8868046], [32.6762313, -25.8868842], [32.6763949, -25.8869445], [32.6766551, -25.8869843], [32.6769447, -25.8869759], [32.677339, -25.8869095], [32.6776823, -25.8868202], [32.6780578, -25.8866996], [32.6783153, -25.8865717], [32.678538, -25.8864124], [32.6786774, -25.8863099], [32.6788236, -25.8861941], [32.6790288, -25.8860529], [32.6792179, -25.8859202], [32.6793949, -25.885843], [32.6795988, -25.8857899], [32.6799354, -25.8857271], [32.680205, -25.8856596], [32.680386, -25.885592], [32.6805644, -25.8855015], [32.6806864, -25.8854424], [32.6808634, -25.8853881], [32.681133, -25.8853181], [32.6814656, -25.8852445], [32.681774, -25.8852095], [32.6822984, -25.8851552], [32.6825559, -25.8850828], [32.6827812, -25.8849236], [32.6829422, -25.8847281], [32.6833123, -25.8842406], [32.6837388, -25.8836832], [32.6839708, -25.8832838], [32.6841465, -25.8828434], [32.6842806, -25.8823922], [32.6843208, -25.8822088], [32.6843664, -25.8820399], [32.6844469, -25.8818372], [32.6845944, -25.881591], [32.6846708, -25.8814975], [32.6848204, -25.881302], [32.6849096, -25.8812212], [32.685053, -25.8811277], [32.6852328, -25.8810263], [32.68534, -25.8809793], [32.6868756, -25.8807886], [32.6869453, -25.8808115], [32.6870365, -25.8808393], [32.6871599, -25.8808683], [32.6873222, -25.880902], [32.6875073, -25.8809274], [32.687809, -25.8809431], [32.6880974, -25.8809467], [32.6882288, -25.8809527], [32.6883347, -25.8809624], [32.6884031, -25.8809901], [32.688489, -25.8810722], [32.6885962, -25.8812314], [32.6887169, -25.881363], [32.6887947, -25.8814245], [32.6889168, -25.8814498], [32.689016, -25.8814148], [32.6891555, -25.881305], [32.6892453, -25.8812073], [32.6893144, -25.8811096], [32.6894096, -25.8808821], [32.689523, -25.8806547], [32.6897389, -25.8802203], [32.689814, -25.8800695], [32.6898582, -25.8799886], [32.6901184, -25.8796592], [32.690227, -25.8795012], [32.6902767, -25.8794312], [32.6903169, -25.8793757], [32.6903624, -25.8793431], [32.6904295, -25.8793105], [32.6905274, -25.8792912], [32.6906441, -25.8792755], [32.6907715, -25.8792671], [32.6908909, -25.8792538], [32.6910733, -25.8792381], [32.6912905, -25.8792381], [32.6914582, -25.8792876], [32.6916446, -25.87943], [32.6922052, -25.8799428], [32.6923688, -25.8800466], [32.6925056, -25.8800984], [32.6926826, -25.8801033], [32.6928167, -25.8800791], [32.6929924, -25.8800067], [32.6932459, -25.8798571], [32.693321, -25.8798185], [32.6933853, -25.8798052], [32.6934698, -25.8798161], [32.693565, -25.8798318], [32.6936267, -25.879827], [32.693675, -25.8797883], [32.6937273, -25.8797135], [32.6937944, -25.8796701], [32.6938708, -25.8796436], [32.694068, -25.879623], [32.6941162, -25.8796279], [32.6941538, -25.8796508], [32.6941685, -25.8796725], [32.694198, -25.8797135], [32.6942249, -25.8797304], [32.6942664, -25.8797341], [32.694304, -25.879716], [32.6944435, -25.8795313], [32.6944931, -25.879477], [32.6945668, -25.8794203], [32.6947922, -25.8792973], [32.6949678, -25.8791802], [32.6950872, -25.8790716], [32.6952441, -25.8788665], [32.6953004, -25.8787869], [32.6953366, -25.8787084], [32.6953594, -25.8786445], [32.6953956, -25.8785709], [32.6955016, -25.8784514], [32.6957551, -25.8782403], [32.6958181, -25.878163], [32.695912, -25.8780134], [32.695975, -25.8779241], [32.6960622, -25.8778505], [32.6961292, -25.8778216], [32.6962137, -25.8778083], [32.6963465, -25.8777817], [32.696435, -25.8777468], [32.6965128, -25.8776876], [32.6966992, -25.8775392], [32.6968186, -25.8774741], [32.6969621, -25.8774366], [32.6970975, -25.8774029], [32.6972242, -25.877351], [32.6973758, -25.8772448], [32.6975682, -25.8771109], [32.6976454, -25.8770554], [32.6977097, -25.8770143], [32.6978177, -25.8769492], [32.6979283, -25.8768955], [32.6979954, -25.8768677], [32.6980812, -25.8768442], [32.6982348, -25.8768249], [32.6983823, -25.8767995], [32.6985513, -25.8767404], [32.6988611, -25.8765618], [32.6989724, -25.8764846], [32.6990595, -25.8764182], [32.6990991, -25.8763778], [32.6991333, -25.8763329], [32.6991621, -25.8763039], [32.6992205, -25.8762626], [32.699258, -25.876224], [32.6993023, -25.8761588], [32.6993338, -25.8760967], [32.6993613, -25.8760544], [32.6994109, -25.875979], [32.6995075, -25.8758656], [32.7001102, -25.8736473], [32.7009663, -25.8728974], [32.7010648, -25.8721679], [32.7007618, -25.8710908], [32.7002617, -25.8694682], [32.6997465, -25.868841], [32.6992919, -25.8678593], [32.6995646, -25.8674366], [32.6994207, -25.865814], [32.6994207, -25.8644845], [32.6989585, -25.8639595], [32.6984281, -25.8631141], [32.6985115, -25.8617437], [32.6985872, -25.8610347], [32.6981175, -25.8600801], [32.6979887, -25.8589824], [32.6980796, -25.8582188], [32.6975265, -25.8574552], [32.6882266, -25.8544884], [32.6812243, -25.8520441], [32.6787287, -25.851173], [32.6786398, -25.8511419], [32.6760755, -25.8502468], [32.6443881, -25.839185], [32.6246141, -25.8332352], [32.6080874, -25.8282599], [32.6031905, -25.8266777], [32.5904315, -25.8225542], [32.5902983, -25.8225112], [32.5765278, -25.8188594], [32.5749295, -25.8184032], [32.5734745, -25.8170947], [32.5727358, -25.8156873], [32.5726296, -25.8149451], [32.5727372, -25.8122049], [32.5672568, -25.8117064], [32.5665218, -25.8168678], [32.5664937, -25.8169083], [32.565123, -25.8267283], [32.5652508, -25.8301699], [32.5657248, -25.834857], [32.5658497, -25.8390731], [32.5652731, -25.8432617], [32.5649846, -25.8454069], [32.564068, -25.8466105], [32.5617297, -25.8528002], [32.5616505, -25.8552761], [32.5615756, -25.8565458], [32.5614276, -25.8586278], [32.5612748, -25.8619924], [32.5610561, -25.8642013], [32.5604905, -25.8653424], [32.5602876, -25.867056], [32.5604265, -25.8674882], [32.560548, -25.8687584], [32.5607537, -25.8700923], [32.5606066, -25.8718949], [32.5605914, -25.8722251], [32.560547, -25.8728471], [32.5604741, -25.8735834], [32.5604096, -25.8743323], [32.5603799, -25.874582], [32.5603358, -25.8751279], [32.5603071, -25.8752929], [32.5602927, -25.8754072], [32.5602778, -25.8756229], [32.5602054, -25.8762322], [32.5601625, -25.8766795], [32.5601615, -25.8766893], [32.5601125, -25.8771202], [32.5601314, -25.8772651], [32.560129, -25.8779103], [32.5601221, -25.8779931], [32.5601285, -25.8780309], [32.5601272, -25.878378], [32.5600984, -25.8785939], [32.5600553, -25.8788604], [32.5599983, -25.8790634], [32.5599763, -25.8791675], [32.5597041, -25.8797257], [32.5596937, -25.8797895], [32.5596585, -25.8798623], [32.5596581, -25.8799512], [32.5596298, -25.8800273], [32.5596013, -25.8801542], [32.5595871, -25.8801922], [32.5595868, -25.8802557], [32.5595726, -25.8802938], [32.5595162, -25.8803952], [32.5594593, -25.8805728], [32.559431, -25.8806362], [32.5594169, -25.880687], [32.5594307, -25.8807251], [32.5594165, -25.8807886], [32.5594163, -25.8808356], [32.5588366, -25.8826711], [32.5588651, -25.8827894], [32.5588614, -25.8828186], [32.5588047, -25.8829961], [32.55877, -25.8831195], [32.5587056, -25.8832268], [32.5586897, -25.8833603], [32.5586344, -25.8834782], [32.5586593, -25.8836141], [32.5586506, -25.883687], [32.5587631, -25.8838236], [32.5588292, -25.8839486], [32.5588569, -25.8840376], [32.5588987, -25.8841266], [32.5589404, -25.8842283], [32.5589823, -25.8843046], [32.559004, -25.8843845], [32.5589919, -25.8845893], [32.558981, -25.8846475], [32.5589664, -25.8847998], [32.558952, -25.8849013], [32.5589516, -25.8850029], [32.5589231, -25.8850918], [32.5589085, -25.8852822], [32.5589076, -25.8855107], [32.5588793, -25.8855487], [32.5588933, -25.8855869], [32.5588651, -25.8856249], [32.5588645, -25.8857646], [32.5588499, -25.8859296], [32.5588496, -25.8860058], [32.5588205, -25.886285], [32.5587919, -25.8864246], [32.5587773, -25.8865643], [32.5587767, -25.8867293], [32.5586896, -25.8875037], [32.5586701, -25.8877151], [32.5586343, -25.8879949], [32.5586033, -25.8880875], [32.5585765, -25.8881944], [32.5582459, -25.8890011], [32.558222, -25.8890978], [32.5580644, -25.8895335], [32.5579792, -25.8897872], [32.5579422, -25.8899128], [32.5578775, -25.8900424], [32.5577804, -25.8903961], [32.5577378, -25.8905102], [32.5577184, -25.8905865], [32.5577091, -25.8906879], [32.5576665, -25.8908275], [32.5576087, -25.8912718], [32.557579, -25.8917034], [32.5575357, -25.8920334], [32.557493, -25.8921857], [32.557492, -25.8924396], [32.5574494, -25.8925665], [32.5574488, -25.8927316], [32.5574337, -25.8929982], [32.5573908, -25.893214], [32.557376, -25.8934297], [32.557347, -25.8936836], [32.5573177, -25.894001], [32.5572606, -25.8942802], [32.5572311, -25.8946483], [32.5571883, -25.894826], [32.5570319, -25.8953588], [32.5568476, -25.8958408], [32.5567204, -25.8960689], [32.5565789, -25.8963733], [32.5564091, -25.8967029], [32.5562113, -25.8970706], [32.5558866, -25.8975394], [32.5555757, -25.898059], [32.5555195, -25.898097], [32.5554911, -25.8981731], [32.5554346, -25.8982491], [32.5553924, -25.8982871], [32.5553783, -25.8983251], [32.555336, -25.8983504], [32.5552794, -25.8984518], [32.5552231, -25.8985024], [32.5551948, -25.8985913], [32.5550961, -25.8986798], [32.5550641, -25.8987372], [32.5550594, -25.8987456], [32.5550249, -25.8989335], [32.5549684, -25.8990477], [32.5548972, -25.8992887], [32.5548408, -25.8993648], [32.5548124, -25.8994663], [32.5547698, -25.8995804], [32.5547275, -25.8996437], [32.5546429, -25.8997197], [32.5546005, -25.8997957], [32.5544872, -25.9000493], [32.5543882, -25.9002522], [32.5542753, -25.900417], [32.554261, -25.9004804], [32.5541623, -25.9006071], [32.5540497, -25.9007839], [32.5539924, -25.9009621], [32.5536815, -25.9015199], [32.55354, -25.9018115], [32.5534411, -25.9019762], [32.553328, -25.9021918], [32.5532717, -25.9022297], [32.5532433, -25.9023058], [32.5531301, -25.9025213], [32.5530877, -25.9026101], [32.5529465, -25.9028128], [32.5529182, -25.9028889], [32.5529038, -25.9029778], [32.5528473, -25.9030792], [32.5527197, -25.9034089], [32.5526774, -25.9034469], [32.552635, -25.9035102], [32.5525645, -25.9035862], [32.5525644, -25.9036243], [32.5525501, -25.9037132], [32.5525498, -25.9037894], [32.5524792, -25.9038907], [32.5524367, -25.9040048], [32.5524084, -25.9040428], [32.5523516, -25.9042077], [32.5523093, -25.9042584], [32.5521968, -25.9042962], [32.5521826, -25.9043343], [32.5520272, -25.9046258], [32.5519987, -25.9047019], [32.5519423, -25.904778], [32.5518577, -25.9048665], [32.5518717, -25.9049046], [32.5518291, -25.9050061], [32.5518289, -25.9050823], [32.5517999, -25.9051256], [32.5517817, -25.905175], [32.5517721, -25.9052344], [32.5517154, -25.905374], [32.551687, -25.9054755], [32.5516162, -25.9056022], [32.5515737, -25.9057418], [32.5515313, -25.9058051], [32.551531, -25.9058813], [32.5515442, -25.9060973], [32.5515437, -25.9062242], [32.551445, -25.9063509], [32.5514167, -25.9064016], [32.5512617, -25.9065407], [32.5511914, -25.9065786], [32.551093, -25.9066038], [32.5510507, -25.906629], [32.5510084, -25.9067051], [32.5507413, -25.9070182], [32.5506698, -25.9071358], [32.5506275, -25.9071737], [32.5505712, -25.9071989], [32.550557, -25.9072624], [32.5505011, -25.9073126], [32.5504559, -25.907368], [32.5504159, -25.9074397], [32.5503314, -25.9075157], [32.5502328, -25.9075915], [32.5501905, -25.9076295], [32.5501623, -25.9076675], [32.550106, -25.9077182], [32.5499368, -25.9078953], [32.5498661, -25.9080222], [32.5498378, -25.9080982], [32.5497671, -25.908225], [32.5497243, -25.90839], [32.5496677, -25.9085168], [32.5495828, -25.9086688], [32.5495686, -25.9087323], [32.549498, -25.9088337], [32.549399, -25.9090111], [32.5493565, -25.9090999], [32.549314, -25.9092268], [32.5492548, -25.9093223], [32.5492374, -25.9093655], [32.5492006, -25.9095184], [32.5491717, -25.9097089], [32.5491572, -25.9098485], [32.5491283, -25.9100516], [32.5490857, -25.9101911], [32.5490568, -25.9103815], [32.5490283, -25.9105084], [32.5489998, -25.9106226], [32.5489431, -25.9107494], [32.5489147, -25.9108381], [32.5488862, -25.9109524], [32.5488008, -25.9112441], [32.5487441, -25.9113964], [32.5486734, -25.9114977], [32.5486311, -25.9115738], [32.5485605, -25.9116625], [32.5483204, -25.9120427], [32.5482497, -25.9121694], [32.5482074, -25.91222], [32.5481368, -25.9123214], [32.5479673, -25.9125876], [32.5478543, -25.9127523], [32.547798, -25.9128156], [32.5477771, -25.9128846], [32.5475999, -25.9132086], [32.5474865, -25.9134749], [32.5474441, -25.913551], [32.5473158, -25.9137265], [32.5472899, -25.9137631], [32.5471336, -25.9139691], [32.547049, -25.9140704], [32.5469925, -25.9141591], [32.5467525, -25.9144758], [32.5466538, -25.9145897], [32.5465267, -25.9147799], [32.5464421, -25.9148812], [32.5463715, -25.9149952], [32.5463431, -25.9150586], [32.5462867, -25.915122], [32.5462162, -25.9152106], [32.5461738, -25.9152867], [32.5461173, -25.9153626], [32.5460749, -25.9154387], [32.5459762, -25.91554], [32.5458491, -25.9157174], [32.5453412, -25.9163761], [32.5452282, -25.9165281], [32.5448702, -25.9169397], [32.5445097, -25.9172388], [32.5436719, -25.9178456], [32.5433501, -25.9180352], [32.5431321, -25.9182112], [32.5429192, -25.9184821], [32.5427637, -25.9185893], [32.5425273, -25.9186953], [32.5423846, -25.9188983], [32.5421797, -25.9191224], [32.5420119, -25.9192664], [32.5418506, -25.9194417], [32.5415665, -25.9197776], [32.5412277, -25.9201143], [32.5408359, -25.9206098], [32.5404983, -25.9209298], [32.5401954, -25.9212972], [32.5399276, -25.9216331], [32.5396429, -25.9218248], [32.5392969, -25.922039], [32.5388853, -25.9222856], [32.5384881, -25.9224918], [32.5378335, -25.92286], [32.5374919, -25.9230683], [32.5365169, -25.9235916], [32.5354999, -25.9241779], [32.5338351, -25.9251079], [32.5328818, -25.9256134], [32.5306062, -25.9268821], [32.5288656, -25.927875], [32.5275839, -25.9285433], [32.5272871, -25.9287597], [32.5268942, -25.9289609], [32.5265264, -25.9291691], [32.5261817, -25.92932], [32.5258925, -25.9295294], [32.5254602, -25.9297373], [32.5249468, -25.9300468], [32.524579, -25.9302481], [32.524202, -25.930551], [32.5238403, -25.9308599], [32.523576, -25.9311415], [32.5232937, -25.9315238], [32.5227024, -25.932411], [32.5225774, -25.9325576], [32.5223646, -25.9327939], [32.522303, -25.9328747], [32.5222066, -25.9330193], [32.5221558, -25.9331053], [32.5220022, -25.9332786], [32.5218985, -25.9335133], [32.5218632, -25.933606], [32.5217863, -25.9337125], [32.521694, -25.9338505], [32.5213576, -25.9343748], [32.521344, -25.934519], [32.5211702, -25.9348245], [32.521124, -25.9348875], [32.5210931, -25.9349744], [32.5211123, -25.9350791], [32.5212165, -25.9352513], [32.521386, -25.9354691], [32.5215276, -25.9355783], [32.5216452, -25.9356498], [32.5217499, -25.9356935], [32.5218743, -25.9357295], [32.5220513, -25.9357241], [32.5221517, -25.9357304], [32.5222411, -25.9357643], [32.5224284, -25.9359388], [32.5225587, -25.9361051], [32.5226305, -25.9361903], [32.5227895, -25.9363054], [32.5229856, -25.9364403], [32.5231336, -25.9365613], [32.5232142, -25.936609], [32.5233101, -25.9366962], [32.5236501, -25.9368613], [32.5237394, -25.9369307], [32.5237786, -25.9369782], [32.5237913, -25.9370652], [32.5237735, -25.9371639], [32.5237882, -25.9373002], [32.5238271, -25.9373991], [32.5238859, -25.9374546], [32.5239404, -25.9374904], [32.5239971, -25.9374985], [32.5241807, -25.9374991], [32.524292, -25.9375191], [32.5243835, -25.9375807], [32.5244456, -25.9376678], [32.5248945, -25.9380759], [32.5249853, -25.9393504], [32.5248945, -25.9402163], [32.5248581, -25.9406901], [32.5245311, -25.943435], [32.5146834, -25.9466699], [32.5088692, -25.9525514], [32.5067434, -25.9563741], [32.5082515, -25.9597557], [32.5084695, -25.9601315], [32.5093978, -25.9617256], [32.5068541, -25.962505], [32.5031098, -25.9636522], [32.4983559, -25.9650064], [32.4930558, -25.9664532], [32.4868116, -25.9698678], [32.4867424, -25.970002], [32.483829, -25.9756549], [32.4801168, -25.9831392], [32.4790869, -25.9879999], [32.4812326, -25.9922432], [32.4883385, -26.001011], [32.4884853, -26.0011921], [32.4901161, -26.0083855], [32.4931631, -26.0165234], [32.4938498, -26.0211706], [32.4937639, -26.0246414], [32.4927769, -26.0296931], [32.4880991, -26.036345], [32.4838076, -26.0424759], [32.479516, -26.0500137], [32.4734864, -26.055103], [32.4645815, -26.0575125], [32.4538526, -26.0547174], [32.4534455, -26.054654], [32.4456344, -26.0547174]]]]}}, {"type": "Feature", "properties": {"name": "Distrito Municipal de KaTembe", "code": "katembe"}, "geometry": {"type": "MultiPolygon", "coordinates": [[[[32.4403997, -26.0598124], [32.4399695, -26.0660518], [32.441114, -26.0703425], [32.4452748, -26.0756465], [32.4477821, -26.0796122], [32.4504166, -26.0879021], [32.4512317, -26.0900247], [32.47481, -26.0810787], [32.4794831, -26.0791509], [32.4798088, -26.0790997], [32.4812341, -26.0785029], [32.48161, -26.0782913], [32.4819392, -26.078199], [32.4820277, -26.0780888], [32.4824456, -26.0779479], [32.4844814, -26.0771146], [32.4851535, -26.0769019], [32.4855074, -26.0767162], [32.4859221, -26.0765692], [32.4876879, -26.0758381], [32.488032, -26.0758069], [32.4919783, -26.07413], [32.4923145, -26.0739876], [32.4928584, -26.0738097], [32.4932903, -26.0736565], [32.4946075, -26.073109], [32.4954202, -26.0728371], [32.4961243, -26.0725515], [32.4965948, -26.0723568], [32.4972983, -26.0720479], [32.497656, -26.0719116], [32.500207, -26.0708948], [32.5012601, -26.0705049], [32.5018755, -26.0702296], [32.5025203, -26.0700025], [32.5027808, -26.06987], [32.5036037, -26.0695455], [32.504112, -26.0693358], [32.5045616, -26.069172], [32.5050705, -26.0689443], [32.5058769, -26.0685929], [32.5072369, -26.068079], [32.5075466, -26.067932], [32.5079636, -26.0677966], [32.5098099, -26.0670879], [32.5107266, -26.0666911], [32.5115648, -26.0663847], [32.5125698, -26.0659705], [32.5147011, -26.0651431], [32.5157577, -26.0650462], [32.5163242, -26.0650309], [32.5183113, -26.0649077], [32.5188133, -26.0649048], [32.5196091, -26.0648366], [32.5243083, -26.0645163], [32.5244543, -26.0645376], [32.5244654, -26.0645373], [32.5247795, -26.0645281], [32.52496, -26.0644933], [32.5250501, -26.0645042], [32.5257361, -26.0644475], [32.5260944, -26.0644487], [32.5268022, -26.0643846], [32.5272633, -26.0643617], [32.5273778, -26.0643515], [32.5274914, -26.0643356], [32.527604, -26.0643142], [32.527715, -26.0642872], [32.5278243, -26.0642548], [32.5283093, -26.0640597], [32.5288987, -26.0637938], [32.5301278, -26.0633091], [32.5312765, -26.062796], [32.5318038, -26.0625814], [32.5324226, -26.0622824], [32.5326369, -26.0622096], [32.5329856, -26.0620574], [32.5333964, -26.0619727], [32.5335877, -26.0619532], [32.5340372, -26.0619233], [32.5349755, -26.0618803], [32.5353741, -26.0618439], [32.5356279, -26.0618341], [32.5362498, -26.0618101], [32.5372848, -26.061734], [32.5376609, -26.0617236], [32.5381916, -26.0616834], [32.5383307, -26.0616546], [32.5393809, -26.0616039], [32.5394869, -26.061583], [32.5400498, -26.0615659], [32.5405612, -26.061535], [32.5420761, -26.0614435], [32.5424133, -26.0614061], [32.5427724, -26.0613926], [32.5433332, -26.0613399], [32.5439471, -26.0613189], [32.5449057, -26.061248], [32.5453396, -26.0612417], [32.5467669, -26.0611583], [32.5468781, -26.0611356], [32.5482938, -26.0610668], [32.548627, -26.0610369], [32.5528795, -26.0607733], [32.5531519, -26.0607863], [32.5534645, -26.0607374], [32.5537077, -26.0607531], [32.5538645, -26.0607354], [32.5540481, -26.0607315], [32.5542707, -26.0607809], [32.554738, -26.0608287], [32.5550147, -26.060823], [32.5553824, -26.0606848], [32.555456, -26.0606297], [32.5557768, -26.0606241], [32.5582303, -26.0604874], [32.5583223, -26.0604784], [32.5584149, -26.0604757], [32.5585074, -26.0604792], [32.5585994, -26.0604889], [32.5593288, -26.0606129], [32.5595489, -26.0606821], [32.5598866, -26.0607163], [32.5601361, -26.0607679], [32.5603857, -26.0607775], [32.5607502, -26.0608626], [32.5623274, -26.0610978], [32.562639, -26.0611271], [32.5628542, -26.0611786], [32.5631699, -26.0612215], [32.5634267, -26.0612776], [32.5636567, -26.0613048], [32.5639773, -26.0613257], [32.5642197, -26.061322], [32.5646661, -26.0612822], [32.5648686, -26.0612819], [32.5651429, -26.0612363], [32.5653855, -26.0611752], [32.5656012, -26.061094], [32.5658126, -26.0610518], [32.5658538, -26.0610421], [32.5661107, -26.0610159], [32.5663973, -26.0609482], [32.5673122, -26.0608043], [32.5674702, -26.0607591], [32.5676025, -26.060744], [32.5678965, -26.0606697], [32.5681953, -26.060622], [32.5687698, -26.0604933], [32.5689794, -26.0604253], [32.5691974, -26.0603862], [32.5695639, -26.0602974], [32.5696571, -26.0602897], [32.5698056, -26.0602493], [32.5699322, -26.0602313], [32.5703085, -26.0601223], [32.570442, -26.0600635], [32.5707501, -26.0599572], [32.5709646, -26.0598337], [32.571586, -26.0595631], [32.5717546, -26.0595031], [32.5721101, -26.0593449], [32.5721865, -26.0593207], [32.5722645, -26.0593012], [32.5723438, -26.0592864], [32.574104, -26.0590333], [32.5746421, -26.0589855], [32.5760569, -26.0588061], [32.5769408, -26.0586673], [32.5772677, -26.0586384], [32.5784348, -26.0584624], [32.579223, -26.0583843], [32.5794292, -26.0583387], [32.5796944, -26.0583062], [32.5802029, -26.0582234], [32.5806376, -26.0581759], [32.58155, -26.0580461], [32.5819762, -26.0580091], [32.5825463, -26.0579216], [32.5827007, -26.057918], [32.5840457, -26.0577379], [32.5844766, -26.0576637], [32.5855142, -26.05751], [32.5868316, -26.0573477], [32.5874609, -26.0572487], [32.5889159, -26.0570547], [32.5891999, -26.0569965], [32.58947, -26.0569773], [32.5902216, -26.0568619], [32.5909118, -26.0567729], [32.5923923, -26.0565499], [32.5926213, -26.0565361], [32.5927933, -26.0564855], [32.5934173, -26.0563631], [32.5940217, -26.0562251], [32.5956173, -26.0559109], [32.595869, -26.0558777], [32.5965397, -26.055731], [32.5966674, -26.0557203], [32.596837, -26.0556676], [32.5976635, -26.0554866], [32.5977952, -26.0554219], [32.5981305, -26.0553916], [32.5987059, -26.0553047], [32.5988564, -26.0552541], [32.5990037, -26.055239], [32.599269, -26.0551776], [32.6003554, -26.054957], [32.600578, -26.0548806], [32.6006867, -26.0548268], [32.6007481, -26.0548181], [32.6010254, -26.0548295], [32.6011238, -26.0547881], [32.6012982, -26.0547697], [32.6014902, -26.0547217], [32.6015777, -26.0546681], [32.6016843, -26.0546195], [32.601789, -26.0546198], [32.6025121, -26.0545347], [32.6026263, -26.0545011], [32.6031077, -26.0544022], [32.6034362, -26.0543117], [32.6035726, -26.0542553], [32.6036958, -26.0542344], [32.6040061, -26.0542299], [32.6041516, -26.0541883], [32.6042879, -26.0541721], [32.6044583, -26.0541253], [32.6045501, -26.0540759], [32.6047282, -26.0540574], [32.6048935, -26.0539727], [32.6049695, -26.0539564], [32.605027, -26.0539873], [32.6051604, -26.0539952], [32.606041, -26.0538218], [32.6061041, -26.0537844], [32.6065528, -26.0537256], [32.6067226, -26.0536702], [32.6067986, -26.0536704], [32.608412, -26.0533157], [32.6084917, -26.0532752], [32.6086227, -26.0532755], [32.608827, -26.0532572], [32.6096779, -26.0531058], [32.6098517, -26.0530565], [32.6099722, -26.053045], [32.6103641, -26.05294], [32.6105489, -26.0529117], [32.6112208, -26.0527511], [32.6113377, -26.0527411], [32.6116449, -26.0526842], [32.6120255, -26.0526806], [32.6121159, -26.0526486], [32.6124484, -26.0526637], [32.6131723, -26.0526348], [32.6134909, -26.0526452], [32.6138759, -26.0526225], [32.6140934, -26.0525853], [32.6142977, -26.0525693], [32.6144157, -26.0525388], [32.6145402, -26.0524305], [32.6147068, -26.0523623], [32.6148546, -26.0521996], [32.6150403, -26.0517838], [32.615232, -26.0516253], [32.6157417, -26.0513142], [32.6157099, -26.0512648], [32.6154685, -26.0508937], [32.6152191, -26.0505154], [32.614696, -26.0497419], [32.6142347, -26.0490623], [32.613827, -26.0483635], [32.6134676, -26.0478382], [32.6131055, -26.0473249], [32.6126361, -26.0466333], [32.6123652, -26.0462429], [32.6119494, -26.0456549], [32.611649, -26.0451826], [32.611405, -26.0447873], [32.6111957, -26.044421], [32.610898, -26.0438716], [32.6107129, -26.0434933], [32.6105025, -26.0431218], [32.6102827, -26.0426975], [32.6100873, -26.0423282], [32.6098546, -26.0418762], [32.6094684, -26.0411388], [32.6090634, -26.0404713], [32.608744, -26.0399253], [32.6085731, -26.03964], [32.6083736, -26.0391939], [32.6082922, -26.0389488], [32.6081823, -26.0386014], [32.607991, -26.0380637], [32.6078526, -26.037698], [32.6077834, -26.0373981], [32.6077111, -26.0369315], [32.6075686, -26.0364859], [32.6072583, -26.0358489], [32.6069403, -26.0351376], [32.60648, -26.0343076], [32.6062144, -26.0337633], [32.606085, -26.0333449], [32.6058988, -26.0329394], [32.605767, -26.0325947], [32.6056505, -26.0321548], [32.605561, -26.0319598], [32.6051325, -26.031501], [32.6048866, -26.0311267], [32.604639, -26.0308228], [32.6045108, -26.0306761], [32.6042508, -26.0305635], [32.6040231, -26.0304114], [32.6037774, -26.0301268], [32.603657, -26.0299109], [32.6035361, -26.0295874], [32.6033685, -26.029134], [32.6032368, -26.0289288], [32.6028852, -26.0284726], [32.6025685, -26.0280797], [32.6021941, -26.0274297], [32.6019897, -26.0270495], [32.6017223, -26.0266484], [32.6014577, -26.0263741], [32.601162, -26.0261925], [32.6007658, -26.0260559], [32.600489, -26.0260266], [32.600204, -26.0260778], [32.5997725, -26.0260449], [32.5993777, -26.0259498], [32.5990968, -26.0258547], [32.5987555, -26.0258366], [32.5982868, -26.0259205], [32.5979123, -26.0258986], [32.5975419, -26.026023], [32.5974116, -26.0260376], [32.5971343, -26.0260593], [32.5969038, -26.0262285], [32.5968164, -26.026391], [32.5966097, -26.0265494], [32.5963833, -26.026698], [32.5960873, -26.0267372], [32.5957148, -26.0267098], [32.5950515, -26.0265479], [32.5944006, -26.0263636], [32.5936138, -26.0260815], [32.5929218, -26.0258108], [32.592242, -26.0256243], [32.5917373, -26.0254706], [32.5911511, -26.0252512], [32.590777, -26.0250686], [32.5903311, -26.0248566], [32.5897191, -26.0247586], [32.5891436, -26.0247531], [32.5887012, -26.024919], [32.5885731, -26.0250418], [32.5885139, -26.0252647], [32.5884154, -26.0253933], [32.5882646, -26.0254846], [32.587948, -26.0255792], [32.5874986, -26.025543], [32.5869026, -26.0254293], [32.5862726, -26.0252567], [32.5853784, -26.0249875], [32.5845419, -26.0247268], [32.5837344, -26.024447], [32.5832399, -26.0242331], [32.582455, -26.0239219], [32.581684, -26.0235817], [32.5801539, -26.0228305], [32.5792377, -26.0223326], [32.5785639, -26.0219228], [32.5777206, -26.0213773], [32.5776311, -26.0213194], [32.5768432, -26.020758], [32.576109, -26.0201784], [32.5752406, -26.019416], [32.5745282, -26.0187998], [32.5739969, -26.0182946], [32.5736668, -26.0179512], [32.5732791, -26.0176063], [32.5727543, -26.0170585], [32.5723224, -26.016567], [32.5719395, -26.0161303], [32.5716559, -26.0157855], [32.5712567, -26.0153316], [32.570803, -26.0148217], [32.5701437, -26.0140002], [32.5695855, -26.0133028], [32.5690323, -26.0125498], [32.5685016, -26.0117809], [32.56779, -26.0107492], [32.5673795, -26.0101688], [32.5669398, -26.0094197], [32.5664454, -26.0086379], [32.5660398, -26.0079655], [32.5656213, -26.00724], [32.5650066, -26.0060858], [32.5645781, -26.0051524], [32.5642427, -26.0044557], [32.5639206, -26.0037183], [32.5636667, -26.0030906], [32.5633788, -26.0023075], [32.562921, -26.0010768], [32.5626422, -26.0001562], [32.5623155, -25.999156], [32.5621302, -25.9985473], [32.5618752, -25.9978658], [32.5615377, -25.9971318], [32.5613287, -25.9965465], [32.5612929, -25.9963263], [32.5609119, -25.9952285], [32.5605714, -25.9942508], [32.5604666, -25.9938742], [32.5604343, -25.993581], [32.5603066, -25.9932061], [32.5602351, -25.9927975], [32.5600893, -25.9918373], [32.5600536, -25.9912852], [32.5600259, -25.9905217], [32.5599587, -25.9899648], [32.5598575, -25.9878928], [32.5598872, -25.9863154], [32.5599774, -25.984553], [32.5601528, -25.9830447], [32.5603016, -25.9818853], [32.5604039, -25.9809413], [32.5604718, -25.9807341], [32.5613675, -25.9804575], [32.5613397, -25.9803976], [32.5604976, -25.980658], [32.5604797, -25.9806068], [32.5610685, -25.9804132], [32.5610938, -25.9804359], [32.561166, -25.98041], [32.5611329, -25.9803331], [32.5605262, -25.9805227], [32.560223, -25.980636], [32.5599815, -25.9806023], [32.5596766, -25.9805901], [32.5594197, -25.98055], [32.5592369, -25.9805143], [32.5588708, -25.9804037], [32.5584016, -25.9801308], [32.5581653, -25.9801249], [32.5578703, -25.9796431], [32.5576224, -25.9791346], [32.5571019, -25.9783579], [32.5569196, -25.9779748], [32.5568178, -25.9776857], [32.5566946, -25.977125], [32.5566718, -25.9769454], [32.5566772, -25.9767392], [32.5566933, -25.9764897], [32.5567442, -25.97621], [32.5567536, -25.9760556], [32.5567536, -25.9759025], [32.556763, -25.9758326], [32.5567938, -25.9758097], [32.5568971, -25.975826], [32.55693, -25.9758299], [32.5569514, -25.9758133], [32.5569796, -25.9757117], [32.5569762, -25.975697], [32.5569628, -25.9756885], [32.5568984, -25.9756722], [32.5568287, -25.9756518], [32.5567549, -25.9756192], [32.5566812, -25.9755758], [32.5565377, -25.9754745], [32.5563472, -25.9753299], [32.5549585, -25.9740633], [32.5564995, -25.9723414], [32.5502961, -25.9740914], [32.5442236, -25.9724131], [32.5407475, -25.9712364], [32.5351685, -25.9700596], [32.5258129, -25.9658155], [32.5156849, -25.9626324], [32.5093978, -25.9617256], [32.5068541, -25.962505], [32.5031098, -25.9636522], [32.4983559, -25.9650064], [32.4930558, -25.9664532], [32.4868116, -25.9698678], [32.4867424, -25.970002], [32.483829, -25.9756549], [32.4801168, -25.9831392], [32.4790869, -25.9879999], [32.4812326, -25.9922432], [32.4883385, -26.001011], [32.4884853, -26.0011921], [32.4901161, -26.0083855], [32.4931631, -26.0165234], [32.4938498, -26.0211706], [32.4937639, -26.0246414], [32.4927769, -26.0296931], [32.4880991, -26.036345], [32.4838076, -26.0424759], [32.479516, -26.0500137], [32.4734864, -26.055103], [32.4645815, -26.0575125], [32.4538526, -26.0547174], [32.4534455, -26.054654], [32.4456344, -26.0547174], [32.4404201, -26.0595173], [32.4403997, -26.0598124]]]]}}, {"type": "Feature", "properties": {"name": "Distrito Municipal de KaMavota", "code": "kamavota"}, "geometry": {"type": "MultiPolygon", "coordinates": [[[[32.5763758, -25.9252421], [32.5777685, -25.9260018], [32.5774029, -25.9266453], [32.577329, -25.9267486], [32.5773152, -25.9268379], [32.5776098, -25.9277834], [32.5777449, -25.928217], [32.57811, -25.9293889], [32.5782056, -25.9296935], [32.5782315, -25.929776], [32.5785538, -25.9308029], [32.5792088, -25.9328902], [32.5795338, -25.9329137], [32.5798619, -25.9330162], [32.5800961, -25.9331499], [32.5803112, -25.9334483], [32.5848234, -25.932209], [32.5851095, -25.9321304], [32.5854529, -25.9320336], [32.5859167, -25.9319134], [32.5868697, -25.9316515], [32.5882943, -25.9312692], [32.5886881, -25.9311639], [32.5898901, -25.9308454], [32.5904475, -25.9306938], [32.5909523, -25.9305632], [32.5912981, -25.9304683], [32.5915984, -25.9303876], [32.5917124, -25.930358], [32.591817, -25.9303274], [32.592171, -25.9302367], [32.5925249, -25.930146], [32.5925908, -25.9301305], [32.5926935, -25.9301057], [32.592895, -25.9300503], [32.5929929, -25.9300209], [32.5930259, -25.9301297], [32.5934234, -25.9300161], [32.5941015, -25.9298334], [32.596006, -25.9292925], [32.5966744, -25.9291194], [32.5970844, -25.9290124], [32.5976969, -25.9288515], [32.5978618, -25.9288103], [32.5980255, -25.9287695], [32.5986614, -25.9285949], [32.5992292, -25.928439], [32.6029879, -25.927407], [32.6053641, -25.9267985], [32.6060293, -25.9265906], [32.6060181, -25.926418], [32.6061249, -25.9262496], [32.6062568, -25.9261641], [32.6064631, -25.9261585], [32.6066218, -25.9262488], [32.6067212, -25.9263616], [32.606727, -25.9265024], [32.6078849, -25.9260298], [32.6089973, -25.9257528], [32.6098532, -25.9255941], [32.6100414, -25.9257042], [32.6111928, -25.9253787], [32.6129593, -25.9249177], [32.6147516, -25.9244375], [32.6168442, -25.9250245], [32.6181781, -25.9250463], [32.6188898, -25.925058], [32.6267017, -25.9296504], [32.6287962, -25.9307524], [32.6293415, -25.9309853], [32.6297037, -25.9311779], [32.6308186, -25.9324899], [32.6311857, -25.9328726], [32.631387, -25.9325587], [32.6317856, -25.9321032], [32.6320065, -25.931768], [32.6321842, -25.931537], [32.6336876, -25.930089], [32.6345246, -25.9291105], [32.6359008, -25.927502], [32.635886, -25.9274677], [32.6363033, -25.9270161], [32.6363968, -25.9269651], [32.6366769, -25.9267046], [32.6369823, -25.92636], [32.6373028, -25.9260715], [32.637593, -25.9258107], [32.6378522, -25.9255837], [32.6381769, -25.925292], [32.6385601, -25.9249961], [32.6387741, -25.9247462], [32.6393428, -25.9242506], [32.6397, -25.923916], [32.6401312, -25.9235346], [32.6406654, -25.9229926], [32.640948, -25.9227756], [32.6412405, -25.9224615], [32.6420425, -25.9218526], [32.6426636, -25.9213608], [32.643297, -25.9206765], [32.6435989, -25.9204865], [32.6438299, -25.9202482], [32.6440079, -25.9200125], [32.644111, -25.9197045], [32.6445452, -25.9192516], [32.6450042, -25.9187536], [32.6453633, -25.9183159], [32.6457604, -25.9179281], [32.646134, -25.9175924], [32.646616, -25.9168967], [32.6469833, -25.9164167], [32.6471427, -25.9160971], [32.6471036, -25.9159557], [32.6473874, -25.9155895], [32.6475349, -25.9154145], [32.6475294, -25.9153096], [32.6477998, -25.9148798], [32.6480004, -25.9146694], [32.6481309, -25.9146019], [32.6482749, -25.9145587], [32.6483192, -25.9145034], [32.6483561, -25.9143971], [32.6484753, -25.9142492], [32.6488387, -25.9139976], [32.6492705, -25.9137909], [32.6497074, -25.9136437], [32.6501321, -25.9134636], [32.6504081, -25.9133205], [32.6506069, -25.9126211], [32.6506892, -25.9124538], [32.6508504, -25.9123234], [32.6513607, -25.9118836], [32.6517152, -25.9115118], [32.652231, -25.9112197], [32.6525281, -25.911135], [32.6526495, -25.9110641], [32.6526823, -25.910668], [32.6530092, -25.9104807], [32.6531841, -25.9102248], [32.6532579, -25.9098911], [32.6534321, -25.9097887], [32.6536564, -25.9097069], [32.6541096, -25.9097732], [32.6543767, -25.9097188], [32.6545982, -25.9094934], [32.6547087, -25.9092671], [32.6547806, -25.9089697], [32.6550449, -25.9085841], [32.6552967, -25.9083761], [32.6556177, -25.9081927], [32.6557186, -25.9080414], [32.6560959, -25.9077569], [32.6561201, -25.9074116], [32.6556656, -25.9070278], [32.655867, -25.906778], [32.6562196, -25.9064447], [32.6564494, -25.9062645], [32.6566638, -25.9060478], [32.657144, -25.9056492], [32.6577585, -25.9052414], [32.6581086, -25.9049056], [32.6588856, -25.9042058], [32.6595149, -25.9038149], [32.6601563, -25.9033958], [32.660775, -25.9029519], [32.6613624, -25.9026712], [32.6617984, -25.9024371], [32.6620446, -25.9023041], [32.6622679, -25.9021348], [32.6625774, -25.9018763], [32.6628524, -25.9015945], [32.663071, -25.9013518], [32.6633096, -25.9009965], [32.6634767, -25.900691], [32.6635722, -25.900353], [32.6636373, -25.9001971], [32.6637442, -25.9001103], [32.664058, -25.9000079], [32.6646678, -25.8998525], [32.6648371, -25.8997819], [32.6650224, -25.8996898], [32.6651692, -25.8995694], [32.6653236, -25.8993198], [32.6653343, -25.8990934], [32.6652778, -25.8989066], [32.6651235, -25.8986263], [32.6650703, -25.8983738], [32.6650351, -25.8983231], [32.6650072, -25.8982794], [32.6649955, -25.8982335], [32.6649928, -25.8981937], [32.6650035, -25.8981418], [32.6652476, -25.8978668], [32.6653227, -25.8977908], [32.6654515, -25.8976798], [32.6655668, -25.897617], [32.6657076, -25.8975893], [32.6660791, -25.8976858], [32.6663111, -25.8977099], [32.666527, -25.8976484], [32.6666947, -25.8975507], [32.6667939, -25.8974156], [32.6668489, -25.8972141], [32.6668315, -25.8970223], [32.6668046, -25.8968558], [32.6668382, -25.896676], [32.6669522, -25.8965083], [32.6671359, -25.896366], [32.6673572, -25.8962731], [32.6677528, -25.8962224], [32.668253, -25.8961476], [32.6690201, -25.8960137], [32.6693206, -25.8959111], [32.6695526, -25.8957869], [32.669743, -25.8956059], [32.6700863, -25.8952005], [32.6701601, -25.8950859], [32.6701695, -25.8949713], [32.6701346, -25.8946842], [32.6701426, -25.894537], [32.6701936, -25.8943874], [32.6707676, -25.893304], [32.6707998, -25.8931037], [32.6707596, -25.8929372], [32.6705933, -25.8926018], [32.6704967, -25.8923412], [32.6703599, -25.891808], [32.6703197, -25.8915932], [32.6703089, -25.8914569], [32.6703586, -25.8912964], [32.6704296, -25.8911323], [32.6704591, -25.8909731], [32.670443, -25.8907438], [32.6702633, -25.8901985], [32.6702794, -25.8899934], [32.6703304, -25.8898028], [32.6704672, -25.8895977], [32.6707274, -25.8893877], [32.6719773, -25.888256], [32.6724306, -25.8878482], [32.6727337, -25.8876117], [32.6729402, -25.8874669], [32.6731172, -25.8873632], [32.6732245, -25.8873463], [32.6733372, -25.8873801], [32.6735142, -25.8874887], [32.6736376, -25.8875683], [32.6737341, -25.8876093], [32.673836, -25.8876286], [32.6739219, -25.8876093], [32.6740064, -25.8875418], [32.6743162, -25.8871267], [32.6744422, -25.8869397], [32.6745388, -25.8868154], [32.6746809, -25.8867117], [32.6750444, -25.8864885], [32.675149, -25.8863907], [32.6752106, -25.8863002], [32.6752442, -25.8862097], [32.6752482, -25.8861482], [32.6752429, -25.8860818], [32.6752388, -25.8859853], [32.6752388, -25.885931], [32.6752549, -25.8858116], [32.6753381, -25.8856258], [32.6754333, -25.8855739], [32.6755245, -25.8855618], [32.6756157, -25.8856053], [32.6757297, -25.8857018], [32.675835, -25.8857929], [32.6759872, -25.8859226], [32.6760998, -25.8860312], [32.6761588, -25.8861422], [32.6761776, -25.8862894], [32.6760998, -25.8865886], [32.6760891, -25.8867274], [32.6761246, -25.8868046], [32.6762313, -25.8868842], [32.6763949, -25.8869445], [32.6766551, -25.8869843], [32.6769447, -25.8869759], [32.677339, -25.8869095], [32.6776823, -25.8868202], [32.6780578, -25.8866996], [32.6783153, -25.8865717], [32.678538, -25.8864124], [32.6786774, -25.8863099], [32.6788236, -25.8861941], [32.6790288, -25.8860529], [32.6792179, -25.8859202], [32.6793949, -25.885843], [32.6795988, -25.8857899], [32.6799354, -25.8857271], [32.680205, -25.8856596], [32.680386, -25.885592], [32.6805644, -25.8855015], [32.6806864, -25.8854424], [32.6808634, -25.8853881], [32.681133, -25.8853181], [32.6814656, -25.8852445], [32.681774, -25.8852095], [32.6822984, -25.8851552], [32.6825559, -25.8850828], [32.6827812, -25.8849236], [32.6829422, -25.8847281], [32.6833123, -25.8842406], [32.6837388, -25.8836832], [32.6839708, -25.8832838], [32.6841465, -25.8828434], [32.6842806, -25.8823922], [32.6843208, -25.8822088], [32.6843664, -25.8820399], [32.6844469, -25.8818372], [32.6845944, -25.881591], [32.6846708, -25.8814975], [32.6848204, -25.881302], [32.6849096, -25.8812212], [32.685053, -25.8811277], [32.6852328, -25.8810263], [32.68534, -25.8809793], [32.6868756, -25.8807886], [32.6869453, -25.8808115], [32.6870365, -25.8808393], [32.6871599, -25.8808683], [32.6873222, -25.880902], [32.6875073, -25.8809274], [32.687809, -25.8809431], [32.6880974, -25.8809467], [32.6882288, -25.8809527], [32.6883347, -25.8809624], [32.6884031, -25.8809901], [32.688489, -25.8810722], [32.6885962, -25.8812314], [32.6887169, -25.881363], [32.6887947, -25.8814245], [32.6889168, -25.8814498], [32.689016, -25.8814148], [32.6891555, -25.881305], [32.6892453, -25.8812073], [32.6893144, -25.8811096], [32.6894096, -25.8808821], [32.689523, -25.8806547], [32.6897389, -25.8802203], [32.689814, -25.8800695], [32.6898582, -25.8799886], [32.6901184, -25.8796592], [32.690227, -25.8795012], [32.6902767, -25.8794312], [32.6903169, -25.8793757], [32.6903624, -25.8793431], [32.6904295, -25.8793105], [32.6905274, -25.8792912], [32.6906441, -25.8792755], [32.6907715, -25.8792671], [32.6908909, -25.8792538], [32.6910733, -25.8792381], [32.6912905, -25.8792381], [32.6914582, -25.8792876], [32.6916446, -25.87943], [32.6922052, -25.8799428], [32.6923688, -25.8800466], [32.6925056, -25.8800984], [32.6926826, -25.8801033], [32.6928167, -25.8800791], [32.6929924, -25.8800067], [32.6932459, -25.8798571], [32.693321, -25.8798185], [32.6933853, -25.8798052], [32.6934698, -25.8798161], [32.693565, -25.8798318], [32.6936267, -25.879827], [32.693675, -25.8797883], [32.6937273, -25.8797135], [32.6937944, -25.8796701], [32.6938708, -25.8796436], [32.694068, -25.879623], [32.6941162, -25.8796279], [32.6941538, -25.8796508], [32.6941685, -25.8796725], [32.694198, -25.8797135], [32.6942249, -25.8797304], [32.6942664, -25.8797341], [32.694304, -25.879716], [32.6944435, -25.8795313], [32.6944931, -25.879477], [32.6945668, -25.8794203], [32.6947922, -25.8792973], [32.6949678, -25.8791802], [32.6950872, -25.8790716], [32.6952441, -25.8788665], [32.6953004, -25.8787869], [32.6953366, -25.8787084], [32.6953594, -25.8786445], [32.6953956, -25.8785709], [32.6955016, -25.8784514], [32.6957551, -25.8782403], [32.6958181, -25.878163], [32.695912, -25.8780134], [32.695975, -25.8779241], [32.6960622, -25.8778505], [32.6961292, -25.8778216], [32.6962137, -25.8778083], [32.6963465, -25.8777817], [32.696435, -25.8777468], [32.6965128, -25.8776876], [32.6966992, -25.8775392], [32.6968186, -25.8774741], [32.6969621, -25.8774366], [32.6970975, -25.8774029], [32.6972242, -25.877351], [32.6973758, -25.8772448], [32.6975682, -25.8771109], [32.6976454, -25.8770554], [32.6977097, -25.8770143], [32.6978177, -25.8769492], [32.6979283, -25.8768955], [32.6979954, -25.8768677], [32.6980812, -25.8768442], [32.6982348, -25.8768249], [32.6983823, -25.8767995], [32.6985513, -25.8767404], [32.6988611, -25.8765618], [32.6989724, -25.8764846], [32.6990595, -25.8764182], [32.6990991, -25.8763778], [32.6991333, -25.8763329], [32.6991621, -25.8763039], [32.6992205, -25.8762626], [32.699258, -25.876224], [32.6993023, -25.8761588], [32.6993338, -25.8760967], [32.6993613, -25.8760544], [32.6994109, -25.875979], [32.6995075, -25.8758656], [32.7001102, -25.8736473], [32.7009663, -25.8728974], [32.7010648, -25.8721679], [32.7007618, -25.8710908], [32.7002617, -25.8694682], [32.6997465, -25.868841], [32.6992919, -25.8678593], [32.6995646, -25.8674366], [32.6994207, -25.865814], [32.6994207, -25.8644845], [32.6989585, -25.8639595], [32.6984281, -25.8631141], [32.6985115, -25.8617437], [32.6985872, -25.8610347], [32.6981175, -25.8600801], [32.6979887, -25.8589824], [32.6980796, -25.8582188], [32.6975265, -25.8574552], [32.6882266, -25.8544884], [32.6812243, -25.8520441], [32.6787287, -25.851173], [32.6786398, -25.8511419], [32.6760755, -25.8502468], [32.6443881, -25.839185], [32.6246141, -25.8332352], [32.6241615, -25.8370283], [32.6240827, -25.8381837], [32.6239463, -25.8401813], [32.6239193, -25.8419453], [32.6238782, -25.8429996], [32.6238337, -25.8441392], [32.623833, -25.8441976], [32.623831, -25.8443803], [32.6238131, -25.8448106], [32.6237839, -25.8454673], [32.623701, -25.8461191], [32.6236225, -25.8467369], [32.6236001, -25.8469766], [32.6235722, -25.8472803], [32.6235144, -25.8485878], [32.6234618, -25.8492675], [32.6234149, -25.8498519], [32.6233826, -25.8507253], [32.6233696, -25.850935], [32.6233393, -25.851425], [32.6233242, -25.8516704], [32.6232627, -25.8523605], [32.6231998, -25.8529857], [32.6230977, -25.8533355], [32.6228704, -25.8538019], [32.6224716, -25.8544028], [32.6220514, -25.8549486], [32.621376, -25.8558259], [32.6208995, -25.8565083], [32.6208913, -25.85652], [32.6206902, -25.8567879], [32.6205656, -25.8569539], [32.6202343, -25.8573952], [32.619907, -25.8578276], [32.6196131, -25.858236], [32.6194727, -25.8584061], [32.6192859, -25.8586323], [32.6190915, -25.8588634], [32.618938, -25.8590662], [32.6186739, -25.8594147], [32.618348, -25.8598751], [32.6183107, -25.8599278], [32.6179149, -25.860465], [32.6176132, -25.8608535], [32.6175066, -25.8609937], [32.617303, -25.8612612], [32.6170935, -25.8615384], [32.6169656, -25.8617058], [32.6165501, -25.8622142], [32.6157457, -25.863281], [32.6150033, -25.8643389], [32.6146993, -25.8647361], [32.6145116, -25.8649814], [32.6143334, -25.8652143], [32.6136738, -25.8660763], [32.6129738, -25.8669912], [32.6124865, -25.8676271], [32.6121334, -25.8680894], [32.6118012, -25.8685235], [32.6112977, -25.8691814], [32.6111047, -25.8694303], [32.6108091, -25.8698199], [32.6103944, -25.8703619], [32.6097065, -25.8712551], [32.6093635, -25.8717005], [32.6089922, -25.8721827], [32.6084318, -25.8729296], [32.6078908, -25.8736507], [32.6074542, -25.8743798], [32.6070711, -25.8751084], [32.606662, -25.8758896], [32.6063953, -25.876651], [32.6062135, -25.8774188], [32.6060233, -25.8782219], [32.6058645, -25.8790265], [32.6056008, -25.8798354], [32.6053463, -25.8806161], [32.6050895, -25.8814005], [32.6050393, -25.8820391], [32.6049737, -25.8820213], [32.6049046, -25.88201], [32.6048758, -25.8820084], [32.6048335, -25.8820061], [32.6047625, -25.8820102], [32.6046925, -25.8820221], [32.6046247, -25.8820416], [32.60456, -25.8820685], [32.6044987, -25.8821029], [32.6044433, -25.8821433], [32.6043937, -25.8821896], [32.6043508, -25.8822409], [32.6043152, -25.8822967], [32.6042871, -25.8823568], [32.6042676, -25.8824188], [32.6042567, -25.8824824], [32.6042545, -25.8825468], [32.6036446, -25.8824836], [32.6026812, -25.8823752], [32.6011066, -25.8821919], [32.600314, -25.8820775], [32.59996, -25.8820131], [32.5997181, -25.8819587], [32.5993814, -25.881883], [32.5990562, -25.8818057], [32.5987741, -25.8817301], [32.59844, -25.8816218], [32.5980557, -25.8814906], [32.5972422, -25.8811851], [32.5968642, -25.8810487], [32.5965136, -25.8826144], [32.5960803, -25.8844404], [32.5981506, -25.8847054], [32.5961065, -25.8880185], [32.5945977, -25.8905046], [32.5912824, -25.8959668], [32.5905512, -25.8971279], [32.5875126, -25.9021814], [32.5870474, -25.9028757], [32.5879662, -25.9101512], [32.5850247, -25.9147543], [32.5853849, -25.9160519], [32.5863501, -25.918958], [32.5870125, -25.9210719], [32.5866473, -25.9216741], [32.5847349, -25.9218039], [32.5821539, -25.921979], [32.5796194, -25.9235917], [32.5772763, -25.9237095], [32.5763758, -25.9252421]]]]}}, {"type": "Feature", "properties": {"name": "Distrito Municipal de KaMaxakeni", "code": "kamaxakeni"}, "geometry": {"type": "MultiPolygon", "coordinates": [[[[32.5660631, -25.9563221], [32.5660675, -25.9564405], [32.5661241, -25.9565658], [32.5662142, -25.9566134], [32.5663092, -25.956627], [32.5664154, -25.9566115], [32.5664977, -25.9565742], [32.5665646, -25.9565093], [32.5666338, -25.9565163], [32.5666353, -25.9565165], [32.5667212, -25.9565253], [32.5667213, -25.9565253], [32.5679739, -25.9563747], [32.5682325, -25.9563546], [32.5683038, -25.956349], [32.5687789, -25.9563119], [32.5687926, -25.9563108], [32.5687928, -25.9563108], [32.5700978, -25.9562058], [32.5700979, -25.9562058], [32.5704988, -25.9562036], [32.5704989, -25.9562036], [32.5712499, -25.9562305], [32.5713358, -25.9562317], [32.5717878, -25.9562479], [32.571788, -25.9562479], [32.5721759, -25.956276], [32.5728196, -25.9563573], [32.573429, -25.9564562], [32.5735139, -25.9564664], [32.5739354, -25.9565426], [32.5745992, -25.956649], [32.5751743, -25.9567528], [32.5756406, -25.9568311], [32.5757648, -25.9567278], [32.5758038, -25.9567411], [32.5758343, -25.9567623], [32.5758472, -25.9567738], [32.5764699, -25.9553492], [32.5766492, -25.9548562], [32.5768562, -25.9541516], [32.5776518, -25.9511669], [32.5778458, -25.9504731], [32.5782623, -25.948939], [32.5784259, -25.9482687], [32.5785467, -25.9477243], [32.5786352, -25.947185], [32.5799255, -25.9479822], [32.5815667, -25.9488328], [32.5820662, -25.9491061], [32.5840683, -25.9502242], [32.5848852, -25.9506782], [32.5872097, -25.9519112], [32.5886063, -25.9526778], [32.5886347, -25.9526351], [32.5886669, -25.9526038], [32.5887119, -25.952575], [32.5887553, -25.9525581], [32.5888015, -25.9525489], [32.5888566, -25.9525485], [32.5889029, -25.9525569], [32.5889094, -25.9525594], [32.5889536, -25.9525766], [32.5901021, -25.950962], [32.5907518, -25.9500216], [32.5911765, -25.9493858], [32.591281, -25.9494822], [32.5920177, -25.9487257], [32.5922938, -25.9484946], [32.592718, -25.948118], [32.5931747, -25.9477465], [32.5934886, -25.947564], [32.5947484, -25.9469748], [32.5953788, -25.9466782], [32.5959828, -25.9464369], [32.5969746, -25.9460314], [32.5975164, -25.9458843], [32.5980415, -25.9457777], [32.598186, -25.9457937], [32.5984042, -25.9458243], [32.5986054, -25.9459493], [32.5992148, -25.9464416], [32.5993394, -25.9465313], [32.5994479, -25.9466233], [32.6001437, -25.9471313], [32.6004872, -25.94742], [32.6006149, -25.9475223], [32.6008402, -25.9477011], [32.6022563, -25.9488202], [32.6023411, -25.9489226], [32.6043046, -25.9503198], [32.6060016, -25.9515213], [32.6061311, -25.9510795], [32.6063206, -25.9501001], [32.6064296, -25.949537], [32.6067139, -25.9480675], [32.6069404, -25.9468968], [32.6069567, -25.9468398], [32.6070309, -25.9465553], [32.6071816, -25.9459843], [32.607351, -25.9453547], [32.6074282, -25.9451184], [32.6075777, -25.9448453], [32.6077747, -25.9446539], [32.6081746, -25.9444402], [32.6083794, -25.9443761], [32.6086031, -25.9443385], [32.60908, -25.944305], [32.6095859, -25.9443181], [32.6114124, -25.9446122], [32.6116238, -25.9446176], [32.6120127, -25.9446374], [32.612477, -25.9447625], [32.6129114, -25.945018], [32.6132425, -25.9453028], [32.6138536, -25.9458284], [32.6143111, -25.9461975], [32.6147747, -25.9465795], [32.6151498, -25.9469071], [32.6167977, -25.9484299], [32.617402, -25.948712], [32.6173883, -25.9486922], [32.6173848, -25.9486234], [32.6174159, -25.9485608], [32.6174558, -25.9484806], [32.6175367, -25.9483706], [32.6176293, -25.948255], [32.617997, -25.9478884], [32.6181488, -25.947763], [32.6181991, -25.9477165], [32.6182706, -25.9476504], [32.6189578, -25.9470147], [32.6192886, -25.9466907], [32.6197098, -25.9461636], [32.6199447, -25.9459542], [32.6204493, -25.9455454], [32.6206843, -25.9453732], [32.620983, -25.9451624], [32.6213652, -25.944837], [32.6219058, -25.944355], [32.6221427, -25.9441659], [32.6221688, -25.9441017], [32.6221375, -25.9440328], [32.6221688, -25.9439107], [32.6226519, -25.9434085], [32.6228287, -25.9433488], [32.6229424, -25.9432761], [32.6230544, -25.9431555], [32.6230656, -25.9429937], [32.6235384, -25.9424832], [32.6238415, -25.9421856], [32.6242403, -25.941688], [32.6246029, -25.9411799], [32.6248931, -25.940791], [32.6252142, -25.9404179], [32.6254775, -25.9400091], [32.6257125, -25.9397364], [32.6260468, -25.9392544], [32.6263084, -25.93895], [32.6266492, -25.9385365], [32.6269171, -25.9383088], [32.627012, -25.9381887], [32.6270861, -25.9379581], [32.6273984, -25.9375218], [32.6277518, -25.9369892], [32.6281269, -25.9364305], [32.628452, -25.9360731], [32.628858, -25.9356932], [32.6292191, -25.9352862], [32.6298387, -25.9345942], [32.63064, -25.9337044], [32.6310075, -25.9331505], [32.6311857, -25.9328726], [32.6308186, -25.9324899], [32.6297037, -25.9311779], [32.6293415, -25.9309853], [32.6287962, -25.9307524], [32.6267017, -25.9296504], [32.6188898, -25.925058], [32.6181781, -25.9250463], [32.6168442, -25.9250245], [32.6147516, -25.9244375], [32.6129593, -25.9249177], [32.6111928, -25.9253787], [32.6100414, -25.9257042], [32.6098532, -25.9255941], [32.6089973, -25.9257528], [32.6078849, -25.9260298], [32.606727, -25.9265024], [32.6067212, -25.9263616], [32.6066218, -25.9262488], [32.6064631, -25.9261585], [32.6062568, -25.9261641], [32.6061249, -25.9262496], [32.6060181, -25.926418], [32.6060293, -25.9265906], [32.6053641, -25.9267985], [32.6029879, -25.927407], [32.5992292, -25.928439], [32.5986614, -25.9285949], [32.5980255, -25.9287695], [32.5978618, -25.9288103], [32.5976969, -25.9288515], [32.5970844, -25.9290124], [32.5966744, -25.9291194], [32.596006, -25.9292925], [32.5941015, -25.9298334], [32.5934234, -25.9300161], [32.5930259, -25.9301297], [32.5929929, -25.9300209], [32.592895, -25.9300503], [32.5926935, -25.9301057], [32.5925908, -25.9301305], [32.5925249, -25.930146], [32.592171, -25.9302367], [32.591817, -25.9303274], [32.5917124, -25.930358], [32.5915984, -25.9303876], [32.5912981, -25.9304683], [32.5909523, -25.9305632], [32.5904475, -25.9306938], [32.5898901, -25.9308454], [32.5886881, -25.9311639], [32.5882943, -25.9312692], [32.5868697, -25.9316515], [32.5859167, -25.9319134], [32.5854529, -25.9320336], [32.5851095, -25.9321304], [32.5848234, -25.932209], [32.5803112, -25.9334483], [32.5800961, -25.9331499], [32.5798619, -25.9330162], [32.5795338, -25.9329137], [32.5792088, -25.9328902], [32.5785538, -25.9308029], [32.5782315, -25.929776], [32.5782056, -25.9296935], [32.57811, -25.9293889], [32.5777449, -25.928217], [32.5776098, -25.9277834], [32.5773152, -25.9268379], [32.577329, -25.9267486], [32.5774029, -25.9266453], [32.5777685, -25.9260018], [32.5763758, -25.9252421], [32.5757816, -25.9261963], [32.5750618, -25.9273296], [32.575059, -25.927334], [32.5742681, -25.928579], [32.5740395, -25.9294911], [32.5740061, -25.9297471], [32.5740565, -25.9299566], [32.5740517, -25.9300469], [32.5741922, -25.9305046], [32.5748318, -25.9324981], [32.5753851, -25.9342209], [32.57546, -25.9344462], [32.5755004, -25.9346273], [32.5755438, -25.9348674], [32.5755456, -25.935134], [32.5754362, -25.9357568], [32.5747499, -25.9394203], [32.5746267, -25.9401085], [32.574353, -25.9415794], [32.5742433, -25.9418713], [32.5740852, -25.9422139], [32.5733705, -25.943524], [32.5733132, -25.9436447], [32.5731838, -25.9438342], [32.572309, -25.9453655], [32.5718317, -25.9462459], [32.5717892, -25.9463211], [32.5709477, -25.9478103], [32.570145, -25.9492315], [32.5697364, -25.9499411], [32.5687951, -25.9515761], [32.5685653, -25.9519751], [32.5682779, -25.9524744], [32.5682721, -25.9524844], [32.5672864, -25.9541966], [32.5672083, -25.9543321], [32.5663379, -25.9558437], [32.5663382, -25.9560801], [32.5662815, -25.9560894], [32.5662271, -25.9561135], [32.5661802, -25.9561473], [32.5661357, -25.9561948], [32.5660631, -25.9563221]]]]}}, {"type": "Feature", "properties": {"name": "Distrito Municipal de KaMpfumu", "code": "kampfumu"}, "geometry": {"type": "MultiPolygon", "coordinates": [[[[32.5563946, -25.9615188], [32.5593458, -25.9657092], [32.5595934, -25.9659219], [32.559956, -25.9663215], [32.5610835, -25.9669983], [32.5621533, -25.9676023], [32.5633363, -25.9683007], [32.5646428, -25.9690592], [32.5663581, -25.9700773], [32.5663552, -25.9700815], [32.5655889, -25.9710865], [32.5654891, -25.9710577], [32.5653604, -25.9710828], [32.5651852, -25.9711261], [32.5650411, -25.9712008], [32.5648905, -25.9713216], [32.5648229, -25.9714427], [32.5647937, -25.9715727], [32.5647995, -25.9717315], [32.5648342, -25.9718616], [32.5649424, -25.9719746], [32.5650269, -25.9720336], [32.5651274, -25.9720578], [32.5666895, -25.9730873], [32.567468, -25.9735763], [32.5679893, -25.9739037], [32.5686848, -25.9743217], [32.5693446, -25.9746877], [32.5695314, -25.9747912], [32.5699078, -25.9750506], [32.5713589, -25.9756306], [32.5716103, -25.9757102], [32.5722155, -25.9759018], [32.5724334, -25.9760393], [32.5725373, -25.9761048], [32.5731248, -25.9764626], [32.5728699, -25.9768314], [32.5726186, -25.9771891], [32.5731957, -25.9775316], [32.5737857, -25.9778677], [32.5740454, -25.9775542], [32.5742942, -25.977151], [32.574931, -25.9775112], [32.5745163, -25.9784948], [32.574441, -25.9786382], [32.5744729, -25.9786516], [32.5745126, -25.978666], [32.5842824, -25.9822308], [32.5843387, -25.9821031], [32.5843876, -25.9821125], [32.5844748, -25.9819247], [32.5853288, -25.9819108], [32.5853297, -25.9819476], [32.5859003, -25.9819154], [32.5866182, -25.9826849], [32.5865911, -25.9828166], [32.5866725, -25.982857], [32.5866296, -25.9829685], [32.586528, -25.9829391], [32.5865124, -25.9829824], [32.5847097, -25.9826055], [32.5842446, -25.9825749], [32.5841705, -25.9825866], [32.5841826, -25.9826508], [32.584268, -25.9826293], [32.5847264, -25.9826612], [32.5852213, -25.982768], [32.5864882, -25.9830595], [32.5880127, -25.9837373], [32.5888763, -25.9840985], [32.5892214, -25.9842118], [32.5895952, -25.9842379], [32.5899684, -25.9842118], [32.5905354, -25.9840905], [32.5909593, -25.9840251], [32.5913842, -25.9839877], [32.5919773, -25.9840013], [32.5925685, -25.9840377], [32.5928108, -25.9840041], [32.5932554, -25.9838587], [32.5936012, -25.9836826], [32.59389, -25.9834466], [32.5941494, -25.9831271], [32.594469, -25.9827819], [32.5946979, -25.9824898], [32.5947989, -25.9822574], [32.5948551, -25.9818945], [32.5950304, -25.9813078], [32.5952023, -25.9808774], [32.5956134, -25.9790875], [32.5956826, -25.9785036], [32.5957878, -25.9782721], [32.5961033, -25.9774291], [32.5964167, -25.9767138], [32.5964919, -25.9764701], [32.5965582, -25.9762488], [32.5966242, -25.9760077], [32.5967736, -25.9755789], [32.5967027, -25.9754139], [32.5961911, -25.9752204], [32.5964254, -25.9748146], [32.5972599, -25.9733408], [32.5971388, -25.9732763], [32.5971324, -25.9732243], [32.5981695, -25.9717757], [32.5994721, -25.9700228], [32.5999094, -25.9693669], [32.6020296, -25.9660843], [32.6019781, -25.9658804], [32.6020092, -25.965749], [32.6020892, -25.9655376], [32.6022147, -25.9653793], [32.6023751, -25.9651463], [32.6024511, -25.9649367], [32.6025625, -25.9647312], [32.6028848, -25.9642162], [32.6032628, -25.9635211], [32.6035124, -25.9631253], [32.6037189, -25.9628357], [32.6038987, -25.9624886], [32.6043509, -25.9620001], [32.6048306, -25.9616964], [32.6050146, -25.961533], [32.6050454, -25.9614908], [32.6050567, -25.9614261], [32.6050325, -25.9613404], [32.6050003, -25.9612261], [32.6049261, -25.961105], [32.6049167, -25.9610664], [32.604918, -25.9610121], [32.6049341, -25.9609506], [32.605079, -25.9606335], [32.605218, -25.960327], [32.6054247, -25.9600016], [32.6057817, -25.9595169], [32.6061244, -25.9591494], [32.6064783, -25.9588203], [32.6068759, -25.9584625], [32.6071154, -25.9583168], [32.6071834, -25.958275], [32.6072527, -25.9582249], [32.6073221, -25.958176], [32.6075348, -25.9578235], [32.6075693, -25.957669], [32.6078113, -25.9573324], [32.6080322, -25.9570826], [32.6086061, -25.956572], [32.6088338, -25.9562745], [32.6092293, -25.9559459], [32.6098423, -25.9555126], [32.6104833, -25.9552294], [32.6105341, -25.955199], [32.6106142, -25.955151], [32.6109858, -25.9545616], [32.6111397, -25.9544004], [32.6117423, -25.9537392], [32.6120124, -25.9534289], [32.6123014, -25.9531379], [32.6125732, -25.952846], [32.6127005, -25.9527462], [32.6127917, -25.9526542], [32.6128456, -25.9526025], [32.6128739, -25.952545], [32.612935, -25.952487], [32.6130439, -25.9524013], [32.6131695, -25.9522975], [32.6132731, -25.9522124], [32.6134145, -25.9520646], [32.613508, -25.9519872], [32.6136271, -25.9518934], [32.6137521, -25.95181], [32.6138459, -25.9517305], [32.613957, -25.951657], [32.6140605, -25.9515713], [32.6141624, -25.9515037], [32.6142605, -25.9514253], [32.6144322, -25.9513047], [32.6145422, -25.9512251], [32.6146296, -25.9511538], [32.6147396, -25.9510477], [32.6148238, -25.9509646], [32.6149447, -25.9508627], [32.6150579, -25.9507666], [32.6151605, -25.9506811], [32.6152563, -25.9506038], [32.6153935, -25.9505153], [32.6155058, -25.9504408], [32.6156381, -25.9503194], [32.6157605, -25.9502111], [32.6159293, -25.9500913], [32.6160498, -25.949984], [32.6161618, -25.9498965], [32.6162383, -25.9498263], [32.6162983, -25.9497731], [32.6164305, -25.94968], [32.61652, -25.9496367], [32.6166252, -25.9495861], [32.6167269, -25.9495398], [32.6167805, -25.9495103], [32.6168248, -25.9494946], [32.6169586, -25.9496067], [32.6170373, -25.9495307], [32.6168393, -25.949365], [32.6168322, -25.9493276], [32.6168805, -25.9492625], [32.6169475, -25.9491878], [32.6170162, -25.949102], [32.6170709, -25.9490455], [32.6171128, -25.9490007], [32.6171879, -25.9489621], [32.6172372, -25.9489249], [32.6172828, -25.9488815], [32.6173633, -25.948826], [32.6174357, -25.9488019], [32.6174517, -25.9487791], [32.6174277, -25.9487489], [32.617402, -25.948712], [32.6167977, -25.9484299], [32.6151498, -25.9469071], [32.6147747, -25.9465795], [32.6143111, -25.9461975], [32.6138536, -25.9458284], [32.6132425, -25.9453028], [32.6129114, -25.945018], [32.612477, -25.9447625], [32.6120127, -25.9446374], [32.6116238, -25.9446176], [32.6114124, -25.9446122], [32.6095859, -25.9443181], [32.60908, -25.944305], [32.6086031, -25.9443385], [32.6083794, -25.9443761], [32.6081746, -25.9444402], [32.6077747, -25.9446539], [32.6075777, -25.9448453], [32.6074282, -25.9451184], [32.607351, -25.9453547], [32.6071816, -25.9459843], [32.6070309, -25.9465553], [32.6069567, -25.9468398], [32.6069404, -25.9468968], [32.6067139, -25.9480675], [32.6064296, -25.949537], [32.6063206, -25.9501001], [32.6061311, -25.9510795], [32.6060016, -25.9515213], [32.6043046, -25.9503198], [32.6023411, -25.9489226], [32.6022563, -25.9488202], [32.6008402, -25.9477011], [32.6006149, -25.9475223], [32.6004872, -25.94742], [32.6001437, -25.9471313], [32.5994479, -25.9466233], [32.5993394, -25.9465313], [32.5992148, -25.9464416], [32.5986054, -25.9459493], [32.5984042, -25.9458243], [32.598186, -25.9457937], [32.5980415, -25.9457777], [32.5975164, -25.9458843], [32.5969746, -25.9460314], [32.5959828, -25.9464369], [32.5953788, -25.9466782], [32.5947484, -25.9469748], [32.5934886, -25.947564], [32.5931747, -25.9477465], [32.592718, -25.948118], [32.5922938, -25.9484946], [32.5920177, -25.9487257], [32.591281, -25.9494822], [32.5911765, -25.9493858], [32.5907518, -25.9500216], [32.5901021, -25.950962], [32.5889536, -25.9525766], [32.5889094, -25.9525594], [32.5889029, -25.9525569], [32.5888566, -25.9525485], [32.5888015, -25.9525489], [32.5887553, -25.9525581], [32.5887119, -25.952575], [32.5886669, -25.9526038], [32.5886347, -25.9526351], [32.5886063, -25.9526778], [32.5872097, -25.9519112], [32.5848852, -25.9506782], [32.5840683, -25.9502242], [32.5820662, -25.9491061], [32.5815667, -25.9488328], [32.5799255, -25.9479822], [32.5786352, -25.947185], [32.5785467, -25.9477243], [32.5784259, -25.9482687], [32.5782623, -25.948939], [32.5778458, -25.9504731], [32.5776518, -25.9511669], [32.5768562, -25.9541516], [32.5766492, -25.9548562], [32.5764699, -25.9553492], [32.5758472, -25.9567738], [32.5758343, -25.9567623], [32.5758038, -25.9567411], [32.5757648, -25.9567278], [32.5756406, -25.9568311], [32.5751743, -25.9567528], [32.5745992, -25.956649], [32.5739354, -25.9565426], [32.5735139, -25.9564664], [32.573429, -25.9564562], [32.5728196, -25.9563573], [32.5721759, -25.956276], [32.571788, -25.9562479], [32.5717878, -25.9562479], [32.5713358, -25.9562317], [32.5712499, -25.9562305], [32.5704989, -25.9562036], [32.5704988, -25.9562036], [32.5700979, -25.9562058], [32.5700978, -25.9562058], [32.5687928, -25.9563108], [32.5687926, -25.9563108], [32.5687789, -25.9563119], [32.5683038, -25.956349], [32.5682325, -25.9563546], [32.5679739, -25.9563747], [32.5667213, -25.9565253], [32.5667212, -25.9565253], [32.5666353, -25.9565165], [32.5666338, -25.9565163], [32.5665646, -25.9565093], [32.5664977, -25.9565742], [32.5664154, -25.9566115], [32.5663092, -25.956627], [32.5662142, -25.9566134], [32.5661241, -25.9565658], [32.5660675, -25.9564405], [32.5660631, -25.9563221], [32.5656891, -25.9566943], [32.565178, -25.9568725], [32.5648321, -25.9569931], [32.5644396, -25.9570943], [32.5638432, -25.9572593], [32.5638198, -25.9572682], [32.5624919, -25.9577746], [32.5624916, -25.9577747], [32.5620463, -25.957949], [32.5614853, -25.9581687], [32.5609879, -25.9583487], [32.5602351, -25.9587612], [32.5597088, -25.9590749], [32.559285, -25.9593276], [32.5592517, -25.9593298], [32.5591062, -25.9593396], [32.5586794, -25.9597152], [32.5581021, -25.9602231], [32.5563946, -25.9615188]]]]}}, {"type": "Feature", "properties": {"name": "Distrito Municipal de KaMubukwana", "code": "kamubukwana"}, "geometry": {"type": "MultiPolygon", "coordinates": [[[[32.5221558, -25.9331053], [32.5220022, -25.9332786], [32.5218985, -25.9335133], [32.5218632, -25.933606], [32.5217863, -25.9337125], [32.521694, -25.9338505], [32.5213576, -25.9343748], [32.521344, -25.934519], [32.5211702, -25.9348245], [32.521124, -25.9348875], [32.5210931, -25.9349744], [32.5211123, -25.9350791], [32.5212165, -25.9352513], [32.521386, -25.9354691], [32.5215276, -25.9355783], [32.5216452, -25.9356498], [32.5217499, -25.9356935], [32.5218743, -25.9357295], [32.5220513, -25.9357241], [32.5221517, -25.9357304], [32.5222411, -25.9357643], [32.5224284, -25.9359388], [32.5225587, -25.9361051], [32.5226305, -25.9361903], [32.5227895, -25.9363054], [32.5229856, -25.9364403], [32.5231336, -25.9365613], [32.5232142, -25.936609], [32.5233101, -25.9366962], [32.5236501, -25.9368613], [32.5237394, -25.9369307], [32.5237786, -25.9369782], [32.5237913, -25.9370652], [32.5237735, -25.9371639], [32.5237882, -25.9373002], [32.5238271, -25.9373991], [32.5238859, -25.9374546], [32.5239404, -25.9374904], [32.5239971, -25.9374985], [32.5241807, -25.9374991], [32.524292, -25.9375191], [32.5243835, -25.9375807], [32.5244456, -25.9376678], [32.5245643, -25.9371606], [32.5245646, -25.9370895], [32.5245627, -25.9370163], [32.5245762, -25.9369157], [32.5245788, -25.9368031], [32.5245834, -25.9367577], [32.5246165, -25.936663], [32.5246629, -25.9365525], [32.5247529, -25.9364244], [32.5248298, -25.9363377], [32.5249044, -25.936257], [32.524968, -25.9361762], [32.5250404, -25.9360974], [32.5250952, -25.936066], [32.5252001, -25.9360605], [32.5252984, -25.9360548], [32.5257806, -25.9362184], [32.5287659, -25.9375654], [32.5301924, -25.9382081], [32.5301996, -25.9384944], [32.5308396, -25.9390831], [32.5312595, -25.9395072], [32.5322998, -25.9405239], [32.532833, -25.9410451], [32.5334641, -25.9416614], [32.5337601, -25.9419527], [32.5339691, -25.9421469], [32.5342236, -25.9424164], [32.5346828, -25.9428643], [32.5350876, -25.9432606], [32.5353879, -25.943552], [32.5360256, -25.944196], [32.5363933, -25.9445626], [32.5367328, -25.9448857], [32.5371614, -25.9453215], [32.5375533, -25.9456902], [32.5379864, -25.9461182], [32.538611, -25.9467425], [32.5392946, -25.9473688], [32.5394665, -25.9475412], [32.5397564, -25.9472283], [32.5397969, -25.9471846], [32.5393194, -25.9466163], [32.5390264, -25.9460998], [32.5388382, -25.9456073], [32.538769, -25.9454235], [32.5386934, -25.9452138], [32.5386067, -25.9450437], [32.538494, -25.9447945], [32.5384226, -25.9446244], [32.5383685, -25.9444919], [32.5383013, -25.9443376], [32.5382343, -25.9441674], [32.5381869, -25.9440014], [32.5380418, -25.9436553], [32.537895, -25.9432143], [32.5378173, -25.9429651], [32.5377618, -25.9426489], [32.5377406, -25.9424908], [32.5377258, -25.9423605], [32.5377113, -25.9421609], [32.5376865, -25.9417875], [32.5376934, -25.9417065], [32.5378026, -25.9417306], [32.5379072, -25.9417744], [32.5396474, -25.9426095], [32.5398785, -25.9427288], [32.5399874, -25.9427924], [32.5401008, -25.9428599], [32.5403403, -25.9430621], [32.5405776, -25.9432801], [32.5408346, -25.9435042], [32.5412612, -25.9438848], [32.5413636, -25.943972], [32.54144, -25.9439861], [32.5415164, -25.94401], [32.541569, -25.9439647], [32.5416633, -25.9438722], [32.5417928, -25.9437166], [32.541863, -25.9436247], [32.5418787, -25.9436041], [32.5419509, -25.9435097], [32.5422076, -25.9432339], [32.542359, -25.9430586], [32.5425892, -25.9428342], [32.5427582, -25.9426391], [32.5429534, -25.9424561], [32.5431004, -25.9422847], [32.5432429, -25.9421488], [32.5433549, -25.9420188], [32.5434339, -25.9419104], [32.5436773, -25.9416741], [32.5438792, -25.9414397], [32.5440744, -25.9412449], [32.5442018, -25.9410852], [32.544375, -25.940908], [32.5449322, -25.9403171], [32.5452963, -25.9399232], [32.5455398, -25.9396593], [32.5457131, -25.9394722], [32.5459435, -25.9392241], [32.5461716, -25.9389778], [32.5463888, -25.9387534], [32.5466235, -25.9385073], [32.5468868, -25.9382198], [32.5470688, -25.9380248], [32.5473298, -25.9377411], [32.5475668, -25.9374811], [32.5477839, -25.9372527], [32.5479748, -25.9370538], [32.5482512, -25.9367623], [32.548464, -25.9365141], [32.548828, -25.9361478], [32.5490671, -25.9358997], [32.5492645, -25.9356849], [32.5494729, -25.9354467], [32.5497756, -25.9351474], [32.5498341, -25.9350759], [32.5500016, -25.9348715], [32.5501528, -25.9347317], [32.5501712, -25.9347039], [32.550106, -25.934592], [32.5501157, -25.934424], [32.5502865, -25.9341991], [32.5505157, -25.9341276], [32.5506947, -25.9341355], [32.550789, -25.9340424], [32.5509118, -25.9339222], [32.5510324, -25.9337903], [32.5511619, -25.9336505], [32.5514053, -25.9334003], [32.55173, -25.9330478], [32.5518989, -25.9328567], [32.5520985, -25.9326539], [32.5524187, -25.9323072], [32.5525744, -25.9321477], [32.5526534, -25.932061], [32.5537156, -25.9308901], [32.5539793, -25.9305994], [32.5541345, -25.9303967], [32.5549101, -25.9295357], [32.5554173, -25.9290928], [32.5559085, -25.9285734], [32.5563186, -25.9281488], [32.5573491, -25.9269988], [32.5583011, -25.9259903], [32.559858, -25.9242977], [32.5611144, -25.9229317], [32.5615582, -25.9224743], [32.56164, -25.9223861], [32.562954, -25.9209691], [32.5642125, -25.9196119], [32.5648158, -25.9188568], [32.5651463, -25.9183473], [32.56532, -25.9177598], [32.5653678, -25.9164159], [32.5654126, -25.9151564], [32.5654447, -25.9142521], [32.566192, -25.9141001], [32.5671062, -25.9138487], [32.567908, -25.9136282], [32.5695579, -25.9132539], [32.5706475, -25.912964], [32.5713251, -25.9127837], [32.5727347, -25.9124087], [32.5744169, -25.9119611], [32.575692, -25.9116218], [32.5760763, -25.9115195], [32.5768854, -25.9113042], [32.5770045, -25.9105077], [32.5774556, -25.9074915], [32.5778815, -25.9063341], [32.5784937, -25.9046991], [32.5788079, -25.9039182], [32.5791485, -25.9030716], [32.5795366, -25.902107], [32.5798922, -25.9010935], [32.5802503, -25.9001968], [32.580458, -25.8996903], [32.5806697, -25.899174], [32.5807321, -25.8990431], [32.5828725, -25.8954989], [32.5829058, -25.8954139], [32.5829085, -25.8954389], [32.5836494, -25.8942527], [32.5848085, -25.8924084], [32.5850487, -25.8920054], [32.5859057, -25.8905866], [32.586605, -25.889429], [32.5872861, -25.8883014], [32.5878076, -25.8874379], [32.5887973, -25.8858682], [32.5888707, -25.8857231], [32.5890549, -25.8854303], [32.5892174, -25.8851552], [32.5894353, -25.8847673], [32.5897862, -25.8841375], [32.5905606, -25.8841529], [32.5921242, -25.8841939], [32.5936437, -25.8842347], [32.5936469, -25.8841732], [32.5936972, -25.8836968], [32.5937353, -25.883336], [32.5937765, -25.882945], [32.5938194, -25.8825382], [32.5938635, -25.8821202], [32.5939026, -25.8817501], [32.5939472, -25.881327], [32.594534, -25.8815011], [32.5946189, -25.8813486], [32.5948869, -25.8807094], [32.5950349, -25.8803842], [32.5957213, -25.880636], [32.5968642, -25.8810487], [32.5972422, -25.8811851], [32.5980557, -25.8814906], [32.59844, -25.8816218], [32.5987741, -25.8817301], [32.5990562, -25.8818057], [32.5993814, -25.881883], [32.5997181, -25.8819587], [32.59996, -25.8820131], [32.600314, -25.8820775], [32.6011066, -25.8821919], [32.6026812, -25.8823752], [32.6036446, -25.8824836], [32.6042545, -25.8825468], [32.6042567, -25.8824824], [32.6042676, -25.8824188], [32.6042871, -25.8823568], [32.6043152, -25.8822967], [32.6043508, -25.8822409], [32.6043937, -25.8821896], [32.6044433, -25.8821433], [32.6044987, -25.8821029], [32.60456, -25.8820685], [32.6046247, -25.8820416], [32.6046925, -25.8820221], [32.6047625, -25.8820102], [32.6048335, -25.8820061], [32.6048758, -25.8820084], [32.6049046, -25.88201], [32.6049737, -25.8820213], [32.6050393, -25.8820391], [32.6050895, -25.8814005], [32.6053463, -25.8806161], [32.6056008, -25.8798354], [32.6058645, -25.8790265], [32.6060233, -25.8782219], [32.6062135, -25.8774188], [32.6063953, -25.876651], [32.606662, -25.8758896], [32.6070711, -25.8751084], [32.6074542, -25.8743798], [32.6078908, -25.8736507], [32.6084318, -25.8729296], [32.6089922, -25.8721827], [32.6093635, -25.8717005], [32.6097065, -25.8712551], [32.6103944, -25.8703619], [32.6108091, -25.8698199], [32.6111047, -25.8694303], [32.6112977, -25.8691814], [32.6118012, -25.8685235], [32.6121334, -25.8680894], [32.6124865, -25.8676271], [32.6129738, -25.8669912], [32.6136738, -25.8660763], [32.6143334, -25.8652143], [32.6145116, -25.8649814], [32.6146993, -25.8647361], [32.6150033, -25.8643389], [32.6157457, -25.863281], [32.6165501, -25.8622142], [32.6169656, -25.8617058], [32.6170935, -25.8615384], [32.617303, -25.8612612], [32.6175066, -25.8609937], [32.6176132, -25.8608535], [32.6179149, -25.860465], [32.6183107, -25.8599278], [32.618348, -25.8598751], [32.6186739, -25.8594147], [32.618938, -25.8590662], [32.6190915, -25.8588634], [32.6192859, -25.8586323], [32.6194727, -25.8584061], [32.6196131, -25.858236], [32.619907, -25.8578276], [32.6202343, -25.8573952], [32.6205656, -25.8569539], [32.6206902, -25.8567879], [32.6208913, -25.85652], [32.6208995, -25.8565083], [32.621376, -25.8558259], [32.6220514, -25.8549486], [32.6224716, -25.8544028], [32.6228704, -25.8538019], [32.6230977, -25.8533355], [32.6231998, -25.8529857], [32.6232627, -25.8523605], [32.6233242, -25.8516704], [32.6233393, -25.851425], [32.6233696, -25.850935], [32.6233826, -25.8507253], [32.6234149, -25.8498519], [32.6234618, -25.8492675], [32.6235144, -25.8485878], [32.6235722, -25.8472803], [32.6236001, -25.8469766], [32.6236225, -25.8467369], [32.623701, -25.8461191], [32.6237839, -25.8454673], [32.6238131, -25.8448106], [32.623831, -25.8443803], [32.623833, -25.8441976], [32.6238337, -25.8441392], [32.6238782, -25.8429996], [32.6239193, -25.8419453], [32.6239463, -25.8401813], [32.6240827, -25.8381837], [32.6241615, -25.8370283], [32.6246141, -25.8332352], [32.6080874, -25.8282599], [32.6031905, -25.8266777], [32.5904315, -25.8225542], [32.5902983, -25.8225112], [32.5765278, -25.8188594], [32.5749295, -25.8184032], [32.5734745, -25.8170947], [32.5727358, -25.8156873], [32.5726296, -25.8149451], [32.5727372, -25.8122049], [32.5672568, -25.8117064], [32.5665218, -25.8168678], [32.5664937, -25.8169083], [32.565123, -25.8267283], [32.5652508, -25.8301699], [32.5657248, -25.834857], [32.5658497, -25.8390731], [32.5652731, -25.8432617], [32.5649846, -25.8454069], [32.564068, -25.8466105], [32.5617297, -25.8528002], [32.5616505, -25.8552761], [32.5615756, -25.8565458], [32.5614276, -25.8586278], [32.5612748, -25.8619924], [32.5610561, -25.8642013], [32.5604905, -25.8653424], [32.5602876, -25.867056], [32.5604265, -25.8674882], [32.560548, -25.8687584], [32.5607537, -25.8700923], [32.5606066, -25.8718949], [32.5605914, -25.8722251], [32.560547, -25.8728471], [32.5604741, -25.8735834], [32.5604096, -25.8743323], [32.5603799, -25.874582], [32.5603358, -25.8751279], [32.5603071, -25.8752929], [32.5602927, -25.8754072], [32.5602778, -25.8756229], [32.5602054, -25.8762322], [32.5601625, -25.8766795], [32.5601615, -25.8766893], [32.5601125, -25.8771202], [32.5601314, -25.8772651], [32.560129, -25.8779103], [32.5601221, -25.8779931], [32.5601285, -25.8780309], [32.5601272, -25.878378], [32.5600984, -25.8785939], [32.5600553, -25.8788604], [32.5599983, -25.8790634], [32.5599763, -25.8791675], [32.5597041, -25.8797257], [32.5596937, -25.8797895], [32.5596585, -25.8798623], [32.5596581, -25.8799512], [32.5596298, -25.8800273], [32.5596013, -25.8801542], [32.5595871, -25.8801922], [32.5595868, -25.8802557], [32.5595726, -25.8802938], [32.5595162, -25.8803952], [32.5594593, -25.8805728], [32.559431, -25.8806362], [32.5594169, -25.880687], [32.5594307, -25.8807251], [32.5594165, -25.8807886], [32.5594163, -25.8808356], [32.5588366, -25.8826711], [32.5588651, -25.8827894], [32.5588614, -25.8828186], [32.5588047, -25.8829961], [32.55877, -25.8831195], [32.5587056, -25.8832268], [32.5586897, -25.8833603], [32.5586344, -25.8834782], [32.5586593, -25.8836141], [32.5586506, -25.883687], [32.5587631, -25.8838236], [32.5588292, -25.8839486], [32.5588569, -25.8840376], [32.5588987, -25.8841266], [32.5589404, -25.8842283], [32.5589823, -25.8843046], [32.559004, -25.8843845], [32.5589919, -25.8845893], [32.558981, -25.8846475], [32.5589664, -25.8847998], [32.558952, -25.8849013], [32.5589516, -25.8850029], [32.5589231, -25.8850918], [32.5589085, -25.8852822], [32.5589076, -25.8855107], [32.5588793, -25.8855487], [32.5588933, -25.8855869], [32.5588651, -25.8856249], [32.5588645, -25.8857646], [32.5588499, -25.8859296], [32.5588496, -25.8860058], [32.5588205, -25.886285], [32.5587919, -25.8864246], [32.5587773, -25.8865643], [32.5587767, -25.8867293], [32.5586896, -25.8875037], [32.5586701, -25.8877151], [32.5586343, -25.8879949], [32.5586033, -25.8880875], [32.5585765, -25.8881944], [32.5582459, -25.8890011], [32.558222, -25.8890978], [32.5580644, -25.8895335], [32.5579792, -25.8897872], [32.5579422, -25.8899128], [32.5578775, -25.8900424], [32.5577804, -25.8903961], [32.5577378, -25.8905102], [32.5577184, -25.8905865], [32.5577091, -25.8906879], [32.5576665, -25.8908275], [32.5576087, -25.8912718], [32.557579, -25.8917034], [32.5575357, -25.8920334], [32.557493, -25.8921857], [32.557492, -25.8924396], [32.5574494, -25.8925665], [32.5574488, -25.8927316], [32.5574337, -25.8929982], [32.5573908, -25.893214], [32.557376, -25.8934297], [32.557347, -25.8936836], [32.5573177, -25.894001], [32.5572606, -25.8942802], [32.5572311, -25.8946483], [32.5571883, -25.894826], [32.5570319, -25.8953588], [32.5568476, -25.8958408], [32.5567204, -25.8960689], [32.5565789, -25.8963733], [32.5564091, -25.8967029], [32.5562113, -25.8970706], [32.5558866, -25.8975394], [32.5555757, -25.898059], [32.5555195, -25.898097], [32.5554911, -25.8981731], [32.5554346, -25.8982491], [32.5553924, -25.8982871], [32.5553783, -25.8983251], [32.555336, -25.8983504], [32.5552794, -25.8984518], [32.5552231, -25.8985024], [32.5551948, -25.8985913], [32.5550961, -25.8986798], [32.5550641, -25.8987372], [32.5550594, -25.8987456], [32.5550249, -25.8989335], [32.5549684, -25.8990477], [32.5548972, -25.8992887], [32.5548408, -25.8993648], [32.5548124, -25.8994663], [32.5547698, -25.8995804], [32.5547275, -25.8996437], [32.5546429, -25.8997197], [32.5546005, -25.8997957], [32.5544872, -25.9000493], [32.5543882, -25.9002522], [32.5542753, -25.900417], [32.554261, -25.9004804], [32.5541623, -25.9006071], [32.5540497, -25.9007839], [32.5539924, -25.9009621], [32.5536815, -25.9015199], [32.55354, -25.9018115], [32.5534411, -25.9019762], [32.553328, -25.9021918], [32.5532717, -25.9022297], [32.5532433, -25.9023058], [32.5531301, -25.9025213], [32.5530877, -25.9026101], [32.5529465, -25.9028128], [32.5529182, -25.9028889], [32.5529038, -25.9029778], [32.5528473, -25.9030792], [32.5527197, -25.9034089], [32.5526774, -25.9034469], [32.552635, -25.9035102], [32.5525645, -25.9035862], [32.5525644, -25.9036243], [32.5525501, -25.9037132], [32.5525498, -25.9037894], [32.5524792, -25.9038907], [32.5524367, -25.9040048], [32.5524084, -25.9040428], [32.5523516, -25.9042077], [32.5523093, -25.9042584], [32.5521968, -25.9042962], [32.5521826, -25.9043343], [32.5520272, -25.9046258], [32.5519987, -25.9047019], [32.5519423, -25.904778], [32.5518577, -25.9048665], [32.5518717, -25.9049046], [32.5518291, -25.9050061], [32.5518289, -25.9050823], [32.5517999, -25.9051256], [32.5517817, -25.905175], [32.5517721, -25.9052344], [32.5517154, -25.905374], [32.551687, -25.9054755], [32.5516162, -25.9056022], [32.5515737, -25.9057418], [32.5515313, -25.9058051], [32.551531, -25.9058813], [32.5515442, -25.9060973], [32.5515437, -25.9062242], [32.551445, -25.9063509], [32.5514167, -25.9064016], [32.5512617, -25.9065407], [32.5511914, -25.9065786], [32.551093, -25.9066038], [32.5510507, -25.906629], [32.5510084, -25.9067051], [32.5507413, -25.9070182], [32.5506698, -25.9071358], [32.5506275, -25.9071737], [32.5505712, -25.9071989], [32.550557, -25.9072624], [32.5505011, -25.9073126], [32.5504559, -25.907368], [32.5504159, -25.9074397], [32.5503314, -25.9075157], [32.5502328, -25.9075915], [32.5501905, -25.9076295], [32.5501623, -25.9076675], [32.550106, -25.9077182], [32.5499368, -25.9078953], [32.5498661, -25.9080222], [32.5498378, -25.9080982], [32.5497671, -25.908225], [32.5497243, -25.90839], [32.5496677, -25.9085168], [32.5495828, -25.9086688], [32.5495686, -25.9087323], [32.549498, -25.9088337], [32.549399, -25.9090111], [32.5493565, -25.9090999], [32.549314, -25.9092268], [32.5492548, -25.9093223], [32.5492374, -25.9093655], [32.5492006, -25.9095184], [32.5491717, -25.9097089], [32.5491572, -25.9098485], [32.5491283, -25.9100516], [32.5490857, -25.9101911], [32.5490568, -25.9103815], [32.5490283, -25.9105084], [32.5489998, -25.9106226], [32.5489431, -25.9107494], [32.5489147, -25.9108381], [32.5488862, -25.9109524], [32.5488008, -25.9112441], [32.5487441, -25.9113964], [32.5486734, -25.9114977], [32.5486311, -25.9115738], [32.5485605, -25.9116625], [32.5483204, -25.9120427], [32.5482497, -25.9121694], [32.5482074, -25.91222], [32.5481368, -25.9123214], [32.5479673, -25.9125876], [32.5478543, -25.9127523], [32.547798, -25.9128156], [32.5477771, -25.9128846], [32.5475999, -25.9132086], [32.5474865, -25.9134749], [32.5474441, -25.913551], [32.5473158, -25.9137265], [32.5472899, -25.9137631], [32.5471336, -25.9139691], [32.547049, -25.9140704], [32.5469925, -25.9141591], [32.5467525, -25.9144758], [32.5466538, -25.9145897], [32.5465267, -25.9147799], [32.5464421, -25.9148812], [32.5463715, -25.9149952], [32.5463431, -25.9150586], [32.5462867, -25.915122], [32.5462162, -25.9152106], [32.5461738, -25.9152867], [32.5461173, -25.9153626], [32.5460749, -25.9154387], [32.5459762, -25.91554], [32.5458491, -25.9157174], [32.5453412, -25.9163761], [32.5452282, -25.9165281], [32.5448702, -25.9169397], [32.5445097, -25.9172388], [32.5436719, -25.9178456], [32.5433501, -25.9180352], [32.5431321, -25.9182112], [32.5429192, -25.9184821], [32.5427637, -25.9185893], [32.5425273, -25.9186953], [32.5423846, -25.9188983], [32.5421797, -25.9191224], [32.5420119, -25.9192664], [32.5418506, -25.9194417], [32.5415665, -25.9197776], [32.5412277, -25.9201143], [32.5408359, -25.9206098], [32.5404983, -25.9209298], [32.5401954, -25.9212972], [32.5399276, -25.9216331], [32.5396429, -25.9218248], [32.5392969, -25.922039], [32.5388853, -25.9222856], [32.5384881, -25.9224918], [32.5378335, -25.92286], [32.5374919, -25.9230683], [32.5365169, -25.9235916], [32.5354999, -25.9241779], [32.5338351, -25.9251079], [32.5328818, -25.9256134], [32.5306062, -25.9268821], [32.5288656, -25.927875], [32.5275839, -25.9285433], [32.5272871, -25.9287597], [32.5268942, -25.9289609], [32.5265264, -25.9291691], [32.5261817, -25.92932], [32.5258925, -25.9295294], [32.5254602, -25.9297373], [32.5249468, -25.9300468], [32.524579, -25.9302481], [32.524202, -25.930551], [32.5238403, -25.9308599], [32.523576, -25.9311415], [32.5232937, -25.9315238], [32.5227024, -25.932411], [32.5225774, -25.9325576], [32.5223646, -25.9327939], [32.522303, -25.9328747], [32.5222066, -25.9330193], [32.5221558, -25.9331053]]]]}}, {"type": "Feature", "properties": {"name": "Distrito Municipal de Nlhamankulu", "code": "nlhamankulu"}, "geometry": {"type": "MultiPolygon", "coordinates": [[[[32.5397564, -25.9472283], [32.5398574, -25.9473466], [32.5401429, -25.9475787], [32.5410456, -25.9482317], [32.5437073, -25.9498919], [32.5438604, -25.9498673], [32.5443229, -25.9499803], [32.5445339, -25.9501127], [32.5450549, -25.9504397], [32.5455081, -25.950724], [32.5462926, -25.9512163], [32.5474084, -25.951938], [32.548374, -25.9527137], [32.5496536, -25.9533891], [32.5499662, -25.9536244], [32.5509934, -25.9542995], [32.5519885, -25.9548099], [32.5520011, -25.9548531], [32.552055, -25.9550379], [32.5520695, -25.9550877], [32.5522911, -25.9554807], [32.5527524, -25.9560589], [32.5534328, -25.9567783], [32.5543838, -25.9575286], [32.5540853, -25.9579194], [32.5540355, -25.9581113], [32.5541207, -25.9583148], [32.5550616, -25.9596352], [32.5563866, -25.9615076], [32.5563946, -25.9615188], [32.5581021, -25.9602231], [32.5586794, -25.9597152], [32.5591062, -25.9593396], [32.5592517, -25.9593298], [32.559285, -25.9593276], [32.5597088, -25.9590749], [32.5602351, -25.9587612], [32.5609879, -25.9583487], [32.5614853, -25.9581687], [32.5620463, -25.957949], [32.5624916, -25.9577747], [32.5624919, -25.9577746], [32.5638198, -25.9572682], [32.5638432, -25.9572593], [32.5644396, -25.9570943], [32.5648321, -25.9569931], [32.565178, -25.9568725], [32.5656891, -25.9566943], [32.5660631, -25.9563221], [32.5661357, -25.9561948], [32.5661802, -25.9561473], [32.5662271, -25.9561135], [32.5662815, -25.9560894], [32.5663382, -25.9560801], [32.5663379, -25.9558437], [32.5672083, -25.9543321], [32.5672864, -25.9541966], [32.5682721, -25.9524844], [32.5682779, -25.9524744], [32.5685653, -25.9519751], [32.5687951, -25.9515761], [32.5697364, -25.9499411], [32.570145, -25.9492315], [32.5709477, -25.9478103], [32.5717892, -25.9463211], [32.5718317, -25.9462459], [32.572309, -25.9453655], [32.5731838, -25.9438342], [32.5733132, -25.9436447], [32.5733705, -25.943524], [32.5740852, -25.9422139], [32.5742433, -25.9418713], [32.574353, -25.9415794], [32.5746267, -25.9401085], [32.5747499, -25.9394203], [32.5754362, -25.9357568], [32.5755456, -25.935134], [32.5755438, -25.9348674], [32.5755004, -25.9346273], [32.57546, -25.9344462], [32.5753851, -25.9342209], [32.5748318, -25.9324981], [32.5741922, -25.9305046], [32.5735534, -25.9306744], [32.5711508, -25.9313124], [32.5706174, -25.9314523], [32.5664972, -25.9325266], [32.5655668, -25.9327488], [32.5647693, -25.930454], [32.5647693, -25.9304539], [32.5640805, -25.9284238], [32.5614492, -25.9291537], [32.5605804, -25.9267629], [32.5615492, -25.9232668], [32.56164, -25.9223861], [32.5615582, -25.9224743], [32.5611144, -25.9229317], [32.559858, -25.9242977], [32.5583011, -25.9259903], [32.5573491, -25.9269988], [32.5563186, -25.9281488], [32.5559085, -25.9285734], [32.5554173, -25.9290928], [32.5549101, -25.9295357], [32.5541345, -25.9303967], [32.5539793, -25.9305994], [32.5537156, -25.9308901], [32.5526534, -25.932061], [32.5525744, -25.9321477], [32.5524187, -25.9323072], [32.5520985, -25.9326539], [32.5518989, -25.9328567], [32.55173, -25.9330478], [32.5514053, -25.9334003], [32.5511619, -25.9336505], [32.5510324, -25.9337903], [32.5509118, -25.9339222], [32.550789, -25.9340424], [32.5506947, -25.9341355], [32.5505157, -25.9341276], [32.5502865, -25.9341991], [32.5501157, -25.934424], [32.550106, -25.934592], [32.5501712, -25.9347039], [32.5501528, -25.9347317], [32.5500016, -25.9348715], [32.5498341, -25.9350759], [32.5497756, -25.9351474], [32.5494729, -25.9354467], [32.5492645, -25.9356849], [32.5490671, -25.9358997], [32.548828, -25.9361478], [32.548464, -25.9365141], [32.5482512, -25.9367623], [32.5479748, -25.9370538], [32.5477839, -25.9372527], [32.5475668, -25.9374811], [32.5473298, -25.9377411], [32.5470688, -25.9380248], [32.5468868, -25.9382198], [32.5466235, -25.9385073], [32.5463888, -25.9387534], [32.5461716, -25.9389778], [32.5459435, -25.9392241], [32.5457131, -25.9394722], [32.5455398, -25.9396593], [32.5452963, -25.9399232], [32.5449322, -25.9403171], [32.544375, -25.940908], [32.5442018, -25.9410852], [32.5440744, -25.9412449], [32.5438792, -25.9414397], [32.5436773, -25.9416741], [32.5434339, -25.9419104], [32.5433549, -25.9420188], [32.5432429, -25.9421488], [32.5431004, -25.9422847], [32.5429534, -25.9424561], [32.5427582, -25.9426391], [32.5425892, -25.9428342], [32.542359, -25.9430586], [32.5422076, -25.9432339], [32.5419509, -25.9435097], [32.5418787, -25.9436041], [32.541863, -25.9436247], [32.5417928, -25.9437166], [32.5416633, -25.9438722], [32.541569, -25.9439647], [32.5415164, -25.94401], [32.54144, -25.9439861], [32.5413636, -25.943972], [32.5412612, -25.9438848], [32.5408346, -25.9435042], [32.5405776, -25.9432801], [32.5403403, -25.9430621], [32.5401008, -25.9428599], [32.5399874, -25.9427924], [32.5398785, -25.9427288], [32.5396474, -25.9426095], [32.5379072, -25.9417744], [32.5378026, -25.9417306], [32.5376934, -25.9417065], [32.5376865, -25.9417875], [32.5377113, -25.9421609], [32.5377258, -25.9423605], [32.5377406, -25.9424908], [32.5377618, -25.9426489], [32.5378173, -25.9429651], [32.537895, -25.9432143], [32.5380418, -25.9436553], [32.5381869, -25.9440014], [32.5382343, -25.9441674], [32.5383013, -25.9443376], [32.5383685, -25.9444919], [32.5384226, -25.9446244], [32.538494, -25.9447945], [32.5386067, -25.9450437], [32.5386934, -25.9452138], [32.538769, -25.9454235], [32.5388382, -25.9456073], [32.5390264, -25.9460998], [32.5393194, -25.9466163], [32.5397969, -25.9471846], [32.5397564, -25.9472283]]]]}}, {"type": "Feature", "properties": {"name": "Laulane", "code": "laulane"}, "geometry": {"type": "MultiPolygon", "coordinates": [[[[32.5998643, -25.909844], [32.6004992, -25.9093679], [32.6027172, -25.9079123], [32.6034914, -25.9073905], [32.6039153, -25.9071129], [32.6043226, -25.9068418], [32.6051237, -25.906323], [32.6055014, -25.9065327], [32.606006, -25.9068789], [32.6060865, -25.9068431], [32.606648, -25.9065588], [32.6074059, -25.9062258], [32.607615, -25.9061146], [32.6078543, -25.9059631], [32.6080325, -25.9059926], [32.6086169, -25.9060947], [32.6092492, -25.9062063], [32.6098664, -25.9063145], [32.6104771, -25.906422], [32.6110867, -25.9065523], [32.6116251, -25.906641], [32.6117109, -25.9066533], [32.612135, -25.9067137], [32.6126838, -25.9068103], [32.6133078, -25.90692], [32.6135787, -25.9069663], [32.6138633, -25.9070178], [32.6143986, -25.907112], [32.6149778, -25.9072139], [32.6154596, -25.9072986], [32.6161316, -25.9074169], [32.6168319, -25.9075602], [32.6198033, -25.9081684], [32.6217127, -25.9085591], [32.6220858, -25.9075367], [32.6223672, -25.9066546], [32.6225998, -25.9060696], [32.6230571, -25.9044002], [32.6236407, -25.9036541], [32.6239031, -25.9026472], [32.623915, -25.9026012], [32.6242024, -25.9017283], [32.6245708, -25.9006719], [32.6248554, -25.8996802], [32.6250969, -25.8987018], [32.6254669, -25.8974044], [32.6243535, -25.8971611], [32.624004, -25.8970947], [32.6233879, -25.8968841], [32.6228093, -25.8965716], [32.6226507, -25.896525], [32.6224184, -25.8964398], [32.6215496, -25.8962337], [32.6187913, -25.8955352], [32.6183087, -25.8954457], [32.6182417, -25.8954415], [32.6176812, -25.8953156], [32.6171657, -25.8951937], [32.6171115, -25.8951809], [32.6166966, -25.8950824], [32.6166319, -25.895067], [32.6160619, -25.8949318], [32.6150093, -25.894686], [32.614417, -25.8945691], [32.6139027, -25.8944397], [32.6133168, -25.8942992], [32.6127484, -25.8941707], [32.612229, -25.894062], [32.6117066, -25.8939349], [32.6111856, -25.8938082], [32.6105955, -25.8936646], [32.6100273, -25.8935429], [32.6095368, -25.8934239], [32.6089851, -25.8932985], [32.608494, -25.8931868], [32.6078934, -25.8930502], [32.6073159, -25.8929189], [32.6067949, -25.8928005], [32.6062732, -25.8926819], [32.6057679, -25.892567], [32.6051481, -25.8924253], [32.6041474, -25.8921692], [32.6025099, -25.8918119], [32.6023625, -25.892119], [32.6019727, -25.8930734], [32.6017449, -25.8935922], [32.6014429, -25.8942804], [32.6007421, -25.8958769], [32.6001135, -25.8974742], [32.5995877, -25.8994049], [32.599448, -25.8999617], [32.5991541, -25.9017482], [32.599022, -25.9036772], [32.5990665, -25.9049704], [32.5990788, -25.9053252], [32.599097, -25.9058555], [32.5993793, -25.9079113], [32.5998643, -25.909844]]]]}}, {"type": "Feature", "properties": {"name": "Ferrovi\u00e1rio", "code": "ferrovi\u00e1rio"}, "geometry": {"type": "MultiPolygon", "coordinates": [[[[32.5998643, -25.909844], [32.6000139, -25.9102984], [32.6003867, -25.9114303], [32.6011279, -25.9130923], [32.6016137, -25.9141811], [32.6018606, -25.9147061], [32.6019935, -25.9149884], [32.6021381, -25.9152958], [32.6023922, -25.915836], [32.6025766, -25.9162068], [32.6026334, -25.9163209], [32.6027694, -25.9165942], [32.6029161, -25.9168892], [32.6031773, -25.9174144], [32.6034682, -25.9180741], [32.6035835, -25.9183565], [32.6036414, -25.9184984], [32.6038278, -25.9189549], [32.6048347, -25.9218628], [32.6050456, -25.922487], [32.6060755, -25.9255881], [32.6062568, -25.9261641], [32.6064631, -25.9261585], [32.6066218, -25.9262488], [32.6067212, -25.9263616], [32.606727, -25.9265024], [32.6078849, -25.9260298], [32.6089973, -25.9257528], [32.6098532, -25.9255941], [32.6100414, -25.9257042], [32.6111928, -25.9253787], [32.6129593, -25.9249177], [32.6147516, -25.9244375], [32.6168442, -25.9250245], [32.6172952, -25.9237088], [32.617306, -25.9236765], [32.617491, -25.9231444], [32.6179663, -25.9217698], [32.6181576, -25.9212166], [32.6181807, -25.9211294], [32.6188027, -25.9187817], [32.6191941, -25.9165051], [32.6199934, -25.9137701], [32.6202864, -25.9129377], [32.6203952, -25.9126285], [32.6211103, -25.9105967], [32.6217127, -25.9085591], [32.6198033, -25.9081684], [32.6168319, -25.9075602], [32.6161316, -25.9074169], [32.6154596, -25.9072986], [32.6149778, -25.9072139], [32.6143986, -25.907112], [32.6138633, -25.9070178], [32.6135787, -25.9069663], [32.6133078, -25.90692], [32.6126838, -25.9068103], [32.612135, -25.9067137], [32.6117109, -25.9066533], [32.6116251, -25.906641], [32.6110867, -25.9065523], [32.6104771, -25.906422], [32.6098664, -25.9063145], [32.6092492, -25.9062063], [32.6086169, -25.9060947], [32.6080325, -25.9059926], [32.6078543, -25.9059631], [32.607615, -25.9061146], [32.6074059, -25.9062258], [32.606648, -25.9065588], [32.6060865, -25.9068431], [32.606006, -25.9068789], [32.6055014, -25.9065327], [32.6051237, -25.906323], [32.6043226, -25.9068418], [32.6039153, -25.9071129], [32.6034914, -25.9073905], [32.6027172, -25.9079123], [32.6004992, -25.9093679], [32.5998643, -25.909844]]]]}}, {"type": "Feature", "properties": {"name": "Inguide", "code": "inguide"}, "geometry": {"type": "MultiPolygon", "coordinates": [[[[32.5717546, -26.0595031], [32.5721101, -26.0593449], [32.5721865, -26.0593207], [32.5722645, -26.0593012], [32.5723438, -26.0592864], [32.574104, -26.0590333], [32.5746421, -26.0589855], [32.5760569, -26.0588061], [32.5769408, -26.0586673], [32.5772677, -26.0586384], [32.5784348, -26.0584624], [32.579223, -26.0583843], [32.5794292, -26.0583387], [32.5796944, -26.0583062], [32.5802029, -26.0582234], [32.5806376, -26.0581759], [32.58155, -26.0580461], [32.5819762, -26.0580091], [32.5825463, -26.0579216], [32.5827007, -26.057918], [32.5840457, -26.0577379], [32.5844766, -26.0576637], [32.5855142, -26.05751], [32.5868316, -26.0573477], [32.5874609, -26.0572487], [32.5889159, -26.0570547], [32.5891999, -26.0569965], [32.58947, -26.0569773], [32.5902216, -26.0568619], [32.5909118, -26.0567729], [32.5923923, -26.0565499], [32.5926213, -26.0565361], [32.5927933, -26.0564855], [32.5934173, -26.0563631], [32.5940217, -26.0562251], [32.5956173, -26.0559109], [32.595869, -26.0558777], [32.5965397, -26.055731], [32.5966674, -26.0557203], [32.596837, -26.0556676], [32.5976635, -26.0554866], [32.5977952, -26.0554219], [32.5981305, -26.0553916], [32.5987059, -26.0553047], [32.5988564, -26.0552541], [32.5990037, -26.055239], [32.599269, -26.0551776], [32.6003554, -26.054957], [32.600578, -26.0548806], [32.6006867, -26.0548268], [32.6007481, -26.0548181], [32.6010254, -26.0548295], [32.6011238, -26.0547881], [32.6012982, -26.0547697], [32.6014902, -26.0547217], [32.6015777, -26.0546681], [32.6016843, -26.0546195], [32.601789, -26.0546198], [32.6025121, -26.0545347], [32.6026263, -26.0545011], [32.6031077, -26.0544022], [32.6034362, -26.0543117], [32.6035726, -26.0542553], [32.6036958, -26.0542344], [32.6040061, -26.0542299], [32.6041516, -26.0541883], [32.6042879, -26.0541721], [32.6044583, -26.0541253], [32.6045501, -26.0540759], [32.6047282, -26.0540574], [32.6048935, -26.0539727], [32.6049695, -26.0539564], [32.605027, -26.0539873], [32.6051604, -26.0539952], [32.606041, -26.0538218], [32.6061041, -26.0537844], [32.6065528, -26.0537256], [32.6067226, -26.0536702], [32.6067986, -26.0536704], [32.608412, -26.0533157], [32.6084917, -26.0532752], [32.6086227, -26.0532755], [32.608827, -26.0532572], [32.6096779, -26.0531058], [32.6098517, -26.0530565], [32.6099722, -26.053045], [32.6103641, -26.05294], [32.6105489, -26.0529117], [32.6112208, -26.0527511], [32.6113377, -26.0527411], [32.6116449, -26.0526842], [32.6120255, -26.0526806], [32.6121159, -26.0526486], [32.6124484, -26.0526637], [32.6131723, -26.0526348], [32.6134909, -26.0526452], [32.6138759, -26.0526225], [32.6140934, -26.0525853], [32.6142977, -26.0525693], [32.6144157, -26.0525388], [32.6145402, -26.0524305], [32.6147068, -26.0523623], [32.6148546, -26.0521996], [32.6150403, -26.0517838], [32.615232, -26.0516253], [32.6157417, -26.0513142], [32.6157099, -26.0512648], [32.6154685, -26.0508937], [32.6152191, -26.0505154], [32.614696, -26.0497419], [32.6142347, -26.0490623], [32.613827, -26.0483635], [32.6134676, -26.0478382], [32.6131055, -26.0473249], [32.6126361, -26.0466333], [32.6123652, -26.0462429], [32.6119494, -26.0456549], [32.611649, -26.0451826], [32.611405, -26.0447873], [32.6111957, -26.044421], [32.610898, -26.0438716], [32.6107129, -26.0434933], [32.6105025, -26.0431218], [32.6102827, -26.0426975], [32.6100873, -26.0423282], [32.6098546, -26.0418762], [32.6094684, -26.0411388], [32.6090634, -26.0404713], [32.608744, -26.0399253], [32.6085731, -26.03964], [32.6083736, -26.0391939], [32.6082922, -26.0389488], [32.6081823, -26.0386014], [32.607991, -26.0380637], [32.6078526, -26.037698], [32.6077834, -26.0373981], [32.6077111, -26.0369315], [32.6075686, -26.0364859], [32.6072583, -26.0358489], [32.6069403, -26.0351376], [32.60648, -26.0343076], [32.6062144, -26.0337633], [32.606085, -26.0333449], [32.6058988, -26.0329394], [32.605767, -26.0325947], [32.6056505, -26.0321548], [32.605561, -26.0319598], [32.6051325, -26.031501], [32.6048866, -26.0311267], [32.604639, -26.0308228], [32.6045108, -26.0306761], [32.6042508, -26.0305635], [32.6040231, -26.0304114], [32.6037774, -26.0301268], [32.603657, -26.0299109], [32.6035361, -26.0295874], [32.6033685, -26.029134], [32.6032368, -26.0289288], [32.6028852, -26.0284726], [32.6025685, -26.0280797], [32.6021941, -26.0274297], [32.6019897, -26.0270495], [32.6017223, -26.0266484], [32.6014577, -26.0263741], [32.601162, -26.0261925], [32.6007658, -26.0260559], [32.600489, -26.0260266], [32.600204, -26.0260778], [32.5997725, -26.0260449], [32.5993777, -26.0259498], [32.5990968, -26.0258547], [32.5987555, -26.0258366], [32.5982868, -26.0259205], [32.5979123, -26.0258986], [32.5975419, -26.026023], [32.5974116, -26.0260376], [32.5971343, -26.0260593], [32.5969038, -26.0262285], [32.5968164, -26.026391], [32.5966097, -26.0265494], [32.5963833, -26.026698], [32.5960873, -26.0267372], [32.5957148, -26.0267098], [32.5950515, -26.0265479], [32.5944006, -26.0263636], [32.5936138, -26.0260815], [32.5929218, -26.0258108], [32.592242, -26.0256243], [32.5917373, -26.0254706], [32.5911511, -26.0252512], [32.590777, -26.0250686], [32.5903311, -26.0248566], [32.5897191, -26.0247586], [32.5891436, -26.0247531], [32.5887012, -26.024919], [32.5885731, -26.0250418], [32.5885139, -26.0252647], [32.5884154, -26.0253933], [32.5882646, -26.0254846], [32.587948, -26.0255792], [32.5874986, -26.025543], [32.5869026, -26.0254293], [32.5862726, -26.0252567], [32.5853784, -26.0249875], [32.5845419, -26.0247268], [32.5837344, -26.024447], [32.5832399, -26.0242331], [32.582455, -26.0239219], [32.581684, -26.0235817], [32.5801539, -26.0228305], [32.5792377, -26.0223326], [32.5785639, -26.0219228], [32.5777206, -26.0213773], [32.5772856, -26.0218027], [32.5763503, -26.0228722], [32.5752621, -26.023895], [32.573022, -26.0223205], [32.5711996, -26.0244371], [32.5711493, -26.0246047], [32.5704105, -26.0254231], [32.5698361, -26.0261052], [32.568958, -26.0270827], [32.5688712, -26.0272362], [32.5687907, -26.0273925], [32.5687165, -26.0275513], [32.5686487, -26.0277124], [32.5681356, -26.0288961], [32.5679481, -26.0293286], [32.5676504, -26.0300153], [32.5674091, -26.0305721], [32.5671006, -26.0313585], [32.566702, -26.0322539], [32.5665819, -26.0325237], [32.5665332, -26.0326332], [32.5663623, -26.0331608], [32.5663446, -26.0332155], [32.5663472, -26.0332864], [32.5663278, -26.0333751], [32.5663062, -26.033473], [32.5662455, -26.0336041], [32.566142, -26.0337401], [32.5660769, -26.0338611], [32.5659055, -26.0342349], [32.5658726, -26.0343067], [32.565857, -26.0344057], [32.565787, -26.0345547], [32.565596, -26.0350323], [32.565429, -26.0355208], [32.5653784, -26.0356029], [32.5652572, -26.035979], [32.5652256, -26.0360772], [32.5651412, -26.036262], [32.5650856, -26.0364263], [32.5650107, -26.0365948], [32.5649959, -26.036703], [32.5649356, -26.0368369], [32.5649016, -26.0369623], [32.5646678, -26.0373619], [32.5644961, -26.0377919], [32.564419, -26.0379851], [32.5643588, -26.0381359], [32.5643509, -26.0382177], [32.5643218, -26.0383042], [32.5638714, -26.0393154], [32.5636666, -26.0397753], [32.563532, -26.0400775], [32.5635436, -26.0403162], [32.5635464, -26.0403731], [32.563562, -26.0404627], [32.563578, -26.0405551], [32.5636164, -26.0406321], [32.5636444, -26.0407403], [32.563685, -26.0408243], [32.5637113, -26.0409509], [32.5637313, -26.0410472], [32.5637719, -26.0411616], [32.5638406, -26.0413054], [32.5639374, -26.0415361], [32.5639906, -26.0416102], [32.5640295, -26.0417311], [32.564092, -26.0418693], [32.5641666, -26.0421041], [32.5642198, -26.0421924], [32.5642518, -26.0422456], [32.5642729, -26.0423177], [32.5643275, -26.0424558], [32.5643792, -26.0425299], [32.5644336, -26.0427121], [32.564466, -26.0428857], [32.5645393, -26.0430608], [32.5646236, -26.043262], [32.5647035, -26.0433642], [32.5647469, -26.0435464], [32.564814, -26.0437101], [32.5648867, -26.0438877], [32.5650086, -26.0441851], [32.5651571, -26.0445828], [32.5652758, -26.0448405], [32.5653978, -26.0451056], [32.5655351, -26.0453774], [32.5656737, -26.0456519], [32.5658272, -26.0460614], [32.5658832, -26.0462105], [32.5659257, -26.0463241], [32.5659829, -26.0464764], [32.5660816, -26.0467396], [32.5661785, -26.0469982], [32.5662389, -26.0471591], [32.5662745, -26.0472541], [32.5663776, -26.0474786], [32.566549, -26.0479683], [32.5666418, -26.0481772], [32.5667325, -26.0484293], [32.5667952, -26.0486037], [32.5668485, -26.0487519], [32.5668741, -26.0488232], [32.5668867, -26.0489258], [32.5669368, -26.0489941], [32.566974, -26.0491335], [32.5670803, -26.0492957], [32.5671239, -26.0494209], [32.5671624, -26.0495314], [32.5672193, -26.0496949], [32.567249, -26.0498316], [32.5672944, -26.0499312], [32.5673173, -26.0500621], [32.5672914, -26.0502383], [32.567234, -26.0503689], [32.5672025, -26.0505536], [32.5671648, -26.0506462], [32.5671428, -26.0508006], [32.5671477, -26.0509862], [32.5671661, -26.0510478], [32.5671629, -26.0511558], [32.5671566, -26.05137], [32.5671623, -26.051673], [32.5670903, -26.05192], [32.5670639, -26.0520103], [32.567055, -26.0522992], [32.5670315, -26.0526446], [32.5670053, -26.053028], [32.5669347, -26.0532952], [32.5669376, -26.0534058], [32.5669391, -26.0534635], [32.5669705, -26.0535471], [32.5670259, -26.0536565], [32.5671697, -26.054025], [32.567188, -26.0541192], [32.5672093, -26.0542292], [32.56738, -26.0545349], [32.5676704, -26.0549946], [32.5677191, -26.0550716], [32.5677294, -26.0551511], [32.5677661, -26.0552839], [32.5678547, -26.0554825], [32.5680527, -26.0557722], [32.5683508, -26.0561849], [32.5686658, -26.056621], [32.5690546, -26.0570677], [32.5692215, -26.0572362], [32.5694233, -26.0575192], [32.5695021, -26.0576297], [32.5695922, -26.0577088], [32.5697587, -26.0579748], [32.5698658, -26.0580808], [32.5699071, -26.0581581], [32.5700125, -26.0582869], [32.5701701, -26.0584353], [32.5702462, -26.0584623], [32.5704849, -26.0585267], [32.5706162, -26.0585827], [32.5708229, -26.0586915], [32.5709418, -26.058768], [32.5711368, -26.0589107], [32.5713996, -26.059103], [32.5715843, -26.0592381], [32.571621, -26.0592765], [32.5717183, -26.0594251], [32.5717546, -26.0595031]]]]}}, {"type": "Feature", "properties": {"name": "Guachene", "code": "guachene"}, "geometry": {"type": "MultiPolygon", "coordinates": [[[[32.5442236, -25.9724131], [32.5438146, -25.9788942], [32.5437997, -25.9792566], [32.5438358, -25.9803517], [32.5439017, -25.9807169], [32.544223, -25.9811802], [32.546506, -25.9825866], [32.5466355, -25.9826787], [32.5467603, -25.982776], [32.54688, -25.9828782], [32.5469946, -25.9829853], [32.5471037, -25.9830969], [32.5472071, -25.9832128], [32.5473046, -25.9833329], [32.547396, -25.9834568], [32.5474812, -25.9835843], [32.5475598, -25.9837151], [32.5476319, -25.9838491], [32.5476972, -25.9839858], [32.5477557, -25.984125], [32.5478071, -25.9842665], [32.5478514, -25.98441], [32.5478885, -25.9845551], [32.5479183, -25.9847015], [32.5479408, -25.9848491], [32.5479559, -25.9849974], [32.5479635, -25.9851461], [32.5479596, -25.9853478], [32.547963, -25.9855495], [32.5479739, -25.985751], [32.5479922, -25.9859521], [32.5480178, -25.9861525], [32.5480508, -25.986352], [32.5480911, -25.9865504], [32.5481387, -25.9867475], [32.5481934, -25.9869431], [32.5482554, -25.9871369], [32.5483244, -25.9873287], [32.5484004, -25.9875184], [32.5484834, -25.9877057], [32.5485732, -25.9878904], [32.5486697, -25.9880723], [32.5487728, -25.9882511], [32.5488538, -25.9883278], [32.5489404, -25.9883993], [32.5490321, -25.9884653], [32.5491285, -25.9885256], [32.5492293, -25.9885799], [32.5493338, -25.9886279], [32.5494417, -25.9886694], [32.5495525, -25.9887042], [32.5496656, -25.9887321], [32.5497806, -25.9887531], [32.5498647, -25.9887129], [32.5499521, -25.9886789], [32.5500424, -25.9886515], [32.5501347, -25.9886308], [32.5502287, -25.9886169], [32.5503236, -25.9886099], [32.5504187, -25.9886099], [32.5505136, -25.9886168], [32.5506076, -25.9886307], [32.5506999, -25.9886514], [32.5507902, -25.9886788], [32.5508776, -25.9887128], [32.5509618, -25.988753], [32.551042, -25.9887992], [32.5511179, -25.9888512], [32.5511888, -25.9889085], [32.5512544, -25.9889709], [32.5513142, -25.9890378], [32.5513678, -25.989109], [32.5514148, -25.9891838], [32.551455, -25.9892617], [32.551488, -25.9893424], [32.5514812, -25.9894841], [32.5514667, -25.9896254], [32.5514447, -25.9897658], [32.5514153, -25.9899051], [32.5513784, -25.990043], [32.5513341, -25.9901791], [32.5512826, -25.990313], [32.551224, -25.9904446], [32.5511584, -25.9905735], [32.551086, -25.9906993], [32.5510069, -25.9908218], [32.5509214, -25.9909407], [32.5508295, -25.9910558], [32.5507317, -25.9911666], [32.5506279, -25.9912731], [32.5505187, -25.9913749], [32.550404, -25.9914718], [32.5502844, -25.9915635], [32.5501599, -25.99165], [32.5500887, -25.9917319], [32.5500233, -25.9918177], [32.5499641, -25.991907], [32.5499111, -25.9919996], [32.5498647, -25.992095], [32.549825, -25.9921928], [32.5497923, -25.9922926], [32.5497665, -25.9923942], [32.5497478, -25.992497], [32.5497363, -25.9926007], [32.5497321, -25.9927048], [32.5497351, -25.9928089], [32.5497453, -25.9929127], [32.5497627, -25.9930157], [32.5497873, -25.9931175], [32.5498189, -25.9932176], [32.5498574, -25.9933158], [32.5499603, -25.9934624], [32.5500564, -25.9936127], [32.5501455, -25.9937664], [32.5502275, -25.9939234], [32.5503022, -25.9940833], [32.5503694, -25.9942459], [32.5504291, -25.9944109], [32.5504812, -25.994578], [32.5505255, -25.9947469], [32.550562, -25.9949173], [32.5505907, -25.9950889], [32.5506114, -25.9952615], [32.5506242, -25.9954347], [32.550629, -25.9956082], [32.5508392, -25.9955967], [32.5509776, -25.9955388], [32.5511544, -25.9954649], [32.5513265, -25.995393], [32.5514353, -25.9953933], [32.5515152, -25.9954764], [32.5515204, -25.9956214], [32.5514256, -25.9957486], [32.5512675, -25.9958432], [32.5511641, -25.995905], [32.5511464, -25.9960602], [32.5512089, -25.996195], [32.5515447, -25.9964159], [32.5516798, -25.9964518], [32.5518664, -25.9965013], [32.5519339, -25.9965382], [32.5519689, -25.9966068], [32.5519578, -25.9966826], [32.5519196, -25.9967485], [32.5518058, -25.9967873], [32.5515593, -25.9968159], [32.5514806, -25.9968524], [32.5514371, -25.9969085], [32.5514314, -25.9969795], [32.5514691, -25.9970456], [32.551569, -25.9971047], [32.5516988, -25.9971491], [32.551815, -25.9972106], [32.5521217, -25.9977205], [32.5521756, -25.9977818], [32.5522458, -25.9978163], [32.5523271, -25.9978303], [32.5524337, -25.9978058], [32.5528473, -25.9977105], [32.5530044, -25.9976743], [32.5530912, -25.9976354], [32.5531751, -25.9976332], [32.5532346, -25.9976456], [32.5532967, -25.9977021], [32.5533235, -25.9977756], [32.5533007, -25.9980838], [32.5532729, -25.9981178], [32.5532398, -25.9981476], [32.553202, -25.9981725], [32.5531605, -25.998192], [32.5531161, -25.9982055], [32.5530701, -25.9982127], [32.5530543, -25.9982522], [32.5530435, -25.998293], [32.5530377, -25.9983346], [32.553037, -25.9983765], [32.5530475, -25.9984196], [32.5530653, -25.9984608], [32.55309, -25.9984989], [32.553121, -25.998533], [32.5531575, -25.9985624], [32.5531986, -25.9985862], [32.5532434, -25.998604], [32.5532906, -25.9986152], [32.5533392, -25.9986197], [32.5534043, -25.9985905], [32.5534614, -25.9985246], [32.5534715, -25.9985114], [32.5534838, -25.9984999], [32.553498, -25.9984904], [32.5535138, -25.9984831], [32.5535307, -25.9984782], [32.5535483, -25.998476], [32.5535612, -25.9984724], [32.5535747, -25.9984708], [32.5535882, -25.9984714], [32.5536014, -25.9984741], [32.553614, -25.9984787], [32.5536254, -25.9984853], [32.5536355, -25.9984935], [32.5536438, -25.9985031], [32.5536502, -25.9985139], [32.5536545, -25.9985255], [32.5536565, -25.9985377], [32.5536562, -25.9985499], [32.5536535, -25.9985619], [32.5535238, -25.9991152], [32.5535248, -25.9991284], [32.5535284, -25.9991412], [32.5535344, -25.9991533], [32.5535426, -25.9991642], [32.5535527, -25.9991737], [32.5535645, -25.9991815], [32.5535776, -25.9991874], [32.5535917, -25.9991911], [32.5536062, -25.9991925], [32.5536208, -25.9991917], [32.553635, -25.9991886], [32.5536485, -25.9991833], [32.5537301, -25.9990613], [32.5537418, -25.9990485], [32.5537557, -25.9990377], [32.5537713, -25.9990292], [32.5537884, -25.9990231], [32.5538063, -25.9990198], [32.5538246, -25.9990191], [32.5538427, -25.9990213], [32.5538602, -25.9990262], [32.5538766, -25.9990337], [32.5538913, -25.9990435], [32.5539039, -25.9990555], [32.5539142, -25.9990692], [32.553962, -25.9993042], [32.5539693, -25.9993442], [32.5539816, -25.9993833], [32.553999, -25.9994207], [32.554021, -25.9994561], [32.5540415, -25.9994649], [32.5540632, -25.9994707], [32.5540857, -25.9994734], [32.5541083, -25.9994728], [32.5541306, -25.999469], [32.5541519, -25.9994621], [32.5541718, -25.9994523], [32.5541897, -25.9994397], [32.5542052, -25.9994248], [32.5543279, -25.999205], [32.5543632, -25.9991684], [32.5545666, -25.9990859], [32.5546075, -25.9990658], [32.5546508, -25.9990503], [32.5546958, -25.9990397], [32.554742, -25.999034], [32.5547885, -25.9990333], [32.5548348, -25.9990378], [32.5548403, -25.9990584], [32.5548422, -25.9990797], [32.5548404, -25.9991009], [32.5548348, -25.9991216], [32.5548258, -25.9991412], [32.5548134, -25.9991594], [32.5547981, -25.9991755], [32.5547801, -25.9991893], [32.5547423, -25.9992209], [32.5547097, -25.999257], [32.554683, -25.9992968], [32.5546628, -25.9993396], [32.5546494, -25.9993846], [32.5546471, -25.9994299], [32.5546529, -25.9994749], [32.5546664, -25.9995185], [32.5546874, -25.9995597], [32.5547154, -25.9995973], [32.5547496, -25.9996304], [32.5547892, -25.9996583], [32.5548332, -25.99968], [32.5548804, -25.9996953], [32.5549298, -25.9997035], [32.5549376, -25.9997039], [32.5549453, -25.999703], [32.5549528, -25.9997009], [32.5549598, -25.9996977], [32.5549661, -25.9996935], [32.5549715, -25.9996884], [32.5549758, -25.9996825], [32.554979, -25.999676], [32.5549808, -25.9996691], [32.5549814, -25.9996621], [32.5549957, -25.9996143], [32.555017, -25.9995686], [32.5550447, -25.9995259], [32.5550784, -25.9994868], [32.5551175, -25.9994521], [32.5551528, -25.9994194], [32.555193, -25.9993918], [32.5552372, -25.9993697], [32.5552845, -25.9993538], [32.5553339, -25.9993443], [32.5553843, -25.9993415], [32.5554347, -25.9993454], [32.5554807, -25.9993484], [32.5555256, -25.9993578], [32.5555684, -25.9993732], [32.5556082, -25.9993944], [32.5556438, -25.9994208], [32.5556746, -25.9994518], [32.5556998, -25.9994867], [32.5557188, -25.9995247], [32.5557312, -25.9995648], [32.5557366, -25.9996062], [32.5557349, -25.9996479], [32.5557304, -25.999664], [32.5557228, -25.9996792], [32.5557125, -25.999693], [32.5556997, -25.999705], [32.5556848, -25.9997148], [32.5556682, -25.9997221], [32.5556505, -25.9997268], [32.5556322, -25.9997286], [32.5556138, -25.9997276], [32.5555959, -25.9997238], [32.555579, -25.9997172], [32.5555635, -25.999708], [32.5555501, -25.9996967], [32.555539, -25.9996834], [32.5555396, -25.9996524], [32.5555352, -25.9996217], [32.5555261, -25.9995918], [32.5555124, -25.9995634], [32.5554528, -25.9995608], [32.5552097, -25.9997306], [32.5551811, -25.999807], [32.5551538, -25.9998804], [32.5552771, -26.0001963], [32.5553176, -26.0002405], [32.5554202, -26.0002995], [32.555446, -26.0003161], [32.5554745, -26.0003285], [32.5555049, -26.0003365], [32.5555364, -26.0003397], [32.5555679, -26.0003382], [32.5555988, -26.0003319], [32.555613, -26.0003216], [32.5556252, -26.0003092], [32.5556348, -26.0002953], [32.5556418, -26.00028], [32.5556459, -26.000264], [32.555647, -26.0002475], [32.555645, -26.0002311], [32.55564, -26.0002153], [32.5556322, -26.0002004], [32.5556217, -26.0001869], [32.5556089, -26.0001751], [32.5555942, -26.0001654], [32.5555778, -26.0001581], [32.5555579, -26.0001482], [32.5555401, -26.0001354], [32.5555248, -26.0001202], [32.5555125, -26.0001029], [32.5555034, -26.0000841], [32.5554978, -26.0000642], [32.5554959, -26.0000437], [32.5554977, -26.0000232], [32.5555032, -26.0000033], [32.5555121, -25.9999844], [32.5555244, -25.9999671], [32.5556113, -25.999894], [32.5557196, -25.9998461], [32.5557322, -25.9998362], [32.5557465, -25.9998285], [32.5557621, -25.9998231], [32.5557784, -25.9998202], [32.5557951, -25.9998198], [32.5558116, -25.9998221], [32.5558274, -25.9998269], [32.555842, -25.999834], [32.5558551, -25.9998434], [32.5558838, -25.999857], [32.5559146, -25.999866], [32.5559466, -25.9998703], [32.555979, -25.9998697], [32.5560108, -25.9998641], [32.5560411, -25.9998539], [32.556069, -25.9998391], [32.5561135, -25.9998397], [32.5561575, -25.9998461], [32.5561999, -25.9998582], [32.55624, -25.9998757], [32.5562768, -25.9998983], [32.5563097, -25.9999255], [32.556335, -25.9999407], [32.5563627, -25.9999522], [32.556392, -25.9999599], [32.5564222, -25.9999634], [32.5564526, -25.9999627], [32.5564735, -25.9999795], [32.5564913, -25.9999989], [32.5565057, -26.0000205], [32.5565162, -26.0000439], [32.5565227, -26.0000684], [32.5565249, -26.0000936], [32.5565229, -26.0001187], [32.5565166, -26.0001433], [32.5564941, -26.0001639], [32.5564683, -26.0001809], [32.5564397, -26.000194], [32.5564093, -26.0002029], [32.5563776, -26.0002072], [32.5563456, -26.0002069], [32.556314, -26.000202], [32.5562649, -26.0002018], [32.5562162, -26.0002072], [32.5561685, -26.0002181], [32.5561228, -26.0002343], [32.5560797, -26.0002555], [32.5560398, -26.0002814], [32.556027, -26.0002885], [32.5560157, -26.0002975], [32.5560063, -26.000308], [32.5559988, -26.0003198], [32.5559937, -26.0003325], [32.5559909, -26.0003459], [32.5559906, -26.0003594], [32.5559928, -26.0003729], [32.5559974, -26.0003858], [32.5560043, -26.0003978], [32.5560133, -26.0004087], [32.5560242, -26.000418], [32.5560366, -26.0004256], [32.5562428, -26.0004293], [32.5562837, -26.0004365], [32.5563252, -26.0004394], [32.5563668, -26.000438], [32.5564079, -26.0004322], [32.5564273, -26.0004094], [32.5564506, -26.0003898], [32.5564771, -26.0003739], [32.5565062, -26.0003622], [32.556537, -26.0003549], [32.5565687, -26.0003524], [32.5566004, -26.0003545], [32.5566431, -26.0003856], [32.5566812, -26.0004211], [32.5567143, -26.0004605], [32.5567419, -26.0005033], [32.5567635, -26.0005488], [32.5567788, -26.0005963], [32.5567876, -26.0006452], [32.5567783, -26.000656], [32.5567671, -26.0006653], [32.5567543, -26.0006728], [32.5567403, -26.0006782], [32.5567255, -26.0006815], [32.5567103, -26.0006825], [32.5566952, -26.0006813], [32.5566804, -26.0006777], [32.5566513, -26.0006787], [32.5566225, -26.0006834], [32.5565949, -26.0006918], [32.5565688, -26.0007037], [32.5565449, -26.0007189], [32.5565338, -26.0007488], [32.5565282, -26.0007799], [32.5565285, -26.0008115], [32.5565345, -26.0008425], [32.5565461, -26.0008723], [32.556563, -26.0008999], [32.5565848, -26.0009245], [32.5566876, -26.0009273], [32.5567223, -26.0009431], [32.5567535, -26.0009641], [32.5567801, -26.0009896], [32.5568016, -26.0010189], [32.5568171, -26.0010511], [32.5568262, -26.0010852], [32.5568287, -26.0011203], [32.5568246, -26.0011552], [32.5568158, -26.0014097], [32.5568127, -26.0014977], [32.5568558, -26.0015737], [32.556909, -26.0015985], [32.5569585, -26.0016289], [32.5570037, -26.0016643], [32.5570439, -26.0017044], [32.5570037, -26.0018433], [32.5568341, -26.0024285], [32.5567472, -26.0027957], [32.5565612, -26.0035815], [32.5564154, -26.0041975], [32.5563104, -26.0047844], [32.5560629, -26.0057941], [32.5574812, -26.0059012], [32.5575658, -26.0057082], [32.5577769, -26.0050287], [32.5580068, -26.0043565], [32.5582945, -26.0034186], [32.5585839, -26.0025382], [32.5587574, -26.0020101], [32.5588177, -26.0018268], [32.5588075, -26.0016408], [32.5587491, -26.0013251], [32.5616935, -26.0004463], [32.5626422, -26.0001562], [32.5623155, -25.999156], [32.5621302, -25.9985473], [32.5618752, -25.9978658], [32.5615377, -25.9971318], [32.5613287, -25.9965465], [32.5612929, -25.9963263], [32.5609119, -25.9952285], [32.5605714, -25.9942508], [32.5604666, -25.9938742], [32.5604343, -25.993581], [32.5603066, -25.9932061], [32.5602351, -25.9927975], [32.5600893, -25.9918373], [32.5600536, -25.9912852], [32.5600259, -25.9905217], [32.5599587, -25.9899648], [32.5598575, -25.9878928], [32.5598872, -25.9863154], [32.5599774, -25.984553], [32.5601528, -25.9830447], [32.5603016, -25.9818853], [32.5604039, -25.9809413], [32.5604718, -25.9807341], [32.5613675, -25.9804575], [32.5613397, -25.9803976], [32.5604976, -25.980658], [32.5604797, -25.9806068], [32.5610685, -25.9804132], [32.5610938, -25.9804359], [32.561166, -25.98041], [32.5611329, -25.9803331], [32.5605262, -25.9805227], [32.560223, -25.980636], [32.5599815, -25.9806023], [32.5596766, -25.9805901], [32.5594197, -25.98055], [32.5592369, -25.9805143], [32.5588708, -25.9804037], [32.5584016, -25.9801308], [32.5581653, -25.9801249], [32.5578703, -25.9796431], [32.5576224, -25.9791346], [32.5571019, -25.9783579], [32.5569196, -25.9779748], [32.5568178, -25.9776857], [32.5566946, -25.977125], [32.5566718, -25.9769454], [32.5566772, -25.9767392], [32.5566933, -25.9764897], [32.5567442, -25.97621], [32.5567536, -25.9760556], [32.5567536, -25.9759025], [32.556763, -25.9758326], [32.5567938, -25.9758097], [32.5568971, -25.975826], [32.55693, -25.9758299], [32.5569514, -25.9758133], [32.5569796, -25.9757117], [32.5569762, -25.975697], [32.5569628, -25.9756885], [32.5568984, -25.9756722], [32.5568287, -25.9756518], [32.5567549, -25.9756192], [32.5566812, -25.9755758], [32.5565377, -25.9754745], [32.5563472, -25.9753299], [32.5549585, -25.9740633], [32.5564995, -25.9723414], [32.5502961, -25.9740914], [32.5442236, -25.9724131]]]]}}, {"type": "Feature", "properties": {"name": "Incassane", "code": "incassane"}, "geometry": {"type": "MultiPolygon", "coordinates": [[[[32.4403997, -26.0598124], [32.4399695, -26.0660518], [32.441114, -26.0703425], [32.4452748, -26.0756465], [32.4477821, -26.0796122], [32.4504166, -26.0879021], [32.4512317, -26.0900247], [32.47481, -26.0810787], [32.4794831, -26.0791509], [32.4798088, -26.0790997], [32.4812341, -26.0785029], [32.48161, -26.0782913], [32.4819392, -26.078199], [32.4820277, -26.0780888], [32.4824456, -26.0779479], [32.4844814, -26.0771146], [32.4851535, -26.0769019], [32.4855074, -26.0767162], [32.4859221, -26.0765692], [32.4876879, -26.0758381], [32.488032, -26.0758069], [32.4919783, -26.07413], [32.4923145, -26.0739876], [32.4928584, -26.0738097], [32.4932903, -26.0736565], [32.4946075, -26.073109], [32.4954202, -26.0728371], [32.4961243, -26.0725515], [32.4965948, -26.0723568], [32.4972983, -26.0720479], [32.497656, -26.0719116], [32.500207, -26.0708948], [32.5012601, -26.0705049], [32.5018755, -26.0702296], [32.5025203, -26.0700025], [32.5027808, -26.06987], [32.5036037, -26.0695455], [32.504112, -26.0693358], [32.5045616, -26.069172], [32.5050705, -26.0689443], [32.5058769, -26.0685929], [32.5072369, -26.068079], [32.5075466, -26.067932], [32.5079636, -26.0677966], [32.5098099, -26.0670879], [32.5107266, -26.0666911], [32.5115648, -26.0663847], [32.5125698, -26.0659705], [32.5147011, -26.0651431], [32.5157577, -26.0650462], [32.5163242, -26.0650309], [32.5183113, -26.0649077], [32.5188133, -26.0649048], [32.5196091, -26.0648366], [32.5243083, -26.0645163], [32.5244543, -26.0645376], [32.5244654, -26.0645373], [32.5245206, -26.063469], [32.5248164, -26.0609942], [32.5249465, -26.0593369], [32.5251014, -26.0578996], [32.5252477, -26.0565415], [32.525261, -26.0564843], [32.525316, -26.0553328], [32.5253852, -26.0550512], [32.5254565, -26.0542366], [32.5255549, -26.053114], [32.5258231, -26.0505582], [32.5260416, -26.0484758], [32.5261082, -26.0473818], [32.5263089, -26.0454248], [32.5263933, -26.0442106], [32.5266232, -26.0420333], [32.5267782, -26.0401684], [32.5269661, -26.0385906], [32.52715, -26.0370457], [32.5272736, -26.0354604], [32.5273433, -26.0345661], [32.527492, -26.0333548], [32.5276529, -26.0314079], [32.5278416, -26.02962], [32.5280507, -26.0276381], [32.5281975, -26.0257161], [32.5283795, -26.0241793], [32.5284678, -26.0234336], [32.5286584, -26.0211156], [32.5287226, -26.0203339], [32.528853, -26.0192559], [32.528985, -26.0174422], [32.5291026, -26.0164022], [32.5292958, -26.0146929], [32.5294452, -26.0129646], [32.5295829, -26.0113724], [32.5297346, -26.0100803], [32.5297913, -26.0095974], [32.5298828, -26.0084716], [32.5300301, -26.0066589], [32.5301312, -26.0059152], [32.5302086, -26.0049981], [32.5303363, -26.0034839], [32.5303905, -26.0028411], [32.5409038, -25.9968945], [32.5486282, -25.997911], [32.5498162, -25.9970509], [32.5502403, -25.9967438], [32.5503845, -25.9963226], [32.550629, -25.9956082], [32.5506242, -25.9954347], [32.5506114, -25.9952615], [32.5505907, -25.9950889], [32.550562, -25.9949173], [32.5505255, -25.9947469], [32.5504812, -25.994578], [32.5504291, -25.9944109], [32.5503694, -25.9942459], [32.5503022, -25.9940833], [32.5502275, -25.9939234], [32.5501455, -25.9937664], [32.5500564, -25.9936127], [32.5499603, -25.9934624], [32.5498574, -25.9933158], [32.5498189, -25.9932176], [32.5497873, -25.9931175], [32.5497627, -25.9930157], [32.5497453, -25.9929127], [32.5497351, -25.9928089], [32.5497321, -25.9927048], [32.5497363, -25.9926007], [32.5497478, -25.992497], [32.5497665, -25.9923942], [32.5497923, -25.9922926], [32.549825, -25.9921928], [32.5498647, -25.992095], [32.5499111, -25.9919996], [32.5499641, -25.991907], [32.5500233, -25.9918177], [32.5500887, -25.9917319], [32.5501599, -25.99165], [32.5502844, -25.9915635], [32.550404, -25.9914718], [32.5505187, -25.9913749], [32.5506279, -25.9912731], [32.5507317, -25.9911666], [32.5508295, -25.9910558], [32.5509214, -25.9909407], [32.5510069, -25.9908218], [32.551086, -25.9906993], [32.5511584, -25.9905735], [32.551224, -25.9904446], [32.5512826, -25.990313], [32.5513341, -25.9901791], [32.5513784, -25.990043], [32.5514153, -25.9899051], [32.5514447, -25.9897658], [32.5514667, -25.9896254], [32.5514812, -25.9894841], [32.551488, -25.9893424], [32.551455, -25.9892617], [32.5514148, -25.9891838], [32.5513678, -25.989109], [32.5513142, -25.9890378], [32.5512544, -25.9889709], [32.5511888, -25.9889085], [32.5511179, -25.9888512], [32.551042, -25.9887992], [32.5509618, -25.988753], [32.5508776, -25.9887128], [32.5507902, -25.9886788], [32.5506999, -25.9886514], [32.5506076, -25.9886307], [32.5505136, -25.9886168], [32.5504187, -25.9886099], [32.5503236, -25.9886099], [32.5502287, -25.9886169], [32.5501347, -25.9886308], [32.5500424, -25.9886515], [32.5499521, -25.9886789], [32.5498647, -25.9887129], [32.5497806, -25.9887531], [32.5496656, -25.9887321], [32.5495525, -25.9887042], [32.5494417, -25.9886694], [32.5493338, -25.9886279], [32.5492293, -25.9885799], [32.5491285, -25.9885256], [32.5490321, -25.9884653], [32.5489404, -25.9883993], [32.5488538, -25.9883278], [32.5487728, -25.9882511], [32.5486697, -25.9880723], [32.5485732, -25.9878904], [32.5484834, -25.9877057], [32.5484004, -25.9875184], [32.5483244, -25.9873287], [32.5482554, -25.9871369], [32.5481934, -25.9869431], [32.5481387, -25.9867475], [32.5480911, -25.9865504], [32.5480508, -25.986352], [32.5480178, -25.9861525], [32.5479922, -25.9859521], [32.5479739, -25.985751], [32.547963, -25.9855495], [32.5479596, -25.9853478], [32.5479635, -25.9851461], [32.5479559, -25.9849974], [32.5479408, -25.9848491], [32.5479183, -25.9847015], [32.5478885, -25.9845551], [32.5478514, -25.98441], [32.5478071, -25.9842665], [32.5477557, -25.984125], [32.5476972, -25.9839858], [32.5476319, -25.9838491], [32.5475598, -25.9837151], [32.5474812, -25.9835843], [32.547396, -25.9834568], [32.5473046, -25.9833329], [32.5472071, -25.9832128], [32.5471037, -25.9830969], [32.5469946, -25.9829853], [32.54688, -25.9828782], [32.5467603, -25.982776], [32.5466355, -25.9826787], [32.546506, -25.9825866], [32.544223, -25.9811802], [32.5439017, -25.9807169], [32.5438358, -25.9803517], [32.5437997, -25.9792566], [32.5438146, -25.9788942], [32.5442236, -25.9724131], [32.5407475, -25.9712364], [32.5351685, -25.9700596], [32.5258129, -25.9658155], [32.5156849, -25.9626324], [32.5093978, -25.9617256], [32.5068541, -25.962505], [32.5031098, -25.9636522], [32.4983559, -25.9650064], [32.4930558, -25.9664532], [32.4868116, -25.9698678], [32.4867424, -25.970002], [32.483829, -25.9756549], [32.4801168, -25.9831392], [32.4790869, -25.9879999], [32.4812326, -25.9922432], [32.4883385, -26.001011], [32.4884853, -26.0011921], [32.4901161, -26.0083855], [32.4931631, -26.0165234], [32.4938498, -26.0211706], [32.4937639, -26.0246414], [32.4927769, -26.0296931], [32.4880991, -26.036345], [32.4838076, -26.0424759], [32.479516, -26.0500137], [32.4734864, -26.055103], [32.4645815, -26.0575125], [32.4538526, -26.0547174], [32.4534455, -26.054654], [32.4456344, -26.0547174], [32.4404201, -26.0595173], [32.4403997, -26.0598124]]]]}}, {"type": "Feature", "properties": {"name": "Chamissava", "code": "chamissava"}, "geometry": {"type": "MultiPolygon", "coordinates": [[[[32.5244654, -26.0645373], [32.5247795, -26.0645281], [32.52496, -26.0644933], [32.5250501, -26.0645042], [32.5257361, -26.0644475], [32.5260944, -26.0644487], [32.5268022, -26.0643846], [32.5272633, -26.0643617], [32.5273778, -26.0643515], [32.5274914, -26.0643356], [32.527604, -26.0643142], [32.527715, -26.0642872], [32.5278243, -26.0642548], [32.5283093, -26.0640597], [32.5288987, -26.0637938], [32.5301278, -26.0633091], [32.5312765, -26.062796], [32.5318038, -26.0625814], [32.5324226, -26.0622824], [32.5326369, -26.0622096], [32.5329856, -26.0620574], [32.5333964, -26.0619727], [32.5335877, -26.0619532], [32.5340372, -26.0619233], [32.5349755, -26.0618803], [32.5353741, -26.0618439], [32.5356279, -26.0618341], [32.5362498, -26.0618101], [32.5372848, -26.061734], [32.5376609, -26.0617236], [32.5381916, -26.0616834], [32.5383307, -26.0616546], [32.5393809, -26.0616039], [32.5394869, -26.061583], [32.5400498, -26.0615659], [32.5405612, -26.061535], [32.5420761, -26.0614435], [32.5424133, -26.0614061], [32.5427724, -26.0613926], [32.5433332, -26.0613399], [32.5439471, -26.0613189], [32.5449057, -26.061248], [32.5453396, -26.0612417], [32.5467669, -26.0611583], [32.5468781, -26.0611356], [32.5482938, -26.0610668], [32.548627, -26.0610369], [32.5528795, -26.0607733], [32.5531519, -26.0607863], [32.5534645, -26.0607374], [32.5537077, -26.0607531], [32.5538645, -26.0607354], [32.5540481, -26.0607315], [32.5542707, -26.0607809], [32.554738, -26.0608287], [32.5550147, -26.060823], [32.5553824, -26.0606848], [32.555456, -26.0606297], [32.5557768, -26.0606241], [32.5582303, -26.0604874], [32.5583223, -26.0604784], [32.5584149, -26.0604757], [32.5585074, -26.0604792], [32.5585994, -26.0604889], [32.5593288, -26.0606129], [32.5595489, -26.0606821], [32.5598866, -26.0607163], [32.5601361, -26.0607679], [32.5603857, -26.0607775], [32.5607502, -26.0608626], [32.5623274, -26.0610978], [32.562639, -26.0611271], [32.5628542, -26.0611786], [32.5631699, -26.0612215], [32.5634267, -26.0612776], [32.5636567, -26.0613048], [32.5639773, -26.0613257], [32.5642197, -26.061322], [32.5646661, -26.0612822], [32.5648686, -26.0612819], [32.5651429, -26.0612363], [32.5653855, -26.0611752], [32.5656012, -26.061094], [32.5658126, -26.0610518], [32.5658538, -26.0610421], [32.5661107, -26.0610159], [32.5663973, -26.0609482], [32.5673122, -26.0608043], [32.5674702, -26.0607591], [32.5676025, -26.060744], [32.5678965, -26.0606697], [32.5681953, -26.060622], [32.5687698, -26.0604933], [32.5689794, -26.0604253], [32.5691974, -26.0603862], [32.5695639, -26.0602974], [32.5696571, -26.0602897], [32.5698056, -26.0602493], [32.5699322, -26.0602313], [32.5703085, -26.0601223], [32.570442, -26.0600635], [32.5707501, -26.0599572], [32.5709646, -26.0598337], [32.5707723, -26.0597329], [32.5704455, -26.059649], [32.5700307, -26.0596872], [32.5694554, -26.0597402], [32.5686231, -26.0598168], [32.5679899, -26.0598751], [32.5675735, -26.0598663], [32.5670782, -26.059638], [32.5665876, -26.0590766], [32.5659999, -26.058404], [32.5653464, -26.0576562], [32.564429, -26.0570828], [32.5633034, -26.0563792], [32.5617929, -26.0562208], [32.5599441, -26.056027], [32.5592354, -26.0554303], [32.5581751, -26.0545375], [32.5573915, -26.0534321], [32.5571985, -26.0523641], [32.5553918, -26.0509709], [32.5543725, -26.0496868], [32.5534347, -26.0476914], [32.5528145, -26.0450564], [32.5518794, -26.0423494], [32.549418, -26.0371113], [32.5487955, -26.0351168], [32.5486098, -26.0338998], [32.5487717, -26.0326979], [32.5493611, -26.0283219], [32.5499406, -26.024019], [32.5504675, -26.0201067], [32.5510689, -26.0172977], [32.5532562, -26.0116114], [32.5541724, -26.0088389], [32.5560629, -26.0057941], [32.5563104, -26.0047844], [32.5564154, -26.0041975], [32.5565612, -26.0035815], [32.5567472, -26.0027957], [32.5568341, -26.0024285], [32.5570037, -26.0018433], [32.5570439, -26.0017044], [32.5570037, -26.0016643], [32.5569585, -26.0016289], [32.556909, -26.0015985], [32.5568558, -26.0015737], [32.5568127, -26.0014977], [32.5568158, -26.0014097], [32.5568246, -26.0011552], [32.5568287, -26.0011203], [32.5568262, -26.0010852], [32.5568171, -26.0010511], [32.5568016, -26.0010189], [32.5567801, -26.0009896], [32.5567535, -26.0009641], [32.5567223, -26.0009431], [32.5566876, -26.0009273], [32.5565848, -26.0009245], [32.556563, -26.0008999], [32.5565461, -26.0008723], [32.5565345, -26.0008425], [32.5565285, -26.0008115], [32.5565282, -26.0007799], [32.5565338, -26.0007488], [32.5565449, -26.0007189], [32.5565688, -26.0007037], [32.5565949, -26.0006918], [32.5566225, -26.0006834], [32.5566513, -26.0006787], [32.5566804, -26.0006777], [32.5566952, -26.0006813], [32.5567103, -26.0006825], [32.5567255, -26.0006815], [32.5567403, -26.0006782], [32.5567543, -26.0006728], [32.5567671, -26.0006653], [32.5567783, -26.000656], [32.5567876, -26.0006452], [32.5567788, -26.0005963], [32.5567635, -26.0005488], [32.5567419, -26.0005033], [32.5567143, -26.0004605], [32.5566812, -26.0004211], [32.5566431, -26.0003856], [32.5566004, -26.0003545], [32.5565687, -26.0003524], [32.556537, -26.0003549], [32.5565062, -26.0003622], [32.5564771, -26.0003739], [32.5564506, -26.0003898], [32.5564273, -26.0004094], [32.5564079, -26.0004322], [32.5563668, -26.000438], [32.5563252, -26.0004394], [32.5562837, -26.0004365], [32.5562428, -26.0004293], [32.5560366, -26.0004256], [32.5560242, -26.000418], [32.5560133, -26.0004087], [32.5560043, -26.0003978], [32.5559974, -26.0003858], [32.5559928, -26.0003729], [32.5559906, -26.0003594], [32.5559909, -26.0003459], [32.5559937, -26.0003325], [32.5559988, -26.0003198], [32.5560063, -26.000308], [32.5560157, -26.0002975], [32.556027, -26.0002885], [32.5560398, -26.0002814], [32.5560797, -26.0002555], [32.5561228, -26.0002343], [32.5561685, -26.0002181], [32.5562162, -26.0002072], [32.5562649, -26.0002018], [32.556314, -26.000202], [32.5563456, -26.0002069], [32.5563776, -26.0002072], [32.5564093, -26.0002029], [32.5564397, -26.000194], [32.5564683, -26.0001809], [32.5564941, -26.0001639], [32.5565166, -26.0001433], [32.5565229, -26.0001187], [32.5565249, -26.0000936], [32.5565227, -26.0000684], [32.5565162, -26.0000439], [32.5565057, -26.0000205], [32.5564913, -25.9999989], [32.5564735, -25.9999795], [32.5564526, -25.9999627], [32.5564222, -25.9999634], [32.556392, -25.9999599], [32.5563627, -25.9999522], [32.556335, -25.9999407], [32.5563097, -25.9999255], [32.5562768, -25.9998983], [32.55624, -25.9998757], [32.5561999, -25.9998582], [32.5561575, -25.9998461], [32.5561135, -25.9998397], [32.556069, -25.9998391], [32.5560411, -25.9998539], [32.5560108, -25.9998641], [32.555979, -25.9998697], [32.5559466, -25.9998703], [32.5559146, -25.999866], [32.5558838, -25.999857], [32.5558551, -25.9998434], [32.555842, -25.999834], [32.5558274, -25.9998269], [32.5558116, -25.9998221], [32.5557951, -25.9998198], [32.5557784, -25.9998202], [32.5557621, -25.9998231], [32.5557465, -25.9998285], [32.5557322, -25.9998362], [32.5557196, -25.9998461], [32.5556113, -25.999894], [32.5555244, -25.9999671], [32.5555121, -25.9999844], [32.5555032, -26.0000033], [32.5554977, -26.0000232], [32.5554959, -26.0000437], [32.5554978, -26.0000642], [32.5555034, -26.0000841], [32.5555125, -26.0001029], [32.5555248, -26.0001202], [32.5555401, -26.0001354], [32.5555579, -26.0001482], [32.5555778, -26.0001581], [32.5555942, -26.0001654], [32.5556089, -26.0001751], [32.5556217, -26.0001869], [32.5556322, -26.0002004], [32.55564, -26.0002153], [32.555645, -26.0002311], [32.555647, -26.0002475], [32.5556459, -26.000264], [32.5556418, -26.00028], [32.5556348, -26.0002953], [32.5556252, -26.0003092], [32.555613, -26.0003216], [32.5555988, -26.0003319], [32.5555679, -26.0003382], [32.5555364, -26.0003397], [32.5555049, -26.0003365], [32.5554745, -26.0003285], [32.555446, -26.0003161], [32.5554202, -26.0002995], [32.5553176, -26.0002405], [32.5552771, -26.0001963], [32.5551538, -25.9998804], [32.5551811, -25.999807], [32.5552097, -25.9997306], [32.5554528, -25.9995608], [32.5555124, -25.9995634], [32.5555261, -25.9995918], [32.5555352, -25.9996217], [32.5555396, -25.9996524], [32.555539, -25.9996834], [32.5555501, -25.9996967], [32.5555635, -25.999708], [32.555579, -25.9997172], [32.5555959, -25.9997238], [32.5556138, -25.9997276], [32.5556322, -25.9997286], [32.5556505, -25.9997268], [32.5556682, -25.9997221], [32.5556848, -25.9997148], [32.5556997, -25.999705], [32.5557125, -25.999693], [32.5557228, -25.9996792], [32.5557304, -25.999664], [32.5557349, -25.9996479], [32.5557366, -25.9996062], [32.5557312, -25.9995648], [32.5557188, -25.9995247], [32.5556998, -25.9994867], [32.5556746, -25.9994518], [32.5556438, -25.9994208], [32.5556082, -25.9993944], [32.5555684, -25.9993732], [32.5555256, -25.9993578], [32.5554807, -25.9993484], [32.5554347, -25.9993454], [32.5553843, -25.9993415], [32.5553339, -25.9993443], [32.5552845, -25.9993538], [32.5552372, -25.9993697], [32.555193, -25.9993918], [32.5551528, -25.9994194], [32.5551175, -25.9994521], [32.5550784, -25.9994868], [32.5550447, -25.9995259], [32.555017, -25.9995686], [32.5549957, -25.9996143], [32.5549814, -25.9996621], [32.5549808, -25.9996691], [32.554979, -25.999676], [32.5549758, -25.9996825], [32.5549715, -25.9996884], [32.5549661, -25.9996935], [32.5549598, -25.9996977], [32.5549528, -25.9997009], [32.5549453, -25.999703], [32.5549376, -25.9997039], [32.5549298, -25.9997035], [32.5548804, -25.9996953], [32.5548332, -25.99968], [32.5547892, -25.9996583], [32.5547496, -25.9996304], [32.5547154, -25.9995973], [32.5546874, -25.9995597], [32.5546664, -25.9995185], [32.5546529, -25.9994749], [32.5546471, -25.9994299], [32.5546494, -25.9993846], [32.5546628, -25.9993396], [32.554683, -25.9992968], [32.5547097, -25.999257], [32.5547423, -25.9992209], [32.5547801, -25.9991893], [32.5547981, -25.9991755], [32.5548134, -25.9991594], [32.5548258, -25.9991412], [32.5548348, -25.9991216], [32.5548404, -25.9991009], [32.5548422, -25.9990797], [32.5548403, -25.9990584], [32.5548348, -25.9990378], [32.5547885, -25.9990333], [32.554742, -25.999034], [32.5546958, -25.9990397], [32.5546508, -25.9990503], [32.5546075, -25.9990658], [32.5545666, -25.9990859], [32.5543632, -25.9991684], [32.5543279, -25.999205], [32.5542052, -25.9994248], [32.5541897, -25.9994397], [32.5541718, -25.9994523], [32.5541519, -25.9994621], [32.5541306, -25.999469], [32.5541083, -25.9994728], [32.5540857, -25.9994734], [32.5540632, -25.9994707], [32.5540415, -25.9994649], [32.554021, -25.9994561], [32.553999, -25.9994207], [32.5539816, -25.9993833], [32.5539693, -25.9993442], [32.553962, -25.9993042], [32.5539142, -25.9990692], [32.5539039, -25.9990555], [32.5538913, -25.9990435], [32.5538766, -25.9990337], [32.5538602, -25.9990262], [32.5538427, -25.9990213], [32.5538246, -25.9990191], [32.5538063, -25.9990198], [32.5537884, -25.9990231], [32.5537713, -25.9990292], [32.5537557, -25.9990377], [32.5537418, -25.9990485], [32.5537301, -25.9990613], [32.5536485, -25.9991833], [32.553635, -25.9991886], [32.5536208, -25.9991917], [32.5536062, -25.9991925], [32.5535917, -25.9991911], [32.5535776, -25.9991874], [32.5535645, -25.9991815], [32.5535527, -25.9991737], [32.5535426, -25.9991642], [32.5535344, -25.9991533], [32.5535284, -25.9991412], [32.5535248, -25.9991284], [32.5535238, -25.9991152], [32.5536535, -25.9985619], [32.5536562, -25.9985499], [32.5536565, -25.9985377], [32.5536545, -25.9985255], [32.5536502, -25.9985139], [32.5536438, -25.9985031], [32.5536355, -25.9984935], [32.5536254, -25.9984853], [32.553614, -25.9984787], [32.5536014, -25.9984741], [32.5535882, -25.9984714], [32.5535747, -25.9984708], [32.5535612, -25.9984724], [32.5535483, -25.998476], [32.5535307, -25.9984782], [32.5535138, -25.9984831], [32.553498, -25.9984904], [32.5534838, -25.9984999], [32.5534715, -25.9985114], [32.5534614, -25.9985246], [32.5534043, -25.9985905], [32.5533392, -25.9986197], [32.5532906, -25.9986152], [32.5532434, -25.998604], [32.5531986, -25.9985862], [32.5531575, -25.9985624], [32.553121, -25.998533], [32.55309, -25.9984989], [32.5530653, -25.9984608], [32.5530475, -25.9984196], [32.553037, -25.9983765], [32.5530377, -25.9983346], [32.5530435, -25.998293], [32.5530543, -25.9982522], [32.5530701, -25.9982127], [32.5531161, -25.9982055], [32.5531605, -25.998192], [32.553202, -25.9981725], [32.5532398, -25.9981476], [32.5532729, -25.9981178], [32.5533007, -25.9980838], [32.5533235, -25.9977756], [32.5532967, -25.9977021], [32.5532346, -25.9976456], [32.5531751, -25.9976332], [32.5530912, -25.9976354], [32.5530044, -25.9976743], [32.5528473, -25.9977105], [32.5524337, -25.9978058], [32.5523271, -25.9978303], [32.5522458, -25.9978163], [32.5521756, -25.9977818], [32.5521217, -25.9977205], [32.551815, -25.9972106], [32.5516988, -25.9971491], [32.551569, -25.9971047], [32.5514691, -25.9970456], [32.5514314, -25.9969795], [32.5514371, -25.9969085], [32.5514806, -25.9968524], [32.5515593, -25.9968159], [32.5518058, -25.9967873], [32.5519196, -25.9967485], [32.5519578, -25.9966826], [32.5519689, -25.9966068], [32.5519339, -25.9965382], [32.5518664, -25.9965013], [32.5516798, -25.9964518], [32.5515447, -25.9964159], [32.5512089, -25.996195], [32.5511464, -25.9960602], [32.5511641, -25.995905], [32.5512675, -25.9958432], [32.5514256, -25.9957486], [32.5515204, -25.9956214], [32.5515152, -25.9954764], [32.5514353, -25.9953933], [32.5513265, -25.995393], [32.5511544, -25.9954649], [32.5509776, -25.9955388], [32.5508392, -25.9955967], [32.550629, -25.9956082], [32.5503845, -25.9963226], [32.5502403, -25.9967438], [32.5498162, -25.9970509], [32.5486282, -25.997911], [32.5409038, -25.9968945], [32.5303905, -26.0028411], [32.5303363, -26.0034839], [32.5302086, -26.0049981], [32.5301312, -26.0059152], [32.5300301, -26.0066589], [32.5298828, -26.0084716], [32.5297913, -26.0095974], [32.5297346, -26.0100803], [32.5295829, -26.0113724], [32.5294452, -26.0129646], [32.5292958, -26.0146929], [32.5291026, -26.0164022], [32.528985, -26.0174422], [32.528853, -26.0192559], [32.5287226, -26.0203339], [32.5286584, -26.0211156], [32.5284678, -26.0234336], [32.5283795, -26.0241793], [32.5281975, -26.0257161], [32.5280507, -26.0276381], [32.5278416, -26.02962], [32.5276529, -26.0314079], [32.527492, -26.0333548], [32.5273433, -26.0345661], [32.5272736, -26.0354604], [32.52715, -26.0370457], [32.5269661, -26.0385906], [32.5267782, -26.0401684], [32.5266232, -26.0420333], [32.5263933, -26.0442106], [32.5263089, -26.0454248], [32.5261082, -26.0473818], [32.5260416, -26.0484758], [32.5258231, -26.0505582], [32.5255549, -26.053114], [32.5254565, -26.0542366], [32.5253852, -26.0550512], [32.525316, -26.0553328], [32.525261, -26.0564843], [32.5252477, -26.0565415], [32.5251014, -26.0578996], [32.5249465, -26.0593369], [32.5248164, -26.0609942], [32.5245206, -26.063469], [32.5244654, -26.0645373]]]]}}, {"type": "Feature", "properties": {"name": "Costa do Sol", "code": "costa_do_sol"}, "geometry": {"type": "MultiPolygon", "coordinates": [[[[32.6168442, -25.9250245], [32.6181781, -25.9250463], [32.6188898, -25.925058], [32.6267017, -25.9296504], [32.6287962, -25.9307524], [32.6293415, -25.9309853], [32.6297037, -25.9311779], [32.6308186, -25.9324899], [32.6311857, -25.9328726], [32.631387, -25.9325587], [32.6317856, -25.9321032], [32.6320065, -25.931768], [32.6321842, -25.931537], [32.6336876, -25.930089], [32.6345246, -25.9291105], [32.6359008, -25.927502], [32.635886, -25.9274677], [32.6363033, -25.9270161], [32.6363968, -25.9269651], [32.6366769, -25.9267046], [32.6369823, -25.92636], [32.6373028, -25.9260715], [32.637593, -25.9258107], [32.6378522, -25.9255837], [32.6381769, -25.925292], [32.6385601, -25.9249961], [32.6387741, -25.9247462], [32.6393428, -25.9242506], [32.6397, -25.923916], [32.6401312, -25.9235346], [32.6406654, -25.9229926], [32.640948, -25.9227756], [32.6412405, -25.9224615], [32.6420425, -25.9218526], [32.6426636, -25.9213608], [32.643297, -25.9206765], [32.6435989, -25.9204865], [32.6438299, -25.9202482], [32.6440079, -25.9200125], [32.644111, -25.9197045], [32.6445452, -25.9192516], [32.6450042, -25.9187536], [32.6453633, -25.9183159], [32.6457604, -25.9179281], [32.646134, -25.9175924], [32.646616, -25.9168967], [32.6469833, -25.9164167], [32.6471427, -25.9160971], [32.6471036, -25.9159557], [32.6473874, -25.9155895], [32.6475349, -25.9154145], [32.6475294, -25.9153096], [32.6477998, -25.9148798], [32.6480004, -25.9146694], [32.6481309, -25.9146019], [32.6482749, -25.9145587], [32.6483192, -25.9145034], [32.6483561, -25.9143971], [32.6484753, -25.9142492], [32.6488387, -25.9139976], [32.6492705, -25.9137909], [32.6497074, -25.9136437], [32.6501321, -25.9134636], [32.6504081, -25.9133205], [32.6506069, -25.9126211], [32.6506892, -25.9124538], [32.6508504, -25.9123234], [32.6513607, -25.9118836], [32.6517152, -25.9115118], [32.652231, -25.9112197], [32.6525281, -25.911135], [32.6526495, -25.9110641], [32.6526823, -25.910668], [32.6530092, -25.9104807], [32.6531841, -25.9102248], [32.6532579, -25.9098911], [32.6534321, -25.9097887], [32.6536564, -25.9097069], [32.6541096, -25.9097732], [32.6543767, -25.9097188], [32.6545982, -25.9094934], [32.6547087, -25.9092671], [32.6547806, -25.9089697], [32.6550449, -25.9085841], [32.6552967, -25.9083761], [32.6556177, -25.9081927], [32.6557186, -25.9080414], [32.6560959, -25.9077569], [32.6561201, -25.9074116], [32.6556656, -25.9070278], [32.655867, -25.906778], [32.6562196, -25.9064447], [32.6564494, -25.9062645], [32.6566638, -25.9060478], [32.657144, -25.9056492], [32.6577585, -25.9052414], [32.6581086, -25.9049056], [32.6588856, -25.9042058], [32.6595149, -25.9038149], [32.6601563, -25.9033958], [32.660775, -25.9029519], [32.6613624, -25.9026712], [32.6617984, -25.9024371], [32.6620446, -25.9023041], [32.6622679, -25.9021348], [32.6625774, -25.9018763], [32.6628524, -25.9015945], [32.663071, -25.9013518], [32.6633096, -25.9009965], [32.6634767, -25.900691], [32.6635722, -25.900353], [32.6636373, -25.9001971], [32.6637442, -25.9001103], [32.664058, -25.9000079], [32.6646678, -25.8998525], [32.6648371, -25.8997819], [32.6650224, -25.8996898], [32.6651692, -25.8995694], [32.6653236, -25.8993198], [32.6653343, -25.8990934], [32.6652778, -25.8989066], [32.6651235, -25.8986263], [32.6650703, -25.8983738], [32.6650351, -25.8983231], [32.6650072, -25.8982794], [32.6649955, -25.8982335], [32.6649928, -25.8981937], [32.6650035, -25.8981418], [32.6652476, -25.8978668], [32.6653227, -25.8977908], [32.6654515, -25.8976798], [32.6655668, -25.897617], [32.6657076, -25.8975893], [32.6660791, -25.8976858], [32.6663111, -25.8977099], [32.666527, -25.8976484], [32.6666947, -25.8975507], [32.6667939, -25.8974156], [32.6668489, -25.8972141], [32.6668315, -25.8970223], [32.6668046, -25.8968558], [32.6668382, -25.896676], [32.6669522, -25.8965083], [32.6671359, -25.896366], [32.6673572, -25.8962731], [32.6677528, -25.8962224], [32.668253, -25.8961476], [32.6690201, -25.8960137], [32.6693206, -25.8959111], [32.6695526, -25.8957869], [32.669743, -25.8956059], [32.6700863, -25.8952005], [32.6701601, -25.8950859], [32.6701695, -25.8949713], [32.6701346, -25.8946842], [32.6701426, -25.894537], [32.6701936, -25.8943874], [32.6707676, -25.893304], [32.6707998, -25.8931037], [32.6707596, -25.8929372], [32.6705933, -25.8926018], [32.6704967, -25.8923412], [32.6703599, -25.891808], [32.6703197, -25.8915932], [32.6703089, -25.8914569], [32.6703586, -25.8912964], [32.6704296, -25.8911323], [32.6704591, -25.8909731], [32.670443, -25.8907438], [32.6702633, -25.8901985], [32.6702794, -25.8899934], [32.6703304, -25.8898028], [32.6704672, -25.8895977], [32.6707274, -25.8893877], [32.6719773, -25.888256], [32.6724306, -25.8878482], [32.6727337, -25.8876117], [32.6729402, -25.8874669], [32.6731172, -25.8873632], [32.6732245, -25.8873463], [32.6733372, -25.8873801], [32.6735142, -25.8874887], [32.6736376, -25.8875683], [32.6737341, -25.8876093], [32.673836, -25.8876286], [32.6739219, -25.8876093], [32.6740064, -25.8875418], [32.6743162, -25.8871267], [32.6744422, -25.8869397], [32.6745388, -25.8868154], [32.6746809, -25.8867117], [32.6750444, -25.8864885], [32.675149, -25.8863907], [32.6752106, -25.8863002], [32.6752442, -25.8862097], [32.6752482, -25.8861482], [32.6752429, -25.8860818], [32.6752388, -25.8859853], [32.6752388, -25.885931], [32.6752549, -25.8858116], [32.6753381, -25.8856258], [32.6754333, -25.8855739], [32.6755245, -25.8855618], [32.6756157, -25.8856053], [32.6757297, -25.8857018], [32.675835, -25.8857929], [32.6759872, -25.8859226], [32.6760998, -25.8860312], [32.6761588, -25.8861422], [32.6761776, -25.8862894], [32.6760998, -25.8865886], [32.6760891, -25.8867274], [32.6761246, -25.8868046], [32.6762313, -25.8868842], [32.6763949, -25.8869445], [32.6766551, -25.8869843], [32.6769447, -25.8869759], [32.677339, -25.8869095], [32.6776823, -25.8868202], [32.6780578, -25.8866996], [32.6783153, -25.8865717], [32.678538, -25.8864124], [32.6786774, -25.8863099], [32.6788236, -25.8861941], [32.6790288, -25.8860529], [32.6792179, -25.8859202], [32.6793949, -25.885843], [32.6795988, -25.8857899], [32.6799354, -25.8857271], [32.680205, -25.8856596], [32.680386, -25.885592], [32.6805644, -25.8855015], [32.6806864, -25.8854424], [32.6808634, -25.8853881], [32.681133, -25.8853181], [32.6814656, -25.8852445], [32.681774, -25.8852095], [32.6822984, -25.8851552], [32.6825559, -25.8850828], [32.6743138, -25.8793673], [32.6423732, -25.8597429], [32.6410293, -25.8592778], [32.6409807, -25.8592609], [32.6401196, -25.8611373], [32.6387473, -25.8669647], [32.6328881, -25.8797214], [32.6328016, -25.8798791], [32.6277068, -25.8892965], [32.6264807, -25.8938574], [32.6262112, -25.8946502], [32.6254669, -25.8974044], [32.6250969, -25.8987018], [32.6248554, -25.8996802], [32.6245708, -25.9006719], [32.6242024, -25.9017283], [32.623915, -25.9026012], [32.6239031, -25.9026472], [32.6236407, -25.9036541], [32.6230571, -25.9044002], [32.6225998, -25.9060696], [32.6223672, -25.9066546], [32.6220858, -25.9075367], [32.6217127, -25.9085591], [32.6211103, -25.9105967], [32.6203952, -25.9126285], [32.6202864, -25.9129377], [32.6199934, -25.9137701], [32.6191941, -25.9165051], [32.6188027, -25.9187817], [32.6181807, -25.9211294], [32.6181576, -25.9212166], [32.6179663, -25.9217698], [32.617491, -25.9231444], [32.617306, -25.9236765], [32.6172952, -25.9237088], [32.6168442, -25.9250245]]]]}}, {"type": "Feature", "properties": {"name": "Albazine", "code": "albazine"}, "geometry": {"type": "MultiPolygon", "coordinates": [[[[32.6228704, -25.8538019], [32.6229077, -25.8538164], [32.6233759, -25.8539985], [32.6244154, -25.8540974], [32.6267796, -25.8542265], [32.6280794, -25.8542565], [32.6285526, -25.8540867], [32.6296415, -25.853826], [32.6294993, -25.854128], [32.6294991, -25.8541283], [32.6308194, -25.8553133], [32.6345947, -25.8567637], [32.636017, -25.85731], [32.6380493, -25.8580639], [32.6395595, -25.8586196], [32.6409802, -25.8592607], [32.6409807, -25.8592609], [32.6410293, -25.8592778], [32.6423732, -25.8597429], [32.6743138, -25.8793673], [32.6825559, -25.8850828], [32.6827812, -25.8849236], [32.6829422, -25.8847281], [32.6833123, -25.8842406], [32.6837388, -25.8836832], [32.6839708, -25.8832838], [32.6841465, -25.8828434], [32.6842806, -25.8823922], [32.6843208, -25.8822088], [32.6843664, -25.8820399], [32.6844469, -25.8818372], [32.6845944, -25.881591], [32.6846708, -25.8814975], [32.6848204, -25.881302], [32.6849096, -25.8812212], [32.685053, -25.8811277], [32.6852328, -25.8810263], [32.68534, -25.8809793], [32.6868756, -25.8807886], [32.6869453, -25.8808115], [32.6870365, -25.8808393], [32.6871599, -25.8808683], [32.6873222, -25.880902], [32.6875073, -25.8809274], [32.687809, -25.8809431], [32.6880974, -25.8809467], [32.6882288, -25.8809527], [32.6883347, -25.8809624], [32.6884031, -25.8809901], [32.688489, -25.8810722], [32.6885962, -25.8812314], [32.6887169, -25.881363], [32.6887947, -25.8814245], [32.6889168, -25.8814498], [32.689016, -25.8814148], [32.6891555, -25.881305], [32.6892453, -25.8812073], [32.6893144, -25.8811096], [32.6894096, -25.8808821], [32.689523, -25.8806547], [32.6897389, -25.8802203], [32.689814, -25.8800695], [32.6898582, -25.8799886], [32.6901184, -25.8796592], [32.690227, -25.8795012], [32.6902767, -25.8794312], [32.6903169, -25.8793757], [32.6903624, -25.8793431], [32.6904295, -25.8793105], [32.6905274, -25.8792912], [32.6906441, -25.8792755], [32.6907715, -25.8792671], [32.6908909, -25.8792538], [32.6910733, -25.8792381], [32.6912905, -25.8792381], [32.6914582, -25.8792876], [32.6916446, -25.87943], [32.6922052, -25.8799428], [32.6923688, -25.8800466], [32.6925056, -25.8800984], [32.6926826, -25.8801033], [32.6928167, -25.8800791], [32.6929924, -25.8800067], [32.6932459, -25.8798571], [32.693321, -25.8798185], [32.6933853, -25.8798052], [32.6934698, -25.8798161], [32.693565, -25.8798318], [32.6936267, -25.879827], [32.693675, -25.8797883], [32.6937273, -25.8797135], [32.6937944, -25.8796701], [32.6938708, -25.8796436], [32.694068, -25.879623], [32.6941162, -25.8796279], [32.6941538, -25.8796508], [32.6941685, -25.8796725], [32.694198, -25.8797135], [32.6942249, -25.8797304], [32.6942664, -25.8797341], [32.694304, -25.879716], [32.6944435, -25.8795313], [32.6944931, -25.879477], [32.6945668, -25.8794203], [32.6947922, -25.8792973], [32.6949678, -25.8791802], [32.6950872, -25.8790716], [32.6952441, -25.8788665], [32.6953004, -25.8787869], [32.6953366, -25.8787084], [32.6953594, -25.8786445], [32.6953956, -25.8785709], [32.6955016, -25.8784514], [32.6957551, -25.8782403], [32.6958181, -25.878163], [32.695912, -25.8780134], [32.695975, -25.8779241], [32.6960622, -25.8778505], [32.6961292, -25.8778216], [32.6962137, -25.8778083], [32.6963465, -25.8777817], [32.696435, -25.8777468], [32.6965128, -25.8776876], [32.6966992, -25.8775392], [32.6968186, -25.8774741], [32.6969621, -25.8774366], [32.6970975, -25.8774029], [32.6972242, -25.877351], [32.6973758, -25.8772448], [32.6975682, -25.8771109], [32.6976454, -25.8770554], [32.6977097, -25.8770143], [32.6978177, -25.8769492], [32.6979283, -25.8768955], [32.6979954, -25.8768677], [32.6980812, -25.8768442], [32.6982348, -25.8768249], [32.6983823, -25.8767995], [32.6985513, -25.8767404], [32.6988611, -25.8765618], [32.6989724, -25.8764846], [32.6990595, -25.8764182], [32.6990991, -25.8763778], [32.6991333, -25.8763329], [32.6991621, -25.8763039], [32.6992205, -25.8762626], [32.699258, -25.876224], [32.6993023, -25.8761588], [32.6993338, -25.8760967], [32.6993613, -25.8760544], [32.6994109, -25.875979], [32.6995075, -25.8758656], [32.7001102, -25.8736473], [32.7009663, -25.8728974], [32.7010648, -25.8721679], [32.7007618, -25.8710908], [32.7002617, -25.8694682], [32.6997465, -25.868841], [32.6992919, -25.8678593], [32.6995646, -25.8674366], [32.6994207, -25.865814], [32.6994207, -25.8644845], [32.6989585, -25.8639595], [32.6984281, -25.8631141], [32.6985115, -25.8617437], [32.6985872, -25.8610347], [32.6981175, -25.8600801], [32.6979887, -25.8589824], [32.6980796, -25.8582188], [32.6975265, -25.8574552], [32.6882266, -25.8544884], [32.6812243, -25.8520441], [32.6787287, -25.851173], [32.6786398, -25.8511419], [32.6760755, -25.8502468], [32.6443881, -25.839185], [32.6246141, -25.8332352], [32.6241615, -25.8370283], [32.6240827, -25.8381837], [32.6239463, -25.8401813], [32.6239193, -25.8419453], [32.6238782, -25.8429996], [32.6238337, -25.8441392], [32.623833, -25.8441976], [32.623831, -25.8443803], [32.6238131, -25.8448106], [32.6237839, -25.8454673], [32.623701, -25.8461191], [32.6236225, -25.8467369], [32.6236001, -25.8469766], [32.6235722, -25.8472803], [32.6235144, -25.8485878], [32.6234618, -25.8492675], [32.6234149, -25.8498519], [32.6233826, -25.8507253], [32.6233696, -25.850935], [32.6233393, -25.851425], [32.6233242, -25.8516704], [32.6232627, -25.8523605], [32.6231998, -25.8529857], [32.6230977, -25.8533355], [32.6228704, -25.8538019]]]]}}, {"type": "Feature", "properties": {"name": "Mahotas", "code": "mahotas"}, "geometry": {"type": "MultiPolygon", "coordinates": [[[[32.6045916, -25.883677], [32.6073943, -25.8843895], [32.6090179, -25.884774], [32.6101068, -25.8850281], [32.610696, -25.8851572], [32.611736, -25.8854028], [32.6122636, -25.8855084], [32.6128579, -25.8856612], [32.6139807, -25.8859106], [32.6144792, -25.8860133], [32.6150397, -25.8861574], [32.6156202, -25.8862699], [32.6161651, -25.8864039], [32.6172332, -25.8866423], [32.6177395, -25.8867751], [32.6183546, -25.8869021], [32.6189244, -25.8870444], [32.6200013, -25.8873018], [32.6206533, -25.8874327], [32.6238239, -25.8881707], [32.6257792, -25.8886321], [32.6257081, -25.8888171], [32.6277068, -25.8892965], [32.6328016, -25.8798791], [32.6328881, -25.8797214], [32.6387473, -25.8669647], [32.6401196, -25.8611373], [32.6409807, -25.8592609], [32.6409802, -25.8592607], [32.6395595, -25.8586196], [32.6380493, -25.8580639], [32.636017, -25.85731], [32.6345947, -25.8567637], [32.6308194, -25.8553133], [32.6294991, -25.8541283], [32.6294993, -25.854128], [32.6296415, -25.853826], [32.6285526, -25.8540867], [32.6280794, -25.8542565], [32.6267796, -25.8542265], [32.6244154, -25.8540974], [32.6233759, -25.8539985], [32.6229077, -25.8538164], [32.6228704, -25.8538019], [32.6224716, -25.8544028], [32.6220514, -25.8549486], [32.621376, -25.8558259], [32.6208995, -25.8565083], [32.6208913, -25.85652], [32.6206902, -25.8567879], [32.6205656, -25.8569539], [32.6202343, -25.8573952], [32.619907, -25.8578276], [32.6196131, -25.858236], [32.6194727, -25.8584061], [32.6192859, -25.8586323], [32.6190915, -25.8588634], [32.618938, -25.8590662], [32.6186739, -25.8594147], [32.618348, -25.8598751], [32.6183107, -25.8599278], [32.6179149, -25.860465], [32.6176132, -25.8608535], [32.6175066, -25.8609937], [32.617303, -25.8612612], [32.6170935, -25.8615384], [32.6169656, -25.8617058], [32.6165501, -25.8622142], [32.6157457, -25.863281], [32.6150033, -25.8643389], [32.6146993, -25.8647361], [32.6145116, -25.8649814], [32.6143334, -25.8652143], [32.6136738, -25.8660763], [32.6129738, -25.8669912], [32.6124865, -25.8676271], [32.6121334, -25.8680894], [32.6118012, -25.8685235], [32.6112977, -25.8691814], [32.6111047, -25.8694303], [32.6108091, -25.8698199], [32.6103944, -25.8703619], [32.6097065, -25.8712551], [32.6093635, -25.8717005], [32.6089922, -25.8721827], [32.6084318, -25.8729296], [32.6078908, -25.8736507], [32.6074542, -25.8743798], [32.6070711, -25.8751084], [32.606662, -25.8758896], [32.6063953, -25.876651], [32.6062135, -25.8774188], [32.6060233, -25.8782219], [32.6058645, -25.8790265], [32.6056008, -25.8798354], [32.6053463, -25.8806161], [32.6050895, -25.8814005], [32.6050393, -25.8820391], [32.6050923, -25.8820535], [32.6051548, -25.882073], [32.6052076, -25.8820965], [32.6052568, -25.8821244], [32.6053033, -25.8821571], [32.6053459, -25.882194], [32.6053835, -25.882234], [32.605417, -25.8822779], [32.6054449, -25.8823239], [32.6054678, -25.882373], [32.6054851, -25.882424], [32.6054965, -25.8824763], [32.6055019, -25.8825285], [32.6055015, -25.8825818], [32.6054949, -25.8826348], [32.6054825, -25.8826869], [32.6054645, -25.8827369], [32.605441, -25.8827849], [32.6054124, -25.8828305], [32.6053782, -25.8828739], [32.6053399, -25.8829134], [32.6052968, -25.8829497], [32.6052505, -25.8829813], [32.6052001, -25.883009], [32.6051485, -25.8830312], [32.6050948, -25.8830487], [32.6050394, -25.8830613], [32.6049829, -25.8830688], [32.6048771, -25.8830693], [32.6047391, -25.8830493], [32.6045916, -25.883677]]]]}}, {"type": "Feature", "properties": {"name": "3 de Fevereiro", "code": "3_de_fevereiro"}, "geometry": {"type": "MultiPolygon", "coordinates": [[[[32.6025099, -25.8918119], [32.6041474, -25.8921692], [32.6051481, -25.8924253], [32.6057679, -25.892567], [32.6062732, -25.8926819], [32.6067949, -25.8928005], [32.6073159, -25.8929189], [32.6078934, -25.8930502], [32.608494, -25.8931868], [32.6089851, -25.8932985], [32.6095368, -25.8934239], [32.6100273, -25.8935429], [32.6105955, -25.8936646], [32.6111856, -25.8938082], [32.6117066, -25.8939349], [32.612229, -25.894062], [32.6127484, -25.8941707], [32.6133168, -25.8942992], [32.6139027, -25.8944397], [32.614417, -25.8945691], [32.6150093, -25.894686], [32.6160619, -25.8949318], [32.6166319, -25.895067], [32.6166966, -25.8950824], [32.6171115, -25.8951809], [32.6171657, -25.8951937], [32.6176812, -25.8953156], [32.6182417, -25.8954415], [32.6183087, -25.8954457], [32.6187913, -25.8955352], [32.6215496, -25.8962337], [32.6224184, -25.8964398], [32.6226507, -25.896525], [32.6228093, -25.8965716], [32.6233879, -25.8968841], [32.624004, -25.8970947], [32.6243535, -25.8971611], [32.6254669, -25.8974044], [32.6262112, -25.8946502], [32.6264807, -25.8938574], [32.6277068, -25.8892965], [32.6257081, -25.8888171], [32.6257792, -25.8886321], [32.6238239, -25.8881707], [32.6206533, -25.8874327], [32.6200013, -25.8873018], [32.6189244, -25.8870444], [32.6183546, -25.8869021], [32.6177395, -25.8867751], [32.6172332, -25.8866423], [32.6161651, -25.8864039], [32.6156202, -25.8862699], [32.6150397, -25.8861574], [32.6144792, -25.8860133], [32.6139807, -25.8859106], [32.6128579, -25.8856612], [32.6122636, -25.8855084], [32.611736, -25.8854028], [32.610696, -25.8851572], [32.6101068, -25.8850281], [32.6090179, -25.884774], [32.6073943, -25.8843895], [32.6045916, -25.883677], [32.6041285, -25.8856355], [32.6038124, -25.8871267], [32.6037326, -25.8875108], [32.6035355, -25.8884586], [32.6031198, -25.8901032], [32.6027682, -25.8910844], [32.6025099, -25.8918119]]]]}}, {"type": "Feature", "properties": {"name": "Hulene \"B\"", "code": "hulene_b"}, "geometry": {"type": "MultiPolygon", "coordinates": [[[[32.5863501, -25.918958], [32.5869785, -25.9185567], [32.5877747, -25.9180479], [32.5896965, -25.9167437], [32.5898653, -25.9166293], [32.5902703, -25.9163335], [32.5906863, -25.9160697], [32.5910944, -25.9157883], [32.5916065, -25.9154505], [32.5920095, -25.9151751], [32.5924362, -25.9148799], [32.5928585, -25.9145876], [32.5932579, -25.9143264], [32.5935135, -25.914158], [32.5937061, -25.9140361], [32.59412, -25.9137597], [32.5945742, -25.9134253], [32.5954355, -25.9128788], [32.5958, -25.9126034], [32.5967469, -25.9119559], [32.5975449, -25.9114054], [32.598726, -25.9106107], [32.5990532, -25.9103908], [32.5998643, -25.909844], [32.5993793, -25.9079113], [32.599097, -25.9058555], [32.5990788, -25.9053252], [32.5990665, -25.9049704], [32.599022, -25.9036772], [32.5991541, -25.9017482], [32.599448, -25.8999617], [32.5995877, -25.8994049], [32.6001135, -25.8974742], [32.6007421, -25.8958769], [32.6014429, -25.8942804], [32.6017449, -25.8935922], [32.6019727, -25.8930734], [32.6023625, -25.892119], [32.6025099, -25.8918119], [32.6027682, -25.8910844], [32.6031198, -25.8901032], [32.6035355, -25.8884586], [32.6037326, -25.8875108], [32.6038124, -25.8871267], [32.6041285, -25.8856355], [32.6045916, -25.883677], [32.6047391, -25.8830493], [32.6046426, -25.8830263], [32.6045516, -25.8829893], [32.6044689, -25.8829386], [32.6043978, -25.8828766], [32.6043388, -25.8828038], [32.6042944, -25.882723], [32.604266, -25.8826364], [32.6042545, -25.8825468], [32.6036446, -25.8824836], [32.6026812, -25.8823752], [32.6011066, -25.8821919], [32.600314, -25.8820775], [32.59996, -25.8820131], [32.5997181, -25.8819587], [32.5993814, -25.881883], [32.5990562, -25.8818057], [32.5987741, -25.8817301], [32.59844, -25.8816218], [32.5980557, -25.8814906], [32.5972422, -25.8811851], [32.5968642, -25.8810487], [32.5965136, -25.8826144], [32.5960803, -25.8844404], [32.5981506, -25.8847054], [32.5961065, -25.8880185], [32.5945977, -25.8905046], [32.5912824, -25.8959668], [32.5905512, -25.8971279], [32.5875126, -25.9021814], [32.5870474, -25.9028757], [32.5879662, -25.9101512], [32.5850247, -25.9147543], [32.5853849, -25.9160519], [32.5863501, -25.918958]]]]}}, {"type": "Feature", "properties": {"name": "Hulene \"A\"", "code": "hulene_a"}, "geometry": {"type": "MultiPolygon", "coordinates": [[[[32.5863501, -25.918958], [32.5870125, -25.9210719], [32.5870785, -25.9213676], [32.5872183, -25.9215459], [32.5877978, -25.9214029], [32.588369, -25.9214035], [32.5891365, -25.9214044], [32.5891239, -25.9214999], [32.5890531, -25.9220356], [32.5889324, -25.9229485], [32.5892227, -25.9228732], [32.5911432, -25.9223736], [32.5916915, -25.922231], [32.5929454, -25.9218932], [32.5936023, -25.9217138], [32.5944239, -25.9215212], [32.5955592, -25.9211796], [32.5961152, -25.9210514], [32.5962466, -25.9210375], [32.5963547, -25.9210099], [32.5974205, -25.9206947], [32.5978786, -25.9205463], [32.5980212, -25.9205074], [32.5990737, -25.9202194], [32.5995435, -25.9200907], [32.6003661, -25.9198671], [32.6007758, -25.9197598], [32.6008668, -25.9197359], [32.6017518, -25.9195039], [32.6038278, -25.9189549], [32.6036414, -25.9184984], [32.6035835, -25.9183565], [32.6034682, -25.9180741], [32.6031773, -25.9174144], [32.6029161, -25.9168892], [32.6027694, -25.9165942], [32.6026334, -25.9163209], [32.6025766, -25.9162068], [32.6023922, -25.915836], [32.6021381, -25.9152958], [32.6019935, -25.9149884], [32.6018606, -25.9147061], [32.6016137, -25.9141811], [32.6011279, -25.9130923], [32.6003867, -25.9114303], [32.6000139, -25.9102984], [32.5998643, -25.909844], [32.5990532, -25.9103908], [32.598726, -25.9106107], [32.5975449, -25.9114054], [32.5967469, -25.9119559], [32.5958, -25.9126034], [32.5954355, -25.9128788], [32.5945742, -25.9134253], [32.59412, -25.9137597], [32.5937061, -25.9140361], [32.5935135, -25.914158], [32.5932579, -25.9143264], [32.5928585, -25.9145876], [32.5924362, -25.9148799], [32.5920095, -25.9151751], [32.5916065, -25.9154505], [32.5910944, -25.9157883], [32.5906863, -25.9160697], [32.5902703, -25.9163335], [32.5898653, -25.9166293], [32.5896965, -25.9167437], [32.5877747, -25.9180479], [32.5869785, -25.9185567], [32.5863501, -25.918958]]]]}}, {"type": "Feature", "properties": {"name": "Mavalane \"B\"", "code": "mavalane_b"}, "geometry": {"type": "MultiPolygon", "coordinates": [[[[32.5884712, -25.9263858], [32.5903686, -25.9258523], [32.5920175, -25.9254123], [32.5927548, -25.9249896], [32.5933397, -25.9247957], [32.5941511, -25.9244258], [32.5943533, -25.9243327], [32.5945406, -25.9242465], [32.5946044, -25.9242171], [32.5965052, -25.9238409], [32.5978197, -25.9237473], [32.6001771, -25.9231797], [32.6003979, -25.9231886], [32.6024891, -25.9226132], [32.6030969, -25.9224188], [32.6032117, -25.9223821], [32.6048347, -25.9218628], [32.6038278, -25.9189549], [32.6017518, -25.9195039], [32.6008668, -25.9197359], [32.6007758, -25.9197598], [32.6003661, -25.9198671], [32.5995435, -25.9200907], [32.5990737, -25.9202194], [32.5980212, -25.9205074], [32.5978786, -25.9205463], [32.5974205, -25.9206947], [32.5963547, -25.9210099], [32.5962466, -25.9210375], [32.5961152, -25.9210514], [32.5955592, -25.9211796], [32.5944239, -25.9215212], [32.5936023, -25.9217138], [32.5929454, -25.9218932], [32.5916915, -25.922231], [32.5911432, -25.9223736], [32.5892227, -25.9228732], [32.5889324, -25.9229485], [32.5887337, -25.924451], [32.5886034, -25.9254365], [32.5884712, -25.9263858]]]]}}, {"type": "Feature", "properties": {"name": "FPLM", "code": "fplm"}, "geometry": {"type": "MultiPolygon", "coordinates": [[[[32.5882943, -25.9312692], [32.5886881, -25.9311639], [32.5898901, -25.9308454], [32.5904475, -25.9306938], [32.5909523, -25.9305632], [32.5912981, -25.9304683], [32.5915984, -25.9303876], [32.5917124, -25.930358], [32.591817, -25.9303274], [32.592171, -25.9302367], [32.5925249, -25.930146], [32.5925908, -25.9301305], [32.5926935, -25.9301057], [32.592895, -25.9300503], [32.5929929, -25.9300209], [32.5930259, -25.9301297], [32.5934234, -25.9300161], [32.5941015, -25.9298334], [32.596006, -25.9292925], [32.5966744, -25.9291194], [32.5970844, -25.9290124], [32.5976969, -25.9288515], [32.5978618, -25.9288103], [32.5980255, -25.9287695], [32.5986614, -25.9285949], [32.5992292, -25.928439], [32.6029879, -25.927407], [32.6053641, -25.9267985], [32.6060293, -25.9265906], [32.6060181, -25.926418], [32.6061249, -25.9262496], [32.6062568, -25.9261641], [32.6060755, -25.9255881], [32.6050456, -25.922487], [32.6048347, -25.9218628], [32.6032117, -25.9223821], [32.6030969, -25.9224188], [32.6024891, -25.9226132], [32.6003979, -25.9231886], [32.6001771, -25.9231797], [32.5978197, -25.9237473], [32.5965052, -25.9238409], [32.5946044, -25.9242171], [32.5945406, -25.9242465], [32.5943533, -25.9243327], [32.5941511, -25.9244258], [32.5933397, -25.9247957], [32.5927548, -25.9249896], [32.5920175, -25.9254123], [32.5903686, -25.9258523], [32.5884712, -25.9263858], [32.5884102, -25.9264787], [32.5883673, -25.9271347], [32.5882439, -25.9282202], [32.588306, -25.9287918], [32.5882496, -25.9292478], [32.5882067, -25.9294307], [32.5881738, -25.9298591], [32.588176, -25.9303688], [32.5881793, -25.9305915], [32.5882125, -25.9307221], [32.5882557, -25.9309367], [32.5882882, -25.9312163], [32.5882943, -25.9312692]]]]}}, {"type": "Feature", "properties": {"name": "Mavalane \"A\"", "code": "mavalane_a"}, "geometry": {"type": "MultiPolygon", "coordinates": [[[[32.5763758, -25.9252421], [32.5777685, -25.9260018], [32.5774029, -25.9266453], [32.577329, -25.9267486], [32.5773152, -25.9268379], [32.5776098, -25.9277834], [32.5777449, -25.928217], [32.57811, -25.9293889], [32.5782056, -25.9296935], [32.5782315, -25.929776], [32.5785538, -25.9308029], [32.5792088, -25.9328902], [32.5795338, -25.9329137], [32.5798619, -25.9330162], [32.5800961, -25.9331499], [32.5803112, -25.9334483], [32.5848234, -25.932209], [32.5851095, -25.9321304], [32.5854529, -25.9320336], [32.5859167, -25.9319134], [32.5868697, -25.9316515], [32.5882943, -25.9312692], [32.5882882, -25.9312163], [32.5882557, -25.9309367], [32.5882125, -25.9307221], [32.5881793, -25.9305915], [32.588176, -25.9303688], [32.5881738, -25.9298591], [32.5882067, -25.9294307], [32.5882496, -25.9292478], [32.588306, -25.9287918], [32.5882439, -25.9282202], [32.5883673, -25.9271347], [32.5884102, -25.9264787], [32.5884712, -25.9263858], [32.5886034, -25.9254365], [32.5887337, -25.924451], [32.5889324, -25.9229485], [32.5890531, -25.9220356], [32.5891239, -25.9214999], [32.5891365, -25.9214044], [32.588369, -25.9214035], [32.5877978, -25.9214029], [32.5872183, -25.9215459], [32.5870785, -25.9213676], [32.5870125, -25.9210719], [32.5866473, -25.9216741], [32.5847349, -25.9218039], [32.5821539, -25.921979], [32.5796194, -25.9235917], [32.5772763, -25.9237095], [32.5763758, -25.9252421]]]]}}, {"type": "Feature", "properties": {"name": "Zimpeto", "code": "zimpeto"}, "geometry": {"type": "MultiPolygon", "coordinates": [[[[32.5601615, -25.8766893], [32.5712246, -25.875301], [32.5712487, -25.8752979], [32.5713461, -25.8753041], [32.5713476, -25.8752855], [32.5720226, -25.8677672], [32.5725367, -25.8616752], [32.573044, -25.8575348], [32.5732338, -25.8548752], [32.5752363, -25.8551211], [32.5784252, -25.8551921], [32.5803932, -25.8550621], [32.5820799, -25.8549437], [32.583017, -25.854708], [32.5830532, -25.8532113], [32.5830692, -25.8525494], [32.5830844, -25.8519182], [32.5830979, -25.8513609], [32.5831124, -25.8507594], [32.5831268, -25.8501668], [32.5831351, -25.8498225], [32.5831409, -25.8495815], [32.5831485, -25.8492639], [32.583155, -25.8489915], [32.5831708, -25.8483311], [32.5831851, -25.8477382], [32.5831995, -25.8471356], [32.5832466, -25.846532], [32.5832947, -25.8459165], [32.5833444, -25.84528], [32.5833571, -25.8449278], [32.5849734, -25.844968], [32.5849857, -25.8444071], [32.5849998, -25.843863], [32.5850008, -25.8438245], [32.5850143, -25.8433012], [32.5850289, -25.8427375], [32.5850361, -25.84215], [32.5850718, -25.8416304], [32.5851028, -25.841139], [32.5851218, -25.8408514], [32.585138, -25.8404089], [32.5851396, -25.8402454], [32.5851456, -25.8396294], [32.5861788, -25.8347204], [32.5864039, -25.8341462], [32.5864967, -25.8339094], [32.586643, -25.833536], [32.586876, -25.8329417], [32.5871731, -25.8320708], [32.5872912, -25.8317221], [32.587906, -25.8299053], [32.5880009, -25.829625], [32.5881447, -25.8291959], [32.588376, -25.8285054], [32.5885835, -25.8278859], [32.5887935, -25.827259], [32.5890134, -25.8266452], [32.5890222, -25.8266206], [32.5892305, -25.8260363], [32.5893346, -25.8256924], [32.5897977, -25.8241635], [32.5900538, -25.8233181], [32.5902983, -25.8225112], [32.5765278, -25.8188594], [32.5749295, -25.8184032], [32.5734745, -25.8170947], [32.5727358, -25.8156873], [32.5726296, -25.8149451], [32.5727372, -25.8122049], [32.5672568, -25.8117064], [32.5665218, -25.8168678], [32.5664937, -25.8169083], [32.565123, -25.8267283], [32.5652508, -25.8301699], [32.5657248, -25.834857], [32.5658497, -25.8390731], [32.5652731, -25.8432617], [32.5649846, -25.8454069], [32.564068, -25.8466105], [32.5617297, -25.8528002], [32.5616505, -25.8552761], [32.5615756, -25.8565458], [32.5614276, -25.8586278], [32.5612748, -25.8619924], [32.5610561, -25.8642013], [32.5604905, -25.8653424], [32.5602876, -25.867056], [32.5604265, -25.8674882], [32.560548, -25.8687584], [32.5607537, -25.8700923], [32.5606066, -25.8718949], [32.5605914, -25.8722251], [32.560547, -25.8728471], [32.5604741, -25.8735834], [32.5604096, -25.8743323], [32.5603799, -25.874582], [32.5603358, -25.8751279], [32.5603071, -25.8752929], [32.5602927, -25.8754072], [32.5602778, -25.8756229], [32.5602054, -25.8762322], [32.5601625, -25.8766795], [32.5601615, -25.8766893]]]]}}, {"type": "Feature", "properties": {"name": "Polana Cimento \"B\"", "code": "polana_cimento_b"}, "geometry": {"type": "MultiPolygon", "coordinates": [[[[32.5788258, -25.9724155], [32.5801654, -25.9728581], [32.5815799, -25.9733124], [32.5826148, -25.9737356], [32.58321, -25.9740346], [32.5836158, -25.9742577], [32.5837758, -25.9743456], [32.58433, -25.9746478], [32.5846425, -25.9750099], [32.5848828, -25.9753715], [32.5850416, -25.9756143], [32.5862685, -25.9749329], [32.5866349, -25.9747436], [32.5879216, -25.9740472], [32.5891116, -25.9733971], [32.5891958, -25.973189], [32.5892267, -25.97311], [32.5897614, -25.971745], [32.5898397, -25.9715303], [32.5903419, -25.9701535], [32.590384, -25.9700934], [32.591067, -25.969119], [32.591743, -25.9681562], [32.590887, -25.9676802], [32.5899772, -25.9671514], [32.5890993, -25.9666626], [32.588245, -25.9661836], [32.588034, -25.9660677], [32.5874056, -25.9657224], [32.5864781, -25.9652175], [32.5855075, -25.9646661], [32.5847185, -25.965582], [32.5839023, -25.9665293], [32.5827607, -25.9678419], [32.581855, -25.968932], [32.5808362, -25.9700767], [32.5798023, -25.9712548], [32.5794135, -25.9717299], [32.5788258, -25.9724155]]]]}}, {"type": "Feature", "properties": {"name": "Central \"A\"", "code": "central_a"}, "geometry": {"type": "MultiPolygon", "coordinates": [[[[32.5721591, -25.9619261], [32.5728164, -25.9622907], [32.5734958, -25.9626675], [32.5742549, -25.963089], [32.5754719, -25.9637836], [32.5771431, -25.9647073], [32.5777758, -25.9650704], [32.5778188, -25.965095], [32.5784576, -25.9654323], [32.5793648, -25.9659548], [32.5803291, -25.9664832], [32.5806146, -25.9666376], [32.5808806, -25.966783], [32.5811639, -25.9669378], [32.5817246, -25.9672442], [32.5827607, -25.9678419], [32.5839023, -25.9665293], [32.5847185, -25.965582], [32.5855075, -25.9646661], [32.583641, -25.9635464], [32.5825734, -25.9629398], [32.582326, -25.9628036], [32.5818102, -25.9625197], [32.5809906, -25.9621282], [32.5803792, -25.9617922], [32.579676, -25.9614056], [32.5789651, -25.9609895], [32.5780584, -25.9604842], [32.5774834, -25.9601479], [32.5768441, -25.9597901], [32.5759378, -25.9592835], [32.5752902, -25.958896], [32.5746346, -25.9585267], [32.5739156, -25.9594938], [32.573457, -25.9601276], [32.5731532, -25.9605493], [32.5721591, -25.9619261]]]]}}, {"type": "Feature", "properties": {"name": "Central \"B\"", "code": "central_b"}, "geometry": {"type": "MultiPolygon", "coordinates": [[[[32.5697305, -25.9652961], [32.5705942, -25.9657809], [32.5710479, -25.9660495], [32.5716409, -25.9664295], [32.5720667, -25.9666744], [32.5723606, -25.966841], [32.5729091, -25.9671519], [32.5734703, -25.9674699], [32.5744944, -25.9680818], [32.575189, -25.9684883], [32.575745, -25.9688311], [32.5763166, -25.9691706], [32.5768031, -25.9694672], [32.5778735, -25.9701022], [32.5784637, -25.9704368], [32.5789681, -25.970742], [32.5798023, -25.9712548], [32.5808362, -25.9700767], [32.581855, -25.968932], [32.5827607, -25.9678419], [32.5817246, -25.9672442], [32.5811639, -25.9669378], [32.5808806, -25.966783], [32.5806146, -25.9666376], [32.5803291, -25.9664832], [32.5793648, -25.9659548], [32.5784576, -25.9654323], [32.5778188, -25.965095], [32.5777758, -25.9650704], [32.5771431, -25.9647073], [32.5754719, -25.9637836], [32.5742549, -25.963089], [32.5734958, -25.9626675], [32.5728164, -25.9622907], [32.5721591, -25.9619261], [32.5713633, -25.9630686], [32.5706261, -25.9640226], [32.5700045, -25.9649067], [32.5697305, -25.9652961]]]]}}, {"type": "Feature", "properties": {"name": "Alto Ma\u00e9 \"B\"", "code": "alto_mae_b"}, "geometry": {"type": "MultiPolygon", "coordinates": [[[[32.5563946, -25.9615188], [32.5593458, -25.9657092], [32.5595934, -25.9659219], [32.559956, -25.9663215], [32.5610835, -25.9669983], [32.5621533, -25.9676023], [32.5633363, -25.9683007], [32.5646428, -25.9690592], [32.5663581, -25.9700773], [32.567088, -25.9690534], [32.5678452, -25.9680386], [32.5688491, -25.9665807], [32.5697305, -25.9652961], [32.5700045, -25.9649067], [32.5706261, -25.9640226], [32.5713633, -25.9630686], [32.5695306, -25.9620493], [32.5682157, -25.9613194], [32.5670012, -25.9606482], [32.567288, -25.960224], [32.5678156, -25.9594706], [32.5671645, -25.9590963], [32.5663533, -25.9586559], [32.5659582, -25.9584401], [32.5656051, -25.9582473], [32.5651173, -25.9579906], [32.5651014, -25.9579816], [32.5640812, -25.9574008], [32.5639887, -25.9573481], [32.5639151, -25.9573032], [32.5638432, -25.9572593], [32.5638198, -25.9572682], [32.5624919, -25.9577746], [32.5624916, -25.9577747], [32.5620463, -25.957949], [32.5614853, -25.9581687], [32.5609879, -25.9583487], [32.5602351, -25.9587612], [32.5597088, -25.9590749], [32.559285, -25.9593276], [32.5592517, -25.9593298], [32.5591062, -25.9593396], [32.5586794, -25.9597152], [32.5581021, -25.9602231], [32.5563946, -25.9615188]]]]}}, {"type": "Feature", "properties": {"name": "Alto Ma\u00e9 \"A\"", "code": "alto_mae_a"}, "geometry": {"type": "MultiPolygon", "coordinates": [[[[32.5638432, -25.9572593], [32.5639151, -25.9573032], [32.5639887, -25.9573481], [32.5640812, -25.9574008], [32.5651014, -25.9579816], [32.5651173, -25.9579906], [32.5656051, -25.9582473], [32.5659582, -25.9584401], [32.5663533, -25.9586559], [32.5671645, -25.9590963], [32.5678156, -25.9594706], [32.567288, -25.960224], [32.5670012, -25.9606482], [32.5682157, -25.9613194], [32.5695306, -25.9620493], [32.5713633, -25.9630686], [32.5721591, -25.9619261], [32.5731532, -25.9605493], [32.573457, -25.9601276], [32.5739156, -25.9594938], [32.5746346, -25.9585267], [32.5754185, -25.9574429], [32.5757382, -25.9569426], [32.5757104, -25.9569347], [32.5756785, -25.9569208], [32.5756406, -25.9568311], [32.5751743, -25.9567528], [32.5745992, -25.956649], [32.5739354, -25.9565426], [32.5735139, -25.9564664], [32.573429, -25.9564562], [32.5728196, -25.9563573], [32.5721759, -25.956276], [32.571788, -25.9562479], [32.5717878, -25.9562479], [32.5713358, -25.9562317], [32.5712499, -25.9562305], [32.5704989, -25.9562036], [32.5704988, -25.9562036], [32.5700979, -25.9562058], [32.5700978, -25.9562058], [32.5687928, -25.9563108], [32.5687926, -25.9563108], [32.5687789, -25.9563119], [32.5683038, -25.956349], [32.5682325, -25.9563546], [32.5679739, -25.9563747], [32.5667213, -25.9565253], [32.5667212, -25.9565253], [32.5666353, -25.9565165], [32.5666338, -25.9565163], [32.5665646, -25.9565093], [32.5664977, -25.9565742], [32.5664154, -25.9566115], [32.5663092, -25.956627], [32.5662142, -25.9566134], [32.5661241, -25.9565658], [32.5660675, -25.9564405], [32.5660631, -25.9563221], [32.5656891, -25.9566943], [32.565178, -25.9568725], [32.5648321, -25.9569931], [32.5644396, -25.9570943], [32.5638432, -25.9572593]]]]}}, {"type": "Feature", "properties": {"name": "Coop", "code": "coop"}, "geometry": {"type": "MultiPolygon", "coordinates": [[[[32.5843145, -25.9590348], [32.5843231, -25.9590394], [32.5850654, -25.9594372], [32.5858271, -25.9598739], [32.586594, -25.9603082], [32.5866703, -25.9603405], [32.5874058, -25.9607664], [32.5883123, -25.9612756], [32.5885959, -25.9608473], [32.588933, -25.9603384], [32.5892706, -25.9598843], [32.5904025, -25.9582543], [32.5926551, -25.9549747], [32.5933669, -25.9553672], [32.5937486, -25.9548775], [32.5946186, -25.9553501], [32.5951258, -25.9546648], [32.5965838, -25.9524493], [32.5940674, -25.9510526], [32.5918819, -25.9498081], [32.591281, -25.9494822], [32.5911765, -25.9493858], [32.5907518, -25.9500216], [32.5901021, -25.950962], [32.5889536, -25.9525766], [32.5889862, -25.9526078], [32.5890116, -25.9526441], [32.5890266, -25.9526772], [32.5890365, -25.9527192], [32.5890379, -25.952755], [32.5890312, -25.9527975], [32.5890188, -25.9528315], [32.5889962, -25.9528693], [32.5889705, -25.9529101], [32.5889426, -25.952943], [32.5889116, -25.9529791], [32.588874, -25.9530099], [32.5888312, -25.9530342], [32.5887761, -25.9530535], [32.5887179, -25.9530622], [32.588659, -25.9530601], [32.5886097, -25.9530496], [32.5886017, -25.9530471], [32.5883637, -25.9533545], [32.5870104, -25.9552604], [32.5867795, -25.9555939], [32.5864239, -25.9560871], [32.5861774, -25.9564466], [32.5854476, -25.9574606], [32.5843145, -25.9590348]]]]}}, {"type": "Feature", "properties": {"name": "Malhangalene \"A\"", "code": "malhangalene_a"}, "geometry": {"type": "MultiPolygon", "coordinates": [[[[32.5746346, -25.9585267], [32.5752902, -25.958896], [32.5759378, -25.9592835], [32.5768441, -25.9597901], [32.5774834, -25.9601479], [32.5780584, -25.9604842], [32.5789651, -25.9609895], [32.579676, -25.9614056], [32.5803792, -25.9617922], [32.5809906, -25.9621282], [32.5818102, -25.9625197], [32.582326, -25.9628036], [32.5825734, -25.9629398], [32.583641, -25.9635464], [32.5855075, -25.9646661], [32.586352, -25.9636604], [32.5864953, -25.963442], [32.5865825, -25.963309], [32.5874443, -25.9623147], [32.5883123, -25.9612756], [32.5874058, -25.9607664], [32.5866703, -25.9603405], [32.586594, -25.9603082], [32.5858271, -25.9598739], [32.5850654, -25.9594372], [32.5843231, -25.9590394], [32.5843145, -25.9590348], [32.5842634, -25.9591084], [32.5835867, -25.9600818], [32.5834403, -25.9602939], [32.5833081, -25.9602114], [32.5832072, -25.9601483], [32.5832065, -25.9601479], [32.5825387, -25.9597308], [32.5820503, -25.9594285], [32.581447, -25.9590405], [32.5810541, -25.9588141], [32.5798574, -25.9582279], [32.5785529, -25.9576648], [32.5783794, -25.9575947], [32.5780308, -25.9574542], [32.5779428, -25.9574195], [32.5773965, -25.9572452], [32.576632, -25.9570314], [32.5758907, -25.9568771], [32.5758502, -25.9568875], [32.5758359, -25.9569093], [32.5758169, -25.9569207], [32.5757913, -25.956936], [32.5757382, -25.9569426], [32.5754185, -25.9574429], [32.5746346, -25.9585267]]]]}}, {"type": "Feature", "properties": {"name": "Sommerschield", "code": "sommerschield"}, "geometry": {"type": "MultiPolygon", "coordinates": [[[[32.5855075, -25.9646661], [32.5864781, -25.9652175], [32.5874056, -25.9657224], [32.588034, -25.9660677], [32.588245, -25.9661836], [32.5890993, -25.9666626], [32.5899772, -25.9671514], [32.590887, -25.9676802], [32.591743, -25.9681562], [32.591067, -25.969119], [32.5923017, -25.9698051], [32.5933292, -25.9703865], [32.5943477, -25.9709344], [32.5951925, -25.971417], [32.5951453, -25.9714995], [32.5950617, -25.9716851], [32.5961951, -25.9720082], [32.5962138, -25.9720126], [32.5962334, -25.9720266], [32.5962469, -25.9720444], [32.5962558, -25.9720649], [32.5962549, -25.9720932], [32.5962523, -25.9721797], [32.5962179, -25.9723188], [32.5961466, -25.9725451], [32.5961594, -25.9726277], [32.5962246, -25.9726562], [32.5962859, -25.9726515], [32.5963161, -25.9725904], [32.5963373, -25.9725032], [32.5963638, -25.9723971], [32.5964062, -25.9722202], [32.5964267, -25.9721514], [32.596459, -25.9720434], [32.5964758, -25.9719526], [32.5965065, -25.9718926], [32.596578, -25.9718483], [32.5966326, -25.9717812], [32.5966831, -25.9717192], [32.5967122, -25.9716559], [32.5967881, -25.9716051], [32.5968445, -25.9716169], [32.5969172, -25.9716247], [32.5970476, -25.9716075], [32.5971468, -25.9715495], [32.5972282, -25.9715171], [32.5972828, -25.9715573], [32.59728, -25.9716234], [32.5972141, -25.9716847], [32.5969935, -25.971774], [32.5968788, -25.9718583], [32.5968316, -25.9718929], [32.5968213, -25.971924], [32.5968044, -25.9719747], [32.5967976, -25.9720801], [32.5968258, -25.9721761], [32.5968622, -25.972258], [32.5969379, -25.9723091], [32.5970308, -25.9723093], [32.5970309, -25.9723093], [32.597107, -25.972241], [32.5972225, -25.9720909], [32.5973133, -25.9720182], [32.5974285, -25.9719632], [32.5975438, -25.9718662], [32.5976422, -25.9717205], [32.5977013, -25.9716167], [32.5977187, -25.9715172], [32.5977508, -25.9714487], [32.5978023, -25.9714245], [32.5978585, -25.9714291], [32.5979294, -25.971458], [32.5979957, -25.9715345], [32.5980513, -25.9716044], [32.598072, -25.9716304], [32.5981291, -25.9717061], [32.5981695, -25.9717757], [32.5994721, -25.9700228], [32.5999094, -25.9693669], [32.6020296, -25.9660843], [32.6019781, -25.9658804], [32.6020092, -25.965749], [32.6020892, -25.9655376], [32.6022147, -25.9653793], [32.6023751, -25.9651463], [32.6024511, -25.9649367], [32.6025625, -25.9647312], [32.6028848, -25.9642162], [32.6032628, -25.9635211], [32.6035124, -25.9631253], [32.6037189, -25.9628357], [32.6038987, -25.9624886], [32.6043509, -25.9620001], [32.6048306, -25.9616964], [32.6050146, -25.961533], [32.6050454, -25.9614908], [32.6050567, -25.9614261], [32.6050325, -25.9613404], [32.6050003, -25.9612261], [32.6049261, -25.961105], [32.6049167, -25.9610664], [32.604918, -25.9610121], [32.6049341, -25.9609506], [32.605079, -25.9606335], [32.605218, -25.960327], [32.6054247, -25.9600016], [32.6057817, -25.9595169], [32.6061244, -25.9591494], [32.6064783, -25.9588203], [32.6068759, -25.9584625], [32.6071154, -25.9583168], [32.6071834, -25.958275], [32.6072527, -25.9582249], [32.6073221, -25.958176], [32.6075348, -25.9578235], [32.6075693, -25.957669], [32.6078113, -25.9573324], [32.6080322, -25.9570826], [32.6086061, -25.956572], [32.6088338, -25.9562745], [32.6092293, -25.9559459], [32.6098423, -25.9555126], [32.6104833, -25.9552294], [32.6105341, -25.955199], [32.6106142, -25.955151], [32.6109858, -25.9545616], [32.6111397, -25.9544004], [32.6117423, -25.9537392], [32.6120124, -25.9534289], [32.6123014, -25.9531379], [32.6125732, -25.952846], [32.6127005, -25.9527462], [32.6127917, -25.9526542], [32.6128456, -25.9526025], [32.6128739, -25.952545], [32.612935, -25.952487], [32.6130439, -25.9524013], [32.6131695, -25.9522975], [32.6132731, -25.9522124], [32.6134145, -25.9520646], [32.613508, -25.9519872], [32.6136271, -25.9518934], [32.6137521, -25.95181], [32.6138459, -25.9517305], [32.613957, -25.951657], [32.6140605, -25.9515713], [32.6141624, -25.9515037], [32.6142605, -25.9514253], [32.6144322, -25.9513047], [32.6145422, -25.9512251], [32.6146296, -25.9511538], [32.6147396, -25.9510477], [32.6148238, -25.9509646], [32.6149447, -25.9508627], [32.6150579, -25.9507666], [32.6151605, -25.9506811], [32.6152563, -25.9506038], [32.6153935, -25.9505153], [32.6155058, -25.9504408], [32.6156381, -25.9503194], [32.6157605, -25.9502111], [32.6159293, -25.9500913], [32.6160498, -25.949984], [32.6161618, -25.9498965], [32.6162383, -25.9498263], [32.6162983, -25.9497731], [32.6164305, -25.94968], [32.61652, -25.9496367], [32.6166252, -25.9495861], [32.6167269, -25.9495398], [32.6167805, -25.9495103], [32.6168248, -25.9494946], [32.6169586, -25.9496067], [32.6170373, -25.9495307], [32.6168393, -25.949365], [32.6168322, -25.9493276], [32.6168805, -25.9492625], [32.6169475, -25.9491878], [32.6170162, -25.949102], [32.6170709, -25.9490455], [32.6171128, -25.9490007], [32.6171879, -25.9489621], [32.6172372, -25.9489249], [32.6172828, -25.9488815], [32.6173633, -25.948826], [32.6174357, -25.9488019], [32.6174517, -25.9487791], [32.6174277, -25.9487489], [32.617402, -25.948712], [32.6167977, -25.9484299], [32.6151498, -25.9469071], [32.6147747, -25.9465795], [32.6143111, -25.9461975], [32.6138536, -25.9458284], [32.6132425, -25.9453028], [32.6129114, -25.945018], [32.612477, -25.9447625], [32.6120127, -25.9446374], [32.6116238, -25.9446176], [32.6114124, -25.9446122], [32.6095859, -25.9443181], [32.60908, -25.944305], [32.6086031, -25.9443385], [32.6083794, -25.9443761], [32.6081746, -25.9444402], [32.6077747, -25.9446539], [32.6075777, -25.9448453], [32.6074282, -25.9451184], [32.607351, -25.9453547], [32.6071816, -25.9459843], [32.6070309, -25.9465553], [32.6069567, -25.9468398], [32.6069404, -25.9468968], [32.6067139, -25.9480675], [32.6064296, -25.949537], [32.6063206, -25.9501001], [32.6061311, -25.9510795], [32.6060016, -25.9515213], [32.6043046, -25.9503198], [32.6023411, -25.9489226], [32.6022563, -25.9488202], [32.6008402, -25.9477011], [32.6006149, -25.9475223], [32.6004872, -25.94742], [32.6001437, -25.9471313], [32.5994479, -25.9466233], [32.5993394, -25.9465313], [32.5992148, -25.9464416], [32.5986054, -25.9459493], [32.5984042, -25.9458243], [32.598186, -25.9457937], [32.5980415, -25.9457777], [32.5975164, -25.9458843], [32.5969746, -25.9460314], [32.5959828, -25.9464369], [32.5953788, -25.9466782], [32.5947484, -25.9469748], [32.5934886, -25.947564], [32.5931747, -25.9477465], [32.592718, -25.948118], [32.5922938, -25.9484946], [32.5920177, -25.9487257], [32.591281, -25.9494822], [32.5918819, -25.9498081], [32.5940674, -25.9510526], [32.5965838, -25.9524493], [32.5951258, -25.9546648], [32.5946186, -25.9553501], [32.5937486, -25.9548775], [32.5933669, -25.9553672], [32.5926551, -25.9549747], [32.5904025, -25.9582543], [32.5892706, -25.9598843], [32.588933, -25.9603384], [32.5885959, -25.9608473], [32.5883123, -25.9612756], [32.5874443, -25.9623147], [32.5865825, -25.963309], [32.5864953, -25.963442], [32.586352, -25.9636604], [32.5855075, -25.9646661]]]]}}, {"type": "Feature", "properties": {"name": "Polana Cimento \"A\"", "code": "polana_cimento_a"}, "geometry": {"type": "MultiPolygon", "coordinates": [[[[32.5850416, -25.9756143], [32.5858923, -25.9768268], [32.5858853, -25.9769493], [32.5858696, -25.9770303], [32.5858235, -25.9770895], [32.5858009, -25.9771641], [32.5858028, -25.9772466], [32.5858348, -25.9773184], [32.5858952, -25.977377], [32.5859715, -25.9774194], [32.5860195, -25.9774291], [32.586256, -25.9785485], [32.5863781, -25.979229], [32.5864152, -25.9792818], [32.586652, -25.979619], [32.5868719, -25.9798935], [32.5872481, -25.9801978], [32.5876456, -25.9804294], [32.5880922, -25.9806107], [32.5884633, -25.9807111], [32.5887265, -25.9807888], [32.5892212, -25.9809415], [32.5897303, -25.9810987], [32.5906076, -25.9813259], [32.5912986, -25.981551], [32.5915635, -25.9814909], [32.5919749, -25.9815485], [32.5927021, -25.9817465], [32.5939193, -25.982249], [32.5941624, -25.9823496], [32.5943025, -25.9824106], [32.5943977, -25.9824471], [32.5944332, -25.9824605], [32.5945005, -25.9824745], [32.5945825, -25.9824868], [32.5946979, -25.9824898], [32.5947989, -25.9822574], [32.5948551, -25.9818945], [32.5950304, -25.9813078], [32.5952023, -25.9808774], [32.5956134, -25.9790875], [32.5956826, -25.9785036], [32.5957878, -25.9782721], [32.5961033, -25.9774291], [32.5964167, -25.9767138], [32.5964919, -25.9764701], [32.5965582, -25.9762488], [32.5966242, -25.9760077], [32.5967736, -25.9755789], [32.5967027, -25.9754139], [32.5961911, -25.9752204], [32.5964254, -25.9748146], [32.5972599, -25.9733408], [32.5971388, -25.9732763], [32.5971324, -25.9732243], [32.5981695, -25.9717757], [32.5981291, -25.9717061], [32.598072, -25.9716304], [32.5980513, -25.9716044], [32.5979957, -25.9715345], [32.5979294, -25.971458], [32.5978585, -25.9714291], [32.5978023, -25.9714245], [32.5977508, -25.9714487], [32.5977187, -25.9715172], [32.5977013, -25.9716167], [32.5976422, -25.9717205], [32.5975438, -25.9718662], [32.5974285, -25.9719632], [32.5973133, -25.9720182], [32.5972225, -25.9720909], [32.597107, -25.972241], [32.5970309, -25.9723093], [32.5970308, -25.9723093], [32.5969379, -25.9723091], [32.5968622, -25.972258], [32.5968258, -25.9721761], [32.5967976, -25.9720801], [32.5968044, -25.9719747], [32.5968213, -25.971924], [32.5968316, -25.9718929], [32.5968788, -25.9718583], [32.5969935, -25.971774], [32.5972141, -25.9716847], [32.59728, -25.9716234], [32.5972828, -25.9715573], [32.5972282, -25.9715171], [32.5971468, -25.9715495], [32.5970476, -25.9716075], [32.5969172, -25.9716247], [32.5968445, -25.9716169], [32.5967881, -25.9716051], [32.5967122, -25.9716559], [32.5966831, -25.9717192], [32.5966326, -25.9717812], [32.596578, -25.9718483], [32.5965065, -25.9718926], [32.5964758, -25.9719526], [32.596459, -25.9720434], [32.5964267, -25.9721514], [32.5964062, -25.9722202], [32.5963638, -25.9723971], [32.5963373, -25.9725032], [32.5963161, -25.9725904], [32.5962859, -25.9726515], [32.5962246, -25.9726562], [32.5961594, -25.9726277], [32.5961466, -25.9725451], [32.5962179, -25.9723188], [32.5962523, -25.9721797], [32.5962549, -25.9720932], [32.5962558, -25.9720649], [32.5962469, -25.9720444], [32.5962334, -25.9720266], [32.5962138, -25.9720126], [32.5961951, -25.9720082], [32.5950617, -25.9716851], [32.5951453, -25.9714995], [32.5951925, -25.971417], [32.5943477, -25.9709344], [32.5933292, -25.9703865], [32.5923017, -25.9698051], [32.591067, -25.969119], [32.590384, -25.9700934], [32.5903419, -25.9701535], [32.5898397, -25.9715303], [32.5897614, -25.971745], [32.5892267, -25.97311], [32.5891958, -25.973189], [32.5891116, -25.9733971], [32.5879216, -25.9740472], [32.5866349, -25.9747436], [32.5862685, -25.9749329], [32.5850416, -25.9756143]]]]}}, {"type": "Feature", "properties": {"name": "Central \"C\"", "code": "central_c"}, "geometry": {"type": "MultiPolygon", "coordinates": [[[[32.5663581, -25.9700773], [32.5663552, -25.9700815], [32.5655889, -25.9710865], [32.5654891, -25.9710577], [32.5653604, -25.9710828], [32.5651852, -25.9711261], [32.5650411, -25.9712008], [32.5648905, -25.9713216], [32.5648229, -25.9714427], [32.5647937, -25.9715727], [32.5647995, -25.9717315], [32.5648342, -25.9718616], [32.5649424, -25.9719746], [32.5650269, -25.9720336], [32.5651274, -25.9720578], [32.5666895, -25.9730873], [32.567468, -25.9735763], [32.5679893, -25.9739037], [32.5686848, -25.9743217], [32.5693446, -25.9746877], [32.5695314, -25.9747912], [32.5699078, -25.9750506], [32.5713589, -25.9756306], [32.5716103, -25.9757102], [32.5722155, -25.9759018], [32.5724334, -25.9760393], [32.5725373, -25.9761048], [32.5731248, -25.9764626], [32.5728699, -25.9768314], [32.5726186, -25.9771891], [32.5731957, -25.9775316], [32.5737857, -25.9778677], [32.5740454, -25.9775542], [32.5742942, -25.977151], [32.574931, -25.9775112], [32.5745163, -25.9784948], [32.574441, -25.9786382], [32.5744729, -25.9786516], [32.5745126, -25.978666], [32.5842824, -25.9822308], [32.5843387, -25.9821031], [32.5843876, -25.9821125], [32.5844748, -25.9819247], [32.5853288, -25.9819108], [32.5853297, -25.9819476], [32.5859003, -25.9819154], [32.5866182, -25.9826849], [32.5865911, -25.9828166], [32.5866725, -25.982857], [32.5866296, -25.9829685], [32.586528, -25.9829391], [32.5865124, -25.9829824], [32.5847097, -25.9826055], [32.5842446, -25.9825749], [32.5841705, -25.9825866], [32.5841826, -25.9826508], [32.584268, -25.9826293], [32.5847264, -25.9826612], [32.5852213, -25.982768], [32.5864882, -25.9830595], [32.5880127, -25.9837373], [32.5888763, -25.9840985], [32.5892214, -25.9842118], [32.5895952, -25.9842379], [32.5899684, -25.9842118], [32.5905354, -25.9840905], [32.5909593, -25.9840251], [32.5913842, -25.9839877], [32.5919773, -25.9840013], [32.5925685, -25.9840377], [32.5928108, -25.9840041], [32.5932554, -25.9838587], [32.5936012, -25.9836826], [32.59389, -25.9834466], [32.5941494, -25.9831271], [32.594469, -25.9827819], [32.5946979, -25.9824898], [32.5945825, -25.9824868], [32.5945005, -25.9824745], [32.5944332, -25.9824605], [32.5943977, -25.9824471], [32.5943025, -25.9824106], [32.5941624, -25.9823496], [32.5939193, -25.982249], [32.5927021, -25.9817465], [32.5919749, -25.9815485], [32.5915635, -25.9814909], [32.5912986, -25.981551], [32.5906076, -25.9813259], [32.5897303, -25.9810987], [32.5892212, -25.9809415], [32.5887265, -25.9807888], [32.5884633, -25.9807111], [32.5880922, -25.9806107], [32.5876456, -25.9804294], [32.5872481, -25.9801978], [32.5868719, -25.9798935], [32.586652, -25.979619], [32.5864152, -25.9792818], [32.5863781, -25.979229], [32.586256, -25.9785485], [32.5860195, -25.9774291], [32.5859715, -25.9774194], [32.5858952, -25.977377], [32.5858348, -25.9773184], [32.5858028, -25.9772466], [32.5858009, -25.9771641], [32.5858235, -25.9770895], [32.5858696, -25.9770303], [32.5858853, -25.9769493], [32.5858923, -25.9768268], [32.5850416, -25.9756143], [32.5848828, -25.9753715], [32.5846425, -25.9750099], [32.58433, -25.9746478], [32.5837758, -25.9743456], [32.5836158, -25.9742577], [32.58321, -25.9740346], [32.5826148, -25.9737356], [32.5815799, -25.9733124], [32.5801654, -25.9728581], [32.5788258, -25.9724155], [32.5794135, -25.9717299], [32.5798023, -25.9712548], [32.5789681, -25.970742], [32.5784637, -25.9704368], [32.5778735, -25.9701022], [32.5768031, -25.9694672], [32.5763166, -25.9691706], [32.575745, -25.9688311], [32.575189, -25.9684883], [32.5744944, -25.9680818], [32.5734703, -25.9674699], [32.5729091, -25.9671519], [32.5723606, -25.966841], [32.5720667, -25.9666744], [32.5716409, -25.9664295], [32.5710479, -25.9660495], [32.5705942, -25.9657809], [32.5697305, -25.9652961], [32.5688491, -25.9665807], [32.5678452, -25.9680386], [32.567088, -25.9690534], [32.5663581, -25.9700773]]]]}}, {"type": "Feature", "properties": {"name": "Aeroporto \"A\"", "code": "aeroporto_a"}, "geometry": {"type": "MultiPolygon", "coordinates": [[[[32.5664972, -25.9325266], [32.5666947, -25.9331355], [32.5666894, -25.9333704], [32.5667627, -25.9334745], [32.567445, -25.9337535], [32.5676867, -25.933842], [32.5670235, -25.9367083], [32.5668821, -25.9369922], [32.566816, -25.9371643], [32.5668911, -25.9383367], [32.5670702, -25.938503], [32.5700114, -25.941128], [32.5713511, -25.9423309], [32.5719139, -25.9428073], [32.5726321, -25.9434118], [32.5728877, -25.9436485], [32.5731838, -25.9438342], [32.5733132, -25.9436447], [32.5733705, -25.943524], [32.5740852, -25.9422139], [32.5742433, -25.9418713], [32.574353, -25.9415794], [32.5746267, -25.9401085], [32.5747499, -25.9394203], [32.5754362, -25.9357568], [32.5755456, -25.935134], [32.5755438, -25.9348674], [32.5755004, -25.9346273], [32.57546, -25.9344462], [32.5753851, -25.9342209], [32.5748318, -25.9324981], [32.5741922, -25.9305046], [32.5735534, -25.9306744], [32.5711508, -25.9313124], [32.5706174, -25.9314523], [32.5664972, -25.9325266]]]]}}, {"type": "Feature", "properties": {"name": "Aeroporto \"B\"", "code": "aeroporto_b"}, "geometry": {"type": "MultiPolygon", "coordinates": [[[[32.5559085, -25.9285734], [32.5563105, -25.9288615], [32.5578161, -25.930195], [32.5579334, -25.9303092], [32.5603434, -25.9323898], [32.5618429, -25.9337299], [32.5624031, -25.9342359], [32.5625405, -25.9374112], [32.5626492, -25.9383289], [32.5626622, -25.938439], [32.5626512, -25.9389691], [32.5647008, -25.9403763], [32.5668911, -25.9383367], [32.566816, -25.9371643], [32.5668821, -25.9369922], [32.5670235, -25.9367083], [32.5676867, -25.933842], [32.567445, -25.9337535], [32.5667627, -25.9334745], [32.5666894, -25.9333704], [32.5666947, -25.9331355], [32.5664972, -25.9325266], [32.5655668, -25.9327488], [32.5647693, -25.930454], [32.5647693, -25.9304539], [32.5640805, -25.9284238], [32.5614492, -25.9291537], [32.5605804, -25.9267629], [32.5615492, -25.9232668], [32.56164, -25.9223861], [32.5615582, -25.9224743], [32.5611144, -25.9229317], [32.559858, -25.9242977], [32.5583011, -25.9259903], [32.5573491, -25.9269988], [32.5563186, -25.9281488], [32.5559085, -25.9285734]]]]}}, {"type": "Feature", "properties": {"name": "Unidade \"7\"", "code": "unidade_7"}, "geometry": {"type": "MultiPolygon", "coordinates": [[[[32.5506947, -25.9341355], [32.5509026, -25.9343416], [32.5509038, -25.9345608], [32.5508104, -25.9347378], [32.5515787, -25.9354328], [32.5517842, -25.935493], [32.5526284, -25.935581], [32.5534448, -25.9356121], [32.5547109, -25.935542], [32.5552688, -25.9354624], [32.5556737, -25.9353582], [32.5561017, -25.9352207], [32.5572207, -25.9349565], [32.5604443, -25.9340713], [32.5618429, -25.9337299], [32.5603434, -25.9323898], [32.5579334, -25.9303092], [32.5578161, -25.930195], [32.5563105, -25.9288615], [32.5559085, -25.9285734], [32.5554173, -25.9290928], [32.5549101, -25.9295357], [32.5541345, -25.9303967], [32.5539793, -25.9305994], [32.5537156, -25.9308901], [32.5526534, -25.932061], [32.5525744, -25.9321477], [32.5524187, -25.9323072], [32.5520985, -25.9326539], [32.5518989, -25.9328567], [32.55173, -25.9330478], [32.5514053, -25.9334003], [32.5511619, -25.9336505], [32.5510324, -25.9337903], [32.5509118, -25.9339222], [32.550789, -25.9340424], [32.5506947, -25.9341355]]]]}}, {"type": "Feature", "properties": {"name": "Chamanculo \"D\"", "code": "chamanculo_d"}, "geometry": {"type": "MultiPolygon", "coordinates": [[[[32.5556737, -25.9353582], [32.5556934, -25.9354293], [32.5557171, -25.9357377], [32.5555656, -25.9359923], [32.5548102, -25.9372622], [32.5547335, -25.9372648], [32.5544939, -25.9374975], [32.5546145, -25.9380172], [32.5545241, -25.9383819], [32.5545288, -25.9386879], [32.5553332, -25.9388662], [32.555779, -25.9402184], [32.5558246, -25.9402733], [32.5558366, -25.940299], [32.556412, -25.9408739], [32.5565309, -25.9409845], [32.5566033, -25.9410519], [32.5566798, -25.9411231], [32.5566985, -25.9411405], [32.5571552, -25.9415656], [32.5573166, -25.9417157], [32.5581403, -25.9424823], [32.5600191, -25.9442939], [32.5615689, -25.9441645], [32.5612795, -25.9438026], [32.5609808, -25.9434291], [32.5609005, -25.9432142], [32.5605589, -25.9426827], [32.5604744, -25.942422], [32.5601621, -25.9420746], [32.5598241, -25.9414264], [32.5596809, -25.9410728], [32.5596263, -25.940938], [32.5595299, -25.9408206], [32.5595169, -25.9406839], [32.5594943, -25.9404453], [32.5595018, -25.9402531], [32.5595075, -25.9401065], [32.5596918, -25.9401089], [32.5597426, -25.9401096], [32.5626512, -25.9389691], [32.5626622, -25.938439], [32.5626492, -25.9383289], [32.5625405, -25.9374112], [32.5624031, -25.9342359], [32.5618429, -25.9337299], [32.5604443, -25.9340713], [32.5572207, -25.9349565], [32.5561017, -25.9352207], [32.5556737, -25.9353582]]]]}}, {"type": "Feature", "properties": {"name": "Munhuana", "code": "munhuana"}, "geometry": {"type": "MultiPolygon", "coordinates": [[[[32.5651959, -25.9451708], [32.5662208, -25.9452947], [32.5665581, -25.9454327], [32.5670185, -25.9457298], [32.5672088, -25.9459222], [32.5674859, -25.9462757], [32.5677894, -25.946632], [32.5684374, -25.9473276], [32.5689092, -25.9478707], [32.5692401, -25.9482516], [32.5694002, -25.9484387], [32.56964, -25.9487178], [32.5699189, -25.9490424], [32.570145, -25.9492315], [32.5709477, -25.9478103], [32.5717892, -25.9463211], [32.5718317, -25.9462459], [32.572309, -25.9453655], [32.5731838, -25.9438342], [32.5728877, -25.9436485], [32.5726321, -25.9434118], [32.5719139, -25.9428073], [32.5713511, -25.9423309], [32.5700114, -25.941128], [32.5670702, -25.938503], [32.5667199, -25.9401304], [32.5660029, -25.9424392], [32.5659823, -25.9426606], [32.5658839, -25.9429374], [32.565873, -25.9431756], [32.5658614, -25.9437581], [32.565666, -25.9448863], [32.5651959, -25.9451708]]]]}}, {"type": "Feature", "properties": {"name": "Xipamanine", "code": "xipamanine"}, "geometry": {"type": "MultiPolygon", "coordinates": [[[[32.5581403, -25.9424823], [32.558259, -25.9434514], [32.5584315, -25.9440955], [32.5593528, -25.9457972], [32.5593947, -25.946618], [32.5599415, -25.9468164], [32.5598642, -25.9471579], [32.5597757, -25.9472336], [32.5594304, -25.9475326], [32.5594979, -25.9476436], [32.5595466, -25.9479967], [32.5596124, -25.9484861], [32.5596813, -25.9496768], [32.5597889, -25.9500517], [32.5599962, -25.9504103], [32.5601258, -25.9505004], [32.5602532, -25.9507323], [32.5611927, -25.95067], [32.5616721, -25.9507551], [32.5617247, -25.9508198], [32.5624677, -25.9507662], [32.5629658, -25.9507495], [32.5631024, -25.9507756], [32.5632655, -25.9508292], [32.5635721, -25.9508278], [32.5637415, -25.9507423], [32.5649774, -25.9506614], [32.5649942, -25.9499613], [32.5649965, -25.9499255], [32.5651624, -25.9492211], [32.5652243, -25.9488112], [32.5651996, -25.9484542], [32.5651348, -25.9480973], [32.5650853, -25.9479043], [32.5648821, -25.9469561], [32.5648807, -25.9469152], [32.564868, -25.9468665], [32.5647472, -25.9464036], [32.5645461, -25.9458979], [32.5643673, -25.9454907], [32.5651959, -25.9451708], [32.565666, -25.9448863], [32.5658614, -25.9437581], [32.565873, -25.9431756], [32.5658839, -25.9429374], [32.5659823, -25.9426606], [32.5660029, -25.9424392], [32.5667199, -25.9401304], [32.5670702, -25.938503], [32.5668911, -25.9383367], [32.5647008, -25.9403763], [32.5626512, -25.9389691], [32.5597426, -25.9401096], [32.5596918, -25.9401089], [32.5595075, -25.9401065], [32.5595018, -25.9402531], [32.5594943, -25.9404453], [32.5595169, -25.9406839], [32.5595299, -25.9408206], [32.5596263, -25.940938], [32.5596809, -25.9410728], [32.5598241, -25.9414264], [32.5601621, -25.9420746], [32.5604744, -25.942422], [32.5605589, -25.9426827], [32.5609005, -25.9432142], [32.5609808, -25.9434291], [32.5612795, -25.9438026], [32.5615689, -25.9441645], [32.5600191, -25.9442939], [32.5581403, -25.9424823]]]]}}, {"type": "Feature", "properties": {"name": "Minkadjuine", "code": "minkadjuine"}, "geometry": {"type": "MultiPolygon", "coordinates": [[[[32.5649774, -25.9506614], [32.5650251, -25.9513387], [32.5650607, -25.951929], [32.5651184, -25.9529351], [32.5652022, -25.9533772], [32.5655187, -25.9541826], [32.5657453, -25.9548057], [32.5661357, -25.9561948], [32.5661802, -25.9561473], [32.5662271, -25.9561135], [32.5662815, -25.9560894], [32.5663382, -25.9560801], [32.5663379, -25.9558437], [32.5672083, -25.9543321], [32.5672864, -25.9541966], [32.5682721, -25.9524844], [32.5682779, -25.9524744], [32.5685653, -25.9519751], [32.5687951, -25.9515761], [32.5697364, -25.9499411], [32.570145, -25.9492315], [32.5699189, -25.9490424], [32.56964, -25.9487178], [32.5694002, -25.9484387], [32.5692401, -25.9482516], [32.5689092, -25.9478707], [32.5684374, -25.9473276], [32.5677894, -25.946632], [32.5674859, -25.9462757], [32.5672088, -25.9459222], [32.5670185, -25.9457298], [32.5665581, -25.9454327], [32.5662208, -25.9452947], [32.5651959, -25.9451708], [32.5643673, -25.9454907], [32.5645461, -25.9458979], [32.5647472, -25.9464036], [32.564868, -25.9468665], [32.5648807, -25.9469152], [32.5648821, -25.9469561], [32.5650853, -25.9479043], [32.5651348, -25.9480973], [32.5651996, -25.9484542], [32.5652243, -25.9488112], [32.5651624, -25.9492211], [32.5649965, -25.9499255], [32.5649942, -25.9499613], [32.5649774, -25.9506614]]]]}}, {"type": "Feature", "properties": {"name": "Chamanculo \"A\"", "code": "chamanculo_a"}, "geometry": {"type": "MultiPolygon", "coordinates": [[[[32.5565571, -25.9520539], [32.5575502, -25.9526811], [32.5575715, -25.9526943], [32.557636, -25.9527344], [32.5577167, -25.9527771], [32.557768, -25.9528016], [32.5581617, -25.9529799], [32.5582047, -25.9530006], [32.5582919, -25.9530425], [32.5587046, -25.9532331], [32.5588771, -25.9533237], [32.5593603, -25.9535777], [32.5595141, -25.9536636], [32.5596535, -25.9537748], [32.5601827, -25.9542533], [32.560325, -25.9543819], [32.5606693, -25.9547377], [32.5607221, -25.9547969], [32.5611387, -25.955264], [32.5612083, -25.9553517], [32.5615434, -25.955774], [32.5624195, -25.9564401], [32.5629758, -25.9567601], [32.5636782, -25.9571643], [32.5638432, -25.9572593], [32.5644396, -25.9570943], [32.5648321, -25.9569931], [32.565178, -25.9568725], [32.5656891, -25.9566943], [32.5660631, -25.9563221], [32.5661357, -25.9561948], [32.5657453, -25.9548057], [32.5655187, -25.9541826], [32.5652022, -25.9533772], [32.5651184, -25.9529351], [32.5650607, -25.951929], [32.5650251, -25.9513387], [32.5649774, -25.9506614], [32.5637415, -25.9507423], [32.5635721, -25.9508278], [32.5632655, -25.9508292], [32.5631024, -25.9507756], [32.5629658, -25.9507495], [32.5624677, -25.9507662], [32.5617247, -25.9508198], [32.5616721, -25.9507551], [32.5611927, -25.95067], [32.5602532, -25.9507323], [32.5601258, -25.9505004], [32.5599962, -25.9504103], [32.5597889, -25.9500517], [32.5596813, -25.9496768], [32.5596124, -25.9484861], [32.5595466, -25.9479967], [32.5594979, -25.9476436], [32.5594304, -25.9475326], [32.5593008, -25.9476596], [32.5586336, -25.9485386], [32.5585533, -25.9487004], [32.5585463, -25.9489741], [32.5586378, -25.949498], [32.5585792, -25.9497202], [32.5581104, -25.9503057], [32.5579042, -25.9506711], [32.5572047, -25.9514684], [32.5565571, -25.9520539]]]]}}, {"type": "Feature", "properties": {"name": "Chamanculo \"B\"", "code": "chamanculo_b"}, "geometry": {"type": "MultiPolygon", "coordinates": [[[[32.5511647, -25.9489181], [32.5536089, -25.9503289], [32.5554374, -25.951381], [32.5565571, -25.9520539], [32.5572047, -25.9514684], [32.5579042, -25.9506711], [32.5581104, -25.9503057], [32.5585792, -25.9497202], [32.5586378, -25.949498], [32.5585463, -25.9489741], [32.5585533, -25.9487004], [32.5586336, -25.9485386], [32.5593008, -25.9476596], [32.5594304, -25.9475326], [32.5597757, -25.9472336], [32.5598642, -25.9471579], [32.5599415, -25.9468164], [32.5593947, -25.946618], [32.5593528, -25.9457972], [32.5584315, -25.9440955], [32.5569833, -25.9447743], [32.5556954, -25.9452729], [32.5552148, -25.9453946], [32.5545758, -25.945548], [32.5540005, -25.9456991], [32.5534187, -25.9460344], [32.552985, -25.9464874], [32.5525579, -25.9469539], [32.5524241, -25.9471654], [32.5520992, -25.9481281], [32.5518555, -25.9480087], [32.5518082, -25.948071], [32.5517506, -25.9481467], [32.5517307, -25.948173], [32.5511647, -25.9489181]]]]}}, {"type": "Feature", "properties": {"name": "Chamanculo \"C\"", "code": "chamanculo_c"}, "geometry": {"type": "MultiPolygon", "coordinates": [[[[32.541863, -25.9436247], [32.5420483, -25.9437464], [32.5433215, -25.9443943], [32.5436215, -25.9445111], [32.5451155, -25.9453896], [32.5462806, -25.9460574], [32.546341, -25.9460939], [32.5473397, -25.9466976], [32.5494836, -25.9479482], [32.5496032, -25.9480172], [32.5507258, -25.9486648], [32.5511647, -25.9489181], [32.5517307, -25.948173], [32.5517506, -25.9481467], [32.5518082, -25.948071], [32.5518555, -25.9480087], [32.5520992, -25.9481281], [32.5524241, -25.9471654], [32.5525579, -25.9469539], [32.552985, -25.9464874], [32.5534187, -25.9460344], [32.5540005, -25.9456991], [32.5545758, -25.945548], [32.5552148, -25.9453946], [32.5556954, -25.9452729], [32.5569833, -25.9447743], [32.5584315, -25.9440955], [32.558259, -25.9434514], [32.5581403, -25.9424823], [32.5573166, -25.9417157], [32.5571552, -25.9415656], [32.5566985, -25.9411405], [32.5566798, -25.9411231], [32.5566033, -25.9410519], [32.5565309, -25.9409845], [32.556412, -25.9408739], [32.5558366, -25.940299], [32.5558246, -25.9402733], [32.555779, -25.9402184], [32.5553332, -25.9388662], [32.5545288, -25.9386879], [32.5545241, -25.9383819], [32.5546145, -25.9380172], [32.5544939, -25.9374975], [32.5547335, -25.9372648], [32.5548102, -25.9372622], [32.5555656, -25.9359923], [32.5557171, -25.9357377], [32.5556934, -25.9354293], [32.5556737, -25.9353582], [32.5552688, -25.9354624], [32.5547109, -25.935542], [32.5534448, -25.9356121], [32.5526284, -25.935581], [32.5517842, -25.935493], [32.5515787, -25.9354328], [32.5508104, -25.9347378], [32.5506551, -25.9348262], [32.5504368, -25.9348223], [32.5501712, -25.9347039], [32.5501528, -25.9347317], [32.5500016, -25.9348715], [32.5498341, -25.9350759], [32.5497756, -25.9351474], [32.5494729, -25.9354467], [32.5492645, -25.9356849], [32.5490671, -25.9358997], [32.548828, -25.9361478], [32.548464, -25.9365141], [32.5482512, -25.9367623], [32.5479748, -25.9370538], [32.5477839, -25.9372527], [32.5475668, -25.9374811], [32.5473298, -25.9377411], [32.5470688, -25.9380248], [32.5468868, -25.9382198], [32.5466235, -25.9385073], [32.5463888, -25.9387534], [32.5461716, -25.9389778], [32.5459435, -25.9392241], [32.5457131, -25.9394722], [32.5455398, -25.9396593], [32.5452963, -25.9399232], [32.5449322, -25.9403171], [32.544375, -25.940908], [32.5442018, -25.9410852], [32.5440744, -25.9412449], [32.5438792, -25.9414397], [32.5436773, -25.9416741], [32.5434339, -25.9419104], [32.5433549, -25.9420188], [32.5432429, -25.9421488], [32.5431004, -25.9422847], [32.5429534, -25.9424561], [32.5427582, -25.9426391], [32.5425892, -25.9428342], [32.542359, -25.9430586], [32.5422076, -25.9432339], [32.5419509, -25.9435097], [32.5418787, -25.9436041], [32.541863, -25.9436247]]]]}}, {"type": "Feature", "properties": {"name": "Malanga", "code": "malanga"}, "geometry": {"type": "MultiPolygon", "coordinates": [[[[32.5397564, -25.9472283], [32.5398574, -25.9473466], [32.5401429, -25.9475787], [32.5410456, -25.9482317], [32.5437073, -25.9498919], [32.5438604, -25.9498673], [32.5443229, -25.9499803], [32.5445339, -25.9501127], [32.5450549, -25.9504397], [32.5455081, -25.950724], [32.5462926, -25.9512163], [32.5474084, -25.951938], [32.548374, -25.9527137], [32.5496536, -25.9533891], [32.5499662, -25.9536244], [32.5509934, -25.9542995], [32.5519885, -25.9548099], [32.5520011, -25.9548531], [32.552055, -25.9550379], [32.5520695, -25.9550877], [32.5522911, -25.9554807], [32.5527524, -25.9560589], [32.5534328, -25.9567783], [32.5543838, -25.9575286], [32.5540853, -25.9579194], [32.5540355, -25.9581113], [32.5541207, -25.9583148], [32.5550616, -25.9596352], [32.5563866, -25.9615076], [32.5563946, -25.9615188], [32.5581021, -25.9602231], [32.5586794, -25.9597152], [32.5591062, -25.9593396], [32.5592517, -25.9593298], [32.559285, -25.9593276], [32.5597088, -25.9590749], [32.5602351, -25.9587612], [32.5609879, -25.9583487], [32.5614853, -25.9581687], [32.5620463, -25.957949], [32.5624916, -25.9577747], [32.5624919, -25.9577746], [32.5638198, -25.9572682], [32.5638432, -25.9572593], [32.5636782, -25.9571643], [32.5629758, -25.9567601], [32.5624195, -25.9564401], [32.5615434, -25.955774], [32.5612083, -25.9553517], [32.5611387, -25.955264], [32.5607221, -25.9547969], [32.5606693, -25.9547377], [32.560325, -25.9543819], [32.5601827, -25.9542533], [32.5596535, -25.9537748], [32.5595141, -25.9536636], [32.5593603, -25.9535777], [32.5588771, -25.9533237], [32.5587046, -25.9532331], [32.5582919, -25.9530425], [32.5582047, -25.9530006], [32.5581617, -25.9529799], [32.557768, -25.9528016], [32.5577167, -25.9527771], [32.557636, -25.9527344], [32.5575715, -25.9526943], [32.5575502, -25.9526811], [32.5565571, -25.9520539], [32.5554374, -25.951381], [32.5536089, -25.9503289], [32.5511647, -25.9489181], [32.5507258, -25.9486648], [32.5496032, -25.9480172], [32.5494836, -25.9479482], [32.5473397, -25.9466976], [32.546341, -25.9460939], [32.5462806, -25.9460574], [32.5451155, -25.9453896], [32.5436215, -25.9445111], [32.5433215, -25.9443943], [32.5420483, -25.9437464], [32.541863, -25.9436247], [32.5417928, -25.9437166], [32.5416633, -25.9438722], [32.541569, -25.9439647], [32.5415164, -25.94401], [32.54144, -25.9439861], [32.5413636, -25.943972], [32.5412612, -25.9438848], [32.5408346, -25.9435042], [32.5405776, -25.9432801], [32.5403403, -25.9430621], [32.5401008, -25.9428599], [32.5399874, -25.9427924], [32.5398785, -25.9427288], [32.5396474, -25.9426095], [32.5379072, -25.9417744], [32.5378026, -25.9417306], [32.5376934, -25.9417065], [32.5376865, -25.9417875], [32.5377113, -25.9421609], [32.5377258, -25.9423605], [32.5377406, -25.9424908], [32.5377618, -25.9426489], [32.5378173, -25.9429651], [32.537895, -25.9432143], [32.5380418, -25.9436553], [32.5381869, -25.9440014], [32.5382343, -25.9441674], [32.5383013, -25.9443376], [32.5383685, -25.9444919], [32.5384226, -25.9446244], [32.538494, -25.9447945], [32.5386067, -25.9450437], [32.5386934, -25.9452138], [32.538769, -25.9454235], [32.5388382, -25.9456073], [32.5390264, -25.9460998], [32.5393194, -25.9466163], [32.5397969, -25.9471846], [32.5397564, -25.9472283]]]]}}, {"type": "Feature", "properties": {"name": "Urbaniza\u00e7\u00e3o", "code": "urbaniza\u00e7\u00e3o"}, "geometry": {"type": "MultiPolygon", "coordinates": [[[[32.572309, -25.9453655], [32.5730482, -25.9461231], [32.5734307, -25.9466185], [32.5737048, -25.9471191], [32.5737969, -25.9473639], [32.5740735, -25.947797], [32.5748104, -25.9482861], [32.5750443, -25.948453], [32.5756992, -25.9491059], [32.5759868, -25.9492771], [32.576269, -25.9493564], [32.5765735, -25.9493549], [32.5765736, -25.9493549], [32.5768649, -25.9493023], [32.5771858, -25.9491504], [32.5774651, -25.9490444], [32.5777913, -25.9489759], [32.5782623, -25.948939], [32.5784259, -25.9482687], [32.5785467, -25.9477243], [32.5786352, -25.947185], [32.5786814, -25.9469552], [32.5787896, -25.94558], [32.5788978, -25.9434055], [32.5789597, -25.9420522], [32.5791022, -25.9392493], [32.5791473, -25.9383309], [32.5791936, -25.9375139], [32.5792407, -25.9364325], [32.5793376, -25.934486], [32.5790626, -25.9343777], [32.5788432, -25.9342363], [32.5786675, -25.9340376], [32.5785599, -25.9337913], [32.5785926, -25.9335195], [32.5787105, -25.9333186], [32.5788917, -25.9330946], [32.5792088, -25.9328902], [32.5785538, -25.9308029], [32.5782315, -25.929776], [32.5782056, -25.9296935], [32.57811, -25.9293889], [32.5777449, -25.928217], [32.5776098, -25.9277834], [32.5773152, -25.9268379], [32.577329, -25.9267486], [32.5774029, -25.9266453], [32.5777685, -25.9260018], [32.5763758, -25.9252421], [32.5757816, -25.9261963], [32.5750618, -25.9273296], [32.575059, -25.927334], [32.5742681, -25.928579], [32.5740395, -25.9294911], [32.5740061, -25.9297471], [32.5740565, -25.9299566], [32.5740517, -25.9300469], [32.5741922, -25.9305046], [32.5748318, -25.9324981], [32.5753851, -25.9342209], [32.57546, -25.9344462], [32.5755004, -25.9346273], [32.5755438, -25.9348674], [32.5755456, -25.935134], [32.5754362, -25.9357568], [32.5747499, -25.9394203], [32.5746267, -25.9401085], [32.574353, -25.9415794], [32.5742433, -25.9418713], [32.5740852, -25.9422139], [32.5733705, -25.943524], [32.5733132, -25.9436447], [32.5731838, -25.9438342], [32.572309, -25.9453655]]]]}}, {"type": "Feature", "properties": {"name": "Maxaquene \"A\"", "code": "maxaquene_a"}, "geometry": {"type": "MultiPolygon", "coordinates": [[[[32.5786352, -25.947185], [32.5799255, -25.9479822], [32.5815667, -25.9488328], [32.5819614, -25.9476036], [32.5822503, -25.9465486], [32.5824068, -25.9459329], [32.5825802, -25.9454017], [32.5828171, -25.9448196], [32.5831276, -25.9440226], [32.5837787, -25.9419343], [32.5839844, -25.9410751], [32.5840569, -25.940517], [32.5841442, -25.9396918], [32.5845096, -25.938635], [32.5847702, -25.9378846], [32.5850959, -25.9371116], [32.585304, -25.9364233], [32.5854103, -25.9358832], [32.5854686, -25.9356009], [32.5855527, -25.9351938], [32.5855854, -25.935121], [32.58557, -25.9347477], [32.5855692, -25.9347292], [32.5855606, -25.9345208], [32.5855498, -25.9344306], [32.5855481, -25.9342853], [32.5855508, -25.934172], [32.5855571, -25.9340016], [32.5855629, -25.9338453], [32.5855766, -25.9334761], [32.5855815, -25.9334168], [32.5855826, -25.9334036], [32.5855833, -25.9333639], [32.5855859, -25.9332251], [32.5854998, -25.933128], [32.5854378, -25.933076], [32.5853184, -25.933068], [32.5852268, -25.9330542], [32.5851401, -25.9330367], [32.5850816, -25.9329928], [32.5849158, -25.9325017], [32.5848796, -25.9323704], [32.5848234, -25.932209], [32.5803112, -25.9334483], [32.5803089, -25.9337117], [32.5800853, -25.9342371], [32.5798677, -25.934388], [32.5795917, -25.934465], [32.5793376, -25.934486], [32.5792407, -25.9364325], [32.5791936, -25.9375139], [32.5791473, -25.9383309], [32.5791022, -25.9392493], [32.5789597, -25.9420522], [32.5788978, -25.9434055], [32.5787896, -25.94558], [32.5786814, -25.9469552], [32.5786352, -25.947185]]]]}}, {"type": "Feature", "properties": {"name": "Maxaquene \"B\"", "code": "maxaquene_b"}, "geometry": {"type": "MultiPolygon", "coordinates": [[[[32.5815667, -25.9488328], [32.5820662, -25.9491061], [32.5840683, -25.9502242], [32.5848852, -25.9506782], [32.5853241, -25.9500071], [32.5855203, -25.9496868], [32.5856314, -25.949516], [32.585872, -25.9491504], [32.5864961, -25.9482034], [32.586936, -25.9476064], [32.5869746, -25.947548], [32.5871741, -25.9472463], [32.5873377, -25.9469989], [32.5876858, -25.9464724], [32.5884299, -25.9454376], [32.5884694, -25.9453736], [32.5884912, -25.9453383], [32.5890312, -25.9444635], [32.5892683, -25.9440792], [32.5893999, -25.9438141], [32.5894843, -25.9435109], [32.5898257, -25.9432165], [32.5901082, -25.9428241], [32.5905478, -25.942202], [32.5908114, -25.9417547], [32.5912481, -25.9410184], [32.5914744, -25.9406997], [32.5917854, -25.9402464], [32.59204, -25.939913], [32.5923393, -25.9394039], [32.5924242, -25.9392677], [32.5927205, -25.9388147], [32.5931027, -25.9382328], [32.5931665, -25.9380742], [32.593429, -25.9377807], [32.593666, -25.9373564], [32.5939634, -25.9369452], [32.5941762, -25.9365609], [32.5942172, -25.9364553], [32.594184, -25.9364507], [32.5938543, -25.9363908], [32.5937427, -25.9363693], [32.5937235, -25.9363653], [32.5934949, -25.936317], [32.5933549, -25.9362875], [32.5933017, -25.9362771], [32.5930326, -25.9362243], [32.5928107, -25.9361807], [32.5927382, -25.9361665], [32.592418, -25.936104], [32.5923802, -25.9360985], [32.5920955, -25.9360501], [32.5918812, -25.9360137], [32.5918465, -25.9360078], [32.5916472, -25.9359739], [32.5915259, -25.9359533], [32.5912718, -25.9359009], [32.5910982, -25.9358699], [32.5907128, -25.9358012], [32.589682, -25.9356049], [32.5895105, -25.9355736], [32.5893088, -25.935538], [32.5891253, -25.9355045], [32.5888456, -25.9354395], [32.5885513, -25.9353872], [32.5881361, -25.9353299], [32.5877104, -25.9352728], [32.5873605, -25.9352204], [32.587087, -25.9351549], [32.5868414, -25.935096], [32.5867549, -25.9350685], [32.5867211, -25.9350629], [32.5865272, -25.9350306], [32.5863862, -25.9350341], [32.5862774, -25.9350471], [32.585884, -25.9350965], [32.5855854, -25.935121], [32.5855527, -25.9351938], [32.5854686, -25.9356009], [32.5854103, -25.9358832], [32.585304, -25.9364233], [32.5850959, -25.9371116], [32.5847702, -25.9378846], [32.5845096, -25.938635], [32.5841442, -25.9396918], [32.5840569, -25.940517], [32.5839844, -25.9410751], [32.5837787, -25.9419343], [32.5831276, -25.9440226], [32.5828171, -25.9448196], [32.5825802, -25.9454017], [32.5824068, -25.9459329], [32.5822503, -25.9465486], [32.5819614, -25.9476036], [32.5815667, -25.9488328]]]]}}, {"type": "Feature", "properties": {"name": "Maxaquene \"C\"", "code": "maxaquene_c"}, "geometry": {"type": "MultiPolygon", "coordinates": [[[[32.5848852, -25.9506782], [32.5872097, -25.9519112], [32.5886063, -25.9526778], [32.5886347, -25.9526351], [32.5886669, -25.9526038], [32.5887119, -25.952575], [32.5887553, -25.9525581], [32.5888015, -25.9525489], [32.5888566, -25.9525485], [32.5889029, -25.9525569], [32.5889094, -25.9525594], [32.5889536, -25.9525766], [32.5901021, -25.950962], [32.5907518, -25.9500216], [32.5911765, -25.9493858], [32.5919173, -25.9483432], [32.592281, -25.947844], [32.5925241, -25.9474963], [32.5927597, -25.9471762], [32.5933979, -25.9462947], [32.5938019, -25.9457143], [32.5939872, -25.945451], [32.5941779, -25.9451801], [32.5943741, -25.9448957], [32.594573, -25.9446195], [32.5951543, -25.9438354], [32.5955911, -25.9431929], [32.5958425, -25.9428367], [32.5961673, -25.9423741], [32.5963821, -25.9420791], [32.5964123, -25.9420357], [32.5965701, -25.9418196], [32.5966033, -25.9417722], [32.5967569, -25.94156], [32.5969864, -25.9412431], [32.597185, -25.9409688], [32.5973367, -25.940758], [32.5973945, -25.9406802], [32.5975578, -25.9404651], [32.5976614, -25.9403131], [32.5978384, -25.9400684], [32.5980582, -25.9397217], [32.5982792, -25.9394366], [32.598554, -25.9390684], [32.5987481, -25.9388096], [32.5989149, -25.9385871], [32.5991234, -25.9382686], [32.5993585, -25.9379381], [32.5995129, -25.937726], [32.6004538, -25.9363757], [32.5993287, -25.9364744], [32.5990189, -25.9365091], [32.5987596, -25.9365365], [32.5984049, -25.9365889], [32.5981594, -25.9366146], [32.5979304, -25.9366386], [32.5979046, -25.9366394], [32.5978526, -25.9366421], [32.5971146, -25.9366801], [32.5964545, -25.936654], [32.5962635, -25.9366464], [32.5961201, -25.9366319], [32.5960833, -25.9366291], [32.5959114, -25.9366159], [32.5953939, -25.9365727], [32.595262, -25.9365617], [32.5950414, -25.9365516], [32.5950037, -25.9365483], [32.5946484, -25.9365177], [32.5942172, -25.9364553], [32.5941762, -25.9365609], [32.5939634, -25.9369452], [32.593666, -25.9373564], [32.593429, -25.9377807], [32.5931665, -25.9380742], [32.5931027, -25.9382328], [32.5927205, -25.9388147], [32.5924242, -25.9392677], [32.5923393, -25.9394039], [32.59204, -25.939913], [32.5917854, -25.9402464], [32.5914744, -25.9406997], [32.5912481, -25.9410184], [32.5908114, -25.9417547], [32.5905478, -25.942202], [32.5901082, -25.9428241], [32.5898257, -25.9432165], [32.5894843, -25.9435109], [32.5893999, -25.9438141], [32.5892683, -25.9440792], [32.5890312, -25.9444635], [32.5884912, -25.9453383], [32.5884694, -25.9453736], [32.5884299, -25.9454376], [32.5876858, -25.9464724], [32.5873377, -25.9469989], [32.5871741, -25.9472463], [32.5869746, -25.947548], [32.586936, -25.9476064], [32.5864961, -25.9482034], [32.585872, -25.9491504], [32.5856314, -25.949516], [32.5855203, -25.9496868], [32.5853241, -25.9500071], [32.5848852, -25.9506782]]]]}}, {"type": "Feature", "properties": {"name": "Polana Cani\u00e7o \"B\"", "code": "polana_cani\u00e7o_b"}, "geometry": {"type": "MultiPolygon", "coordinates": [[[[32.5980255, -25.9287695], [32.5980469, -25.9288975], [32.5981118, -25.9290903], [32.5981176, -25.9291115], [32.5982714, -25.9295668], [32.5983747, -25.9298971], [32.5984013, -25.9300034], [32.5984367, -25.9301119], [32.5986447, -25.9307533], [32.5986738, -25.9308361], [32.598783, -25.9311647], [32.59879, -25.9311855], [32.5988749, -25.9314772], [32.5989819, -25.9318145], [32.5990816, -25.9321088], [32.5991951, -25.9324402], [32.5992532, -25.932615], [32.5992917, -25.9327316], [32.5994096, -25.9330502], [32.5994309, -25.9331191], [32.5995296, -25.9334393], [32.5996257, -25.9337532], [32.5996838, -25.9339128], [32.5997899, -25.9342352], [32.5998026, -25.9342742], [32.5998954, -25.9345622], [32.5999029, -25.9345855], [32.5999476, -25.9346965], [32.600016, -25.9349449], [32.6001099, -25.9352286], [32.600178, -25.9354197], [32.6002113, -25.9355188], [32.6002168, -25.9355338], [32.6003128, -25.93581], [32.6004538, -25.9363757], [32.6009389, -25.9362058], [32.6016282, -25.936041], [32.6018733, -25.935966], [32.6019844, -25.9359348], [32.6023033, -25.9358402], [32.6024223, -25.9358022], [32.6028676, -25.93567], [32.6030411, -25.9356223], [32.603357, -25.9355479], [32.6037671, -25.9354375], [32.6038861, -25.935392], [32.6046191, -25.935192], [32.6052925, -25.9350055], [32.6060699, -25.9348043], [32.6066801, -25.9346287], [32.6074839, -25.9343797], [32.6082248, -25.934183], [32.6087532, -25.9340056], [32.6090688, -25.9338844], [32.6097401, -25.9338143], [32.6098403, -25.9337254], [32.6104772, -25.9335713], [32.610885, -25.9334726], [32.6110886, -25.9333786], [32.6116292, -25.9330887], [32.6143682, -25.9321807], [32.6152192, -25.9322783], [32.6165328, -25.9327002], [32.6172028, -25.9330608], [32.6153364, -25.9353386], [32.6147837, -25.9367201], [32.6135073, -25.9395102], [32.6127045, -25.9416355], [32.6116238, -25.9446176], [32.6120127, -25.9446374], [32.612477, -25.9447625], [32.6129114, -25.945018], [32.6132425, -25.9453028], [32.6138536, -25.9458284], [32.6143111, -25.9461975], [32.6147747, -25.9465795], [32.6151498, -25.9469071], [32.6167977, -25.9484299], [32.617402, -25.948712], [32.6173883, -25.9486922], [32.6173848, -25.9486234], [32.6174159, -25.9485608], [32.6174558, -25.9484806], [32.6175367, -25.9483706], [32.6176293, -25.948255], [32.617997, -25.9478884], [32.6181488, -25.947763], [32.6181991, -25.9477165], [32.6182706, -25.9476504], [32.6189578, -25.9470147], [32.6192886, -25.9466907], [32.6197098, -25.9461636], [32.6199447, -25.9459542], [32.6204493, -25.9455454], [32.6206843, -25.9453732], [32.620983, -25.9451624], [32.6213652, -25.944837], [32.6219058, -25.944355], [32.6221427, -25.9441659], [32.6221688, -25.9441017], [32.6221375, -25.9440328], [32.6221688, -25.9439107], [32.6226519, -25.9434085], [32.6228287, -25.9433488], [32.6229424, -25.9432761], [32.6230544, -25.9431555], [32.6230656, -25.9429937], [32.6235384, -25.9424832], [32.6238415, -25.9421856], [32.6242403, -25.941688], [32.6246029, -25.9411799], [32.6248931, -25.940791], [32.6252142, -25.9404179], [32.6254775, -25.9400091], [32.6257125, -25.9397364], [32.6260468, -25.9392544], [32.6263084, -25.93895], [32.6266492, -25.9385365], [32.6269171, -25.9383088], [32.627012, -25.9381887], [32.6270861, -25.9379581], [32.6273984, -25.9375218], [32.6277518, -25.9369892], [32.6281269, -25.9364305], [32.628452, -25.9360731], [32.628858, -25.9356932], [32.6292191, -25.9352862], [32.6298387, -25.9345942], [32.63064, -25.9337044], [32.6310075, -25.9331505], [32.6311857, -25.9328726], [32.6308186, -25.9324899], [32.6297037, -25.9311779], [32.6293415, -25.9309853], [32.6287962, -25.9307524], [32.6267017, -25.9296504], [32.6188898, -25.925058], [32.6181781, -25.9250463], [32.6168442, -25.9250245], [32.6147516, -25.9244375], [32.6129593, -25.9249177], [32.6111928, -25.9253787], [32.6100414, -25.9257042], [32.6098532, -25.9255941], [32.6089973, -25.9257528], [32.6078849, -25.9260298], [32.606727, -25.9265024], [32.6067291, -25.9265528], [32.6066435, -25.9267143], [32.6064574, -25.9267911], [32.6063125, -25.9268139], [32.606131, -25.9267453], [32.6060293, -25.9265906], [32.6053641, -25.9267985], [32.6029879, -25.927407], [32.5992292, -25.928439], [32.5986614, -25.9285949], [32.5980255, -25.9287695]]]]}}, {"type": "Feature", "properties": {"name": "Polana Cani\u00e7o \"A\"", "code": "polana_cani\u00e7o_a"}, "geometry": {"type": "MultiPolygon", "coordinates": [[[[32.5911765, -25.9493858], [32.591281, -25.9494822], [32.5920177, -25.9487257], [32.5922938, -25.9484946], [32.592718, -25.948118], [32.5931747, -25.9477465], [32.5934886, -25.947564], [32.5947484, -25.9469748], [32.5953788, -25.9466782], [32.5959828, -25.9464369], [32.5969746, -25.9460314], [32.5975164, -25.9458843], [32.5980415, -25.9457777], [32.598186, -25.9457937], [32.5984042, -25.9458243], [32.5986054, -25.9459493], [32.5992148, -25.9464416], [32.5993394, -25.9465313], [32.5994479, -25.9466233], [32.6001437, -25.9471313], [32.6004872, -25.94742], [32.6006149, -25.9475223], [32.6008402, -25.9477011], [32.6022563, -25.9488202], [32.6023411, -25.9489226], [32.6043046, -25.9503198], [32.6060016, -25.9515213], [32.6061311, -25.9510795], [32.6063206, -25.9501001], [32.6064296, -25.949537], [32.6067139, -25.9480675], [32.6069404, -25.9468968], [32.6069567, -25.9468398], [32.6070309, -25.9465553], [32.6071816, -25.9459843], [32.607351, -25.9453547], [32.6074282, -25.9451184], [32.6075777, -25.9448453], [32.6077747, -25.9446539], [32.6081746, -25.9444402], [32.6083794, -25.9443761], [32.6086031, -25.9443385], [32.60908, -25.944305], [32.6095859, -25.9443181], [32.6114124, -25.9446122], [32.6116238, -25.9446176], [32.6127045, -25.9416355], [32.6135073, -25.9395102], [32.6147837, -25.9367201], [32.6153364, -25.9353386], [32.6172028, -25.9330608], [32.6165328, -25.9327002], [32.6152192, -25.9322783], [32.6143682, -25.9321807], [32.6116292, -25.9330887], [32.6110886, -25.9333786], [32.610885, -25.9334726], [32.6104772, -25.9335713], [32.6098403, -25.9337254], [32.6097401, -25.9338143], [32.6090688, -25.9338844], [32.6087532, -25.9340056], [32.6082248, -25.934183], [32.6074839, -25.9343797], [32.6066801, -25.9346287], [32.6060699, -25.9348043], [32.6052925, -25.9350055], [32.6046191, -25.935192], [32.6038861, -25.935392], [32.6037671, -25.9354375], [32.603357, -25.9355479], [32.6030411, -25.9356223], [32.6028676, -25.93567], [32.6024223, -25.9358022], [32.6023033, -25.9358402], [32.6019844, -25.9359348], [32.6018733, -25.935966], [32.6016282, -25.936041], [32.6009389, -25.9362058], [32.6004538, -25.9363757], [32.5995129, -25.937726], [32.5993585, -25.9379381], [32.5991234, -25.9382686], [32.5989149, -25.9385871], [32.5987481, -25.9388096], [32.598554, -25.9390684], [32.5982792, -25.9394366], [32.5980582, -25.9397217], [32.5978384, -25.9400684], [32.5976614, -25.9403131], [32.5975578, -25.9404651], [32.5973945, -25.9406802], [32.5973367, -25.940758], [32.597185, -25.9409688], [32.5969864, -25.9412431], [32.5967569, -25.94156], [32.5966033, -25.9417722], [32.5965701, -25.9418196], [32.5964123, -25.9420357], [32.5963821, -25.9420791], [32.5961673, -25.9423741], [32.5958425, -25.9428367], [32.5955911, -25.9431929], [32.5951543, -25.9438354], [32.594573, -25.9446195], [32.5943741, -25.9448957], [32.5941779, -25.9451801], [32.5939872, -25.945451], [32.5938019, -25.9457143], [32.5933979, -25.9462947], [32.5927597, -25.9471762], [32.5925241, -25.9474963], [32.592281, -25.947844], [32.5919173, -25.9483432], [32.5911765, -25.9493858]]]]}}, {"type": "Feature", "properties": {"name": "Maxaquene \"D\"", "code": "maxaquene_d"}, "geometry": {"type": "MultiPolygon", "coordinates": [[[[32.5848234, -25.932209], [32.5848796, -25.9323704], [32.5849158, -25.9325017], [32.5850816, -25.9329928], [32.5851401, -25.9330367], [32.5852268, -25.9330542], [32.5853184, -25.933068], [32.5854378, -25.933076], [32.5854998, -25.933128], [32.5855859, -25.9332251], [32.5855833, -25.9333639], [32.5855826, -25.9334036], [32.5855815, -25.9334168], [32.5855766, -25.9334761], [32.5855629, -25.9338453], [32.5855571, -25.9340016], [32.5855508, -25.934172], [32.5855481, -25.9342853], [32.5855498, -25.9344306], [32.5855606, -25.9345208], [32.5855692, -25.9347292], [32.58557, -25.9347477], [32.5855854, -25.935121], [32.585884, -25.9350965], [32.5862774, -25.9350471], [32.5863862, -25.9350341], [32.5865272, -25.9350306], [32.5867211, -25.9350629], [32.5867549, -25.9350685], [32.5868414, -25.935096], [32.587087, -25.9351549], [32.5873605, -25.9352204], [32.5877104, -25.9352728], [32.5881361, -25.9353299], [32.5885513, -25.9353872], [32.5888456, -25.9354395], [32.5891253, -25.9355045], [32.5893088, -25.935538], [32.5895105, -25.9355736], [32.589682, -25.9356049], [32.5907128, -25.9358012], [32.5910982, -25.9358699], [32.5912718, -25.9359009], [32.5915259, -25.9359533], [32.5916472, -25.9359739], [32.5918465, -25.9360078], [32.5918812, -25.9360137], [32.5920955, -25.9360501], [32.5923802, -25.9360985], [32.592418, -25.936104], [32.5927382, -25.9361665], [32.5928107, -25.9361807], [32.5930326, -25.9362243], [32.5933017, -25.9362771], [32.5933549, -25.9362875], [32.5934949, -25.936317], [32.5937235, -25.9363653], [32.5937427, -25.9363693], [32.5938543, -25.9363908], [32.594184, -25.9364507], [32.5942172, -25.9364553], [32.5946484, -25.9365177], [32.5950037, -25.9365483], [32.5950414, -25.9365516], [32.595262, -25.9365617], [32.5953939, -25.9365727], [32.5959114, -25.9366159], [32.5960833, -25.9366291], [32.5961201, -25.9366319], [32.5962635, -25.9366464], [32.5964545, -25.936654], [32.5971146, -25.9366801], [32.5978526, -25.9366421], [32.5979046, -25.9366394], [32.5979304, -25.9366386], [32.5981594, -25.9366146], [32.5984049, -25.9365889], [32.5987596, -25.9365365], [32.5990189, -25.9365091], [32.5993287, -25.9364744], [32.6004538, -25.9363757], [32.6003128, -25.93581], [32.6002168, -25.9355338], [32.6002113, -25.9355188], [32.600178, -25.9354197], [32.6001099, -25.9352286], [32.600016, -25.9349449], [32.5999476, -25.9346965], [32.5999029, -25.9345855], [32.5998954, -25.9345622], [32.5998026, -25.9342742], [32.5997899, -25.9342352], [32.5996838, -25.9339128], [32.5996257, -25.9337532], [32.5995296, -25.9334393], [32.5994309, -25.9331191], [32.5994096, -25.9330502], [32.5992917, -25.9327316], [32.5992532, -25.932615], [32.5991951, -25.9324402], [32.5990816, -25.9321088], [32.5989819, -25.9318145], [32.5988749, -25.9314772], [32.59879, -25.9311855], [32.598783, -25.9311647], [32.5986738, -25.9308361], [32.5986447, -25.9307533], [32.5984367, -25.9301119], [32.5984013, -25.9300034], [32.5983747, -25.9298971], [32.5982714, -25.9295668], [32.5981176, -25.9291115], [32.5981118, -25.9290903], [32.5980469, -25.9288975], [32.5980255, -25.9287695], [32.5978618, -25.9288103], [32.5976969, -25.9288515], [32.5970844, -25.9290124], [32.5966744, -25.9291194], [32.596006, -25.9292925], [32.5941015, -25.9298334], [32.5934234, -25.9300161], [32.5930259, -25.9301297], [32.5929929, -25.9300209], [32.592895, -25.9300503], [32.5926935, -25.9301057], [32.5925908, -25.9301305], [32.5925249, -25.930146], [32.592171, -25.9302367], [32.591817, -25.9303274], [32.5917124, -25.930358], [32.5915984, -25.9303876], [32.5912981, -25.9304683], [32.5909523, -25.9305632], [32.5904475, -25.9306938], [32.5898901, -25.9308454], [32.5886881, -25.9311639], [32.5882943, -25.9312692], [32.5868697, -25.9316515], [32.5859167, -25.9319134], [32.5854529, -25.9320336], [32.5851095, -25.9321304], [32.5848234, -25.932209]]]]}}, {"type": "Feature", "properties": {"name": "Malhangalene \"B\"", "code": "malhangalene_b"}, "geometry": {"type": "MultiPolygon", "coordinates": [[[[32.5758472, -25.9567738], [32.5758667, -25.9568238], [32.5758651, -25.9568564], [32.575858, -25.9568755], [32.5758502, -25.9568875], [32.5758907, -25.9568771], [32.576632, -25.9570314], [32.5773965, -25.9572452], [32.5779428, -25.9574195], [32.5780308, -25.9574542], [32.5783794, -25.9575947], [32.5785529, -25.9576648], [32.5798574, -25.9582279], [32.5810541, -25.9588141], [32.581447, -25.9590405], [32.5820503, -25.9594285], [32.5825387, -25.9597308], [32.5832065, -25.9601479], [32.5832072, -25.9601483], [32.5833081, -25.9602114], [32.5834403, -25.9602939], [32.5835867, -25.9600818], [32.5842634, -25.9591084], [32.5843145, -25.9590348], [32.5854476, -25.9574606], [32.5861774, -25.9564466], [32.5864239, -25.9560871], [32.5867795, -25.9555939], [32.5870104, -25.9552604], [32.5883637, -25.9533545], [32.5886017, -25.9530471], [32.5885632, -25.9530084], [32.5885345, -25.9529631], [32.5885171, -25.9529134], [32.5885116, -25.9528615], [32.5885184, -25.9528097], [32.5885337, -25.9527672], [32.5885619, -25.9527218], [32.5886001, -25.9526827], [32.5886063, -25.9526778], [32.5872097, -25.9519112], [32.5848852, -25.9506782], [32.5840683, -25.9502242], [32.5820662, -25.9491061], [32.5815667, -25.9488328], [32.5799255, -25.9479822], [32.5786352, -25.947185], [32.5785467, -25.9477243], [32.5784259, -25.9482687], [32.5782623, -25.948939], [32.5778458, -25.9504731], [32.5776518, -25.9511669], [32.5768562, -25.9541516], [32.5766492, -25.9548562], [32.5764699, -25.9553492], [32.5758472, -25.9567738]]]]}}, {"type": "Feature", "properties": {"name": "Mafalala", "code": "mafalala"}, "geometry": {"type": "MultiPolygon", "coordinates": [[[[32.5663382, -25.9560801], [32.5664089, -25.9560888], [32.5664769, -25.9561095], [32.5665182, -25.9561497], [32.5665518, -25.9561946], [32.5665931, -25.9562873], [32.5665963, -25.9564167], [32.5665646, -25.9565093], [32.5666338, -25.9565163], [32.5666353, -25.9565165], [32.5667212, -25.9565253], [32.5667213, -25.9565253], [32.5679739, -25.9563747], [32.5682325, -25.9563546], [32.5683038, -25.956349], [32.5687789, -25.9563119], [32.5687926, -25.9563108], [32.5687928, -25.9563108], [32.5700978, -25.9562058], [32.5700979, -25.9562058], [32.5704988, -25.9562036], [32.5704989, -25.9562036], [32.5712499, -25.9562305], [32.5713358, -25.9562317], [32.5717878, -25.9562479], [32.571788, -25.9562479], [32.5721759, -25.956276], [32.5728196, -25.9563573], [32.573429, -25.9564562], [32.5735139, -25.9564664], [32.5739354, -25.9565426], [32.5745992, -25.956649], [32.5751743, -25.9567528], [32.5756406, -25.9568311], [32.5757648, -25.9567278], [32.5758038, -25.9567411], [32.5758343, -25.9567623], [32.5758472, -25.9567738], [32.5764699, -25.9553492], [32.5766492, -25.9548562], [32.5768562, -25.9541516], [32.5776518, -25.9511669], [32.5778458, -25.9504731], [32.5782623, -25.948939], [32.5777913, -25.9489759], [32.5774651, -25.9490444], [32.5771858, -25.9491504], [32.5768649, -25.9493023], [32.5765736, -25.9493549], [32.5765735, -25.9493549], [32.576269, -25.9493564], [32.5759868, -25.9492771], [32.5756992, -25.9491059], [32.5750443, -25.948453], [32.5748104, -25.9482861], [32.5740735, -25.947797], [32.5737969, -25.9473639], [32.5737048, -25.9471191], [32.5734307, -25.9466185], [32.5730482, -25.9461231], [32.572309, -25.9453655], [32.5718317, -25.9462459], [32.5717892, -25.9463211], [32.5709477, -25.9478103], [32.570145, -25.9492315], [32.5697364, -25.9499411], [32.5687951, -25.9515761], [32.5685653, -25.9519751], [32.5682779, -25.9524744], [32.5682721, -25.9524844], [32.5672864, -25.9541966], [32.5672083, -25.9543321], [32.5663379, -25.9558437], [32.5663382, -25.9560801]]]]}}, {"type": "Feature", "properties": {"name": "Lu\u00eds Cabral", "code": "luis_cabral"}, "geometry": {"type": "MultiPolygon", "coordinates": [[[[32.5221558, -25.9331053], [32.5220022, -25.9332786], [32.5218985, -25.9335133], [32.5218632, -25.933606], [32.5217863, -25.9337125], [32.521694, -25.9338505], [32.5213576, -25.9343748], [32.521344, -25.934519], [32.5211702, -25.9348245], [32.521124, -25.9348875], [32.5210931, -25.9349744], [32.5211123, -25.9350791], [32.5212165, -25.9352513], [32.521386, -25.9354691], [32.5215276, -25.9355783], [32.5216452, -25.9356498], [32.5217499, -25.9356935], [32.5218743, -25.9357295], [32.5220513, -25.9357241], [32.5221517, -25.9357304], [32.5222411, -25.9357643], [32.5224284, -25.9359388], [32.5225587, -25.9361051], [32.5226305, -25.9361903], [32.5227895, -25.9363054], [32.5229856, -25.9364403], [32.5231336, -25.9365613], [32.5232142, -25.936609], [32.5233101, -25.9366962], [32.5236501, -25.9368613], [32.5237394, -25.9369307], [32.5237786, -25.9369782], [32.5237913, -25.9370652], [32.5237735, -25.9371639], [32.5237882, -25.9373002], [32.5238271, -25.9373991], [32.5238859, -25.9374546], [32.5239404, -25.9374904], [32.5239971, -25.9374985], [32.5241807, -25.9374991], [32.524292, -25.9375191], [32.5243835, -25.9375807], [32.5244456, -25.9376678], [32.5245643, -25.9371606], [32.5245646, -25.9370895], [32.5245627, -25.9370163], [32.5245762, -25.9369157], [32.5245788, -25.9368031], [32.5245834, -25.9367577], [32.5246165, -25.936663], [32.5246629, -25.9365525], [32.5247529, -25.9364244], [32.5248298, -25.9363377], [32.5249044, -25.936257], [32.524968, -25.9361762], [32.5250404, -25.9360974], [32.5250952, -25.936066], [32.5252001, -25.9360605], [32.5252984, -25.9360548], [32.5257806, -25.9362184], [32.5287659, -25.9375654], [32.5301924, -25.9382081], [32.5301996, -25.9384944], [32.5308396, -25.9390831], [32.5312595, -25.9395072], [32.5322998, -25.9405239], [32.532833, -25.9410451], [32.5334641, -25.9416614], [32.5337601, -25.9419527], [32.5339691, -25.9421469], [32.5342236, -25.9424164], [32.5346828, -25.9428643], [32.5350876, -25.9432606], [32.5353879, -25.943552], [32.5360256, -25.944196], [32.5363933, -25.9445626], [32.5367328, -25.9448857], [32.5371614, -25.9453215], [32.5375533, -25.9456902], [32.5379864, -25.9461182], [32.538611, -25.9467425], [32.5392946, -25.9473688], [32.5394665, -25.9475412], [32.5397564, -25.9472283], [32.5397969, -25.9471846], [32.5393194, -25.9466163], [32.5390264, -25.9460998], [32.5388382, -25.9456073], [32.538769, -25.9454235], [32.5386934, -25.9452138], [32.5386067, -25.9450437], [32.538494, -25.9447945], [32.5384226, -25.9446244], [32.5383685, -25.9444919], [32.5383013, -25.9443376], [32.5382343, -25.9441674], [32.5381869, -25.9440014], [32.5380418, -25.9436553], [32.537895, -25.9432143], [32.5378173, -25.9429651], [32.5377618, -25.9426489], [32.5377406, -25.9424908], [32.5377258, -25.9423605], [32.5377113, -25.9421609], [32.5376865, -25.9417875], [32.5376934, -25.9417065], [32.5378026, -25.9417306], [32.5379072, -25.9417744], [32.5396474, -25.9426095], [32.5398785, -25.9427288], [32.5399874, -25.9427924], [32.5401008, -25.9428599], [32.5403403, -25.9430621], [32.5405776, -25.9432801], [32.5408346, -25.9435042], [32.5412612, -25.9438848], [32.5413636, -25.943972], [32.54144, -25.9439861], [32.5415164, -25.94401], [32.541569, -25.9439647], [32.5416633, -25.9438722], [32.5417928, -25.9437166], [32.541863, -25.9436247], [32.5418787, -25.9436041], [32.5419509, -25.9435097], [32.5422076, -25.9432339], [32.542359, -25.9430586], [32.5425892, -25.9428342], [32.5427582, -25.9426391], [32.5429534, -25.9424561], [32.5431004, -25.9422847], [32.5432429, -25.9421488], [32.5433549, -25.9420188], [32.5434339, -25.9419104], [32.5436773, -25.9416741], [32.5438792, -25.9414397], [32.5440744, -25.9412449], [32.5442018, -25.9410852], [32.544375, -25.940908], [32.5449322, -25.9403171], [32.5452963, -25.9399232], [32.5455398, -25.9396593], [32.5457131, -25.9394722], [32.5459435, -25.9392241], [32.5461716, -25.9389778], [32.5463888, -25.9387534], [32.5466235, -25.9385073], [32.5468868, -25.9382198], [32.5470688, -25.9380248], [32.5473298, -25.9377411], [32.5475668, -25.9374811], [32.5477839, -25.9372527], [32.5479748, -25.9370538], [32.5482512, -25.9367623], [32.548464, -25.9365141], [32.548828, -25.9361478], [32.5490671, -25.9358997], [32.5492645, -25.9356849], [32.5494729, -25.9354467], [32.5497756, -25.9351474], [32.5498341, -25.9350759], [32.5500016, -25.9348715], [32.5501528, -25.9347317], [32.5501712, -25.9347039], [32.550106, -25.934592], [32.5501157, -25.934424], [32.5502865, -25.9341991], [32.5505157, -25.9341276], [32.5506947, -25.9341355], [32.550789, -25.9340424], [32.5509118, -25.9339222], [32.5510324, -25.9337903], [32.5511619, -25.9336505], [32.5514053, -25.9334003], [32.55173, -25.9330478], [32.5518989, -25.9328567], [32.5520985, -25.9326539], [32.5524187, -25.9323072], [32.5525744, -25.9321477], [32.5526534, -25.932061], [32.5537156, -25.9308901], [32.5533609, -25.9306991], [32.5529825, -25.9304948], [32.5528284, -25.9304181], [32.552478, -25.9302393], [32.5523659, -25.9301755], [32.5520576, -25.9300094], [32.5516652, -25.929805], [32.5511747, -25.9295368], [32.5507822, -25.9293324], [32.5503478, -25.9291025], [32.5499132, -25.9289108], [32.5495627, -25.9287572], [32.5491982, -25.9286038], [32.5486793, -25.9284244], [32.5481742, -25.9282831], [32.5478235, -25.9281932], [32.5474307, -25.928103], [32.5468693, -25.9280251], [32.5464622, -25.9279857], [32.5460972, -25.9279591], [32.54569, -25.9279198], [32.5452406, -25.9279311], [32.5448615, -25.9279552], [32.5444401, -25.9279794], [32.5440045, -25.9280288], [32.5437938, -25.9280535], [32.5433721, -25.9281411], [32.5428521, -25.9282537], [32.5425429, -25.9283289], [32.5420509, -25.9284798], [32.5416571, -25.9286055], [32.541179, -25.9287944], [32.5408976, -25.9289078], [32.536692, -25.9306341], [32.5333885, -25.9320002], [32.5315284, -25.9327695], [32.5309051, -25.9330273], [32.5296627, -25.9334143], [32.5294243, -25.9334906], [32.5292252, -25.9335631], [32.5288731, -25.9336646], [32.5285581, -25.9337663], [32.5280769, -25.9339267], [32.527727, -25.9340223], [32.5274251, -25.9341261], [32.5270665, -25.9342355], [32.5266661, -25.9343626], [32.5265283, -25.9344036], [32.5264474, -25.934431], [32.5262747, -25.93447], [32.5261479, -25.9344952], [32.5260233, -25.9345166], [32.5258986, -25.9345418], [32.5257304, -25.934561], [32.5255447, -25.9345644], [32.5253132, -25.9345577], [32.5251407, -25.9345393], [32.5250184, -25.9345231], [32.5248372, -25.9344929], [32.5246953, -25.9344648], [32.5245666, -25.9344308], [32.5244814, -25.9343989], [32.5244226, -25.9343769], [32.524331, -25.9343431], [32.5242612, -25.9343092], [32.5241784, -25.9342675], [32.5241217, -25.9342397], [32.5240388, -25.9342019], [32.5239429, -25.9341502], [32.5237685, -25.9340529], [32.5235745, -25.9339475], [32.5234111, -25.9338502], [32.523119, -25.9336853], [32.5228662, -25.9335363], [32.5227398, -25.9334529], [32.5225393, -25.9333377], [32.5223737, -25.9332325], [32.5221558, -25.9331053]]]]}}, {"type": "Feature", "properties": {"name": "Jardim", "code": "jardim"}, "geometry": {"type": "MultiPolygon", "coordinates": [[[[32.5221558, -25.9331053], [32.5223737, -25.9332325], [32.5225393, -25.9333377], [32.5227398, -25.9334529], [32.5228662, -25.9335363], [32.523119, -25.9336853], [32.5234111, -25.9338502], [32.5235745, -25.9339475], [32.5237685, -25.9340529], [32.5239429, -25.9341502], [32.5240388, -25.9342019], [32.5241217, -25.9342397], [32.5241784, -25.9342675], [32.5242612, -25.9343092], [32.524331, -25.9343431], [32.5244226, -25.9343769], [32.5244814, -25.9343989], [32.5245666, -25.9344308], [32.5246953, -25.9344648], [32.5248372, -25.9344929], [32.5250184, -25.9345231], [32.5251407, -25.9345393], [32.5253132, -25.9345577], [32.5255447, -25.9345644], [32.5257304, -25.934561], [32.5258986, -25.9345418], [32.5260233, -25.9345166], [32.5261479, -25.9344952], [32.5262747, -25.93447], [32.5264474, -25.934431], [32.5265283, -25.9344036], [32.5266661, -25.9343626], [32.5270665, -25.9342355], [32.5274251, -25.9341261], [32.527727, -25.9340223], [32.5280769, -25.9339267], [32.5285581, -25.9337663], [32.5288731, -25.9336646], [32.5292252, -25.9335631], [32.5294243, -25.9334906], [32.5296627, -25.9334143], [32.5309051, -25.9330273], [32.5315284, -25.9327695], [32.5333885, -25.9320002], [32.536692, -25.9306341], [32.5408976, -25.9289078], [32.541179, -25.9287944], [32.5416571, -25.9286055], [32.5420509, -25.9284798], [32.5425429, -25.9283289], [32.5428521, -25.9282537], [32.5433721, -25.9281411], [32.5437938, -25.9280535], [32.5440045, -25.9280288], [32.5444401, -25.9279794], [32.5448615, -25.9279552], [32.5452406, -25.9279311], [32.54569, -25.9279198], [32.5460972, -25.9279591], [32.5464622, -25.9279857], [32.5468693, -25.9280251], [32.5474307, -25.928103], [32.5478235, -25.9281932], [32.5481742, -25.9282831], [32.5486793, -25.9284244], [32.5491982, -25.9286038], [32.5495627, -25.9287572], [32.5499132, -25.9289108], [32.5503478, -25.9291025], [32.5507822, -25.9293324], [32.5511747, -25.9295368], [32.5516652, -25.929805], [32.5520576, -25.9300094], [32.5523659, -25.9301755], [32.552478, -25.9302393], [32.5528284, -25.9304181], [32.5529825, -25.9304948], [32.5533609, -25.9306991], [32.5537156, -25.9308901], [32.5539793, -25.9305994], [32.5541345, -25.9303967], [32.5549101, -25.9295357], [32.5554173, -25.9290928], [32.5559085, -25.9285734], [32.5554625, -25.9282675], [32.5553365, -25.9281656], [32.5551824, -25.9280635], [32.5549863, -25.9279359], [32.5547482, -25.9277828], [32.5543279, -25.9275148], [32.5540758, -25.927349], [32.5536134, -25.9270556], [32.5534034, -25.9269152], [32.5531231, -25.9267366], [32.552885, -25.9265835], [32.5525768, -25.926392], [32.5521845, -25.9261369], [32.5517783, -25.925869], [32.55133, -25.9255882], [32.5510638, -25.9254223], [32.5507697, -25.9252309], [32.5503914, -25.9250012], [32.5502093, -25.9248736], [32.5500413, -25.9247588], [32.5498311, -25.9246312], [32.549607, -25.9244782], [32.5494389, -25.9243761], [32.5492708, -25.9242612], [32.5490747, -25.9241209], [32.5489346, -25.9240443], [32.5487385, -25.923904], [32.5485145, -25.9237509], [32.5482764, -25.9235851], [32.5480383, -25.923432], [32.5478842, -25.9233173], [32.5476882, -25.9231896], [32.547506, -25.9230748], [32.5471, -25.9227688], [32.5465258, -25.9223733], [32.5462177, -25.9221565], [32.5460635, -25.9220671], [32.5460077, -25.9220034], [32.5457975, -25.9218631], [32.5456295, -25.9217483], [32.5452234, -25.9214549], [32.5449573, -25.9212637], [32.5446633, -25.9210596], [32.5444112, -25.9208683], [32.5441592, -25.9206644], [32.5437952, -25.9203839], [32.5437666, -25.9203608], [32.5436429, -25.9202612], [32.5434313, -25.9200907], [32.5432353, -25.9199376], [32.5430672, -25.9198102], [32.542925, -25.9197042], [32.5425034, -25.9193771], [32.5421797, -25.9191224], [32.5420119, -25.9192664], [32.5418506, -25.9194417], [32.5415665, -25.9197776], [32.5412277, -25.9201143], [32.5408359, -25.9206098], [32.5404983, -25.9209298], [32.5401954, -25.9212972], [32.5399276, -25.9216331], [32.5396429, -25.9218248], [32.5392969, -25.922039], [32.5388853, -25.9222856], [32.5384881, -25.9224918], [32.5378335, -25.92286], [32.5374919, -25.9230683], [32.5365169, -25.9235916], [32.5354999, -25.9241779], [32.5338351, -25.9251079], [32.5328818, -25.9256134], [32.5306062, -25.9268821], [32.5288656, -25.927875], [32.5275839, -25.9285433], [32.5272871, -25.9287597], [32.5268942, -25.9289609], [32.5265264, -25.9291691], [32.5261817, -25.92932], [32.5258925, -25.9295294], [32.5254602, -25.9297373], [32.5249468, -25.9300468], [32.524579, -25.9302481], [32.524202, -25.930551], [32.5238403, -25.9308599], [32.523576, -25.9311415], [32.5232937, -25.9315238], [32.5227024, -25.932411], [32.5225774, -25.9325576], [32.5223646, -25.9327939], [32.522303, -25.9328747], [32.5222066, -25.9330193], [32.5221558, -25.9331053]]]]}}, {"type": "Feature", "properties": {"name": "Inhagoia \"B\"", "code": "inhagoia_b"}, "geometry": {"type": "MultiPolygon", "coordinates": [[[[32.5421797, -25.9191224], [32.5425034, -25.9193771], [32.542925, -25.9197042], [32.5430672, -25.9198102], [32.5432353, -25.9199376], [32.5434313, -25.9200907], [32.5436429, -25.9202612], [32.5437666, -25.9203608], [32.5437952, -25.9203839], [32.5441592, -25.9206644], [32.5444112, -25.9208683], [32.5446633, -25.9210596], [32.5449573, -25.9212637], [32.5452234, -25.9214549], [32.5456295, -25.9217483], [32.5457975, -25.9218631], [32.5460077, -25.9220034], [32.5460635, -25.9220671], [32.5462177, -25.9221565], [32.5465258, -25.9223733], [32.5471, -25.9227688], [32.547506, -25.9230748], [32.5476882, -25.9231896], [32.5478842, -25.9233173], [32.5480383, -25.923432], [32.5482764, -25.9235851], [32.5485145, -25.9237509], [32.5487385, -25.923904], [32.5489346, -25.9240443], [32.5490747, -25.9241209], [32.5492708, -25.9242612], [32.5494389, -25.9243761], [32.549607, -25.9244782], [32.5498311, -25.9246312], [32.5500413, -25.9247588], [32.5502093, -25.9248736], [32.5503914, -25.9250012], [32.5507697, -25.9252309], [32.5510638, -25.9254223], [32.55133, -25.9255882], [32.5517783, -25.925869], [32.5521845, -25.9261369], [32.5525768, -25.926392], [32.552885, -25.9265835], [32.5531231, -25.9267366], [32.5534034, -25.9269152], [32.5536134, -25.9270556], [32.5540758, -25.927349], [32.5543279, -25.9275148], [32.5547482, -25.9277828], [32.5549863, -25.9279359], [32.5551824, -25.9280635], [32.5553365, -25.9281656], [32.5554625, -25.9282675], [32.5559085, -25.9285734], [32.5563186, -25.9281488], [32.5573491, -25.9269988], [32.5583011, -25.9259903], [32.559858, -25.9242977], [32.5611144, -25.9229317], [32.5615582, -25.9224743], [32.56164, -25.9223861], [32.5618097, -25.9214644], [32.5591677, -25.920043], [32.5572083, -25.918959], [32.5569869, -25.9187889], [32.5547785, -25.9176887], [32.553271, -25.9168981], [32.5512231, -25.9158078], [32.5502438, -25.9153105], [32.5492714, -25.9147537], [32.5484089, -25.914283], [32.5472899, -25.9137631], [32.5471336, -25.9139691], [32.547049, -25.9140704], [32.5469925, -25.9141591], [32.5467525, -25.9144758], [32.5466538, -25.9145897], [32.5465267, -25.9147799], [32.5464421, -25.9148812], [32.5463715, -25.9149952], [32.5463431, -25.9150586], [32.5462867, -25.915122], [32.5462162, -25.9152106], [32.5461738, -25.9152867], [32.5461173, -25.9153626], [32.5460749, -25.9154387], [32.5459762, -25.91554], [32.5458491, -25.9157174], [32.5453412, -25.9163761], [32.5452282, -25.9165281], [32.5448702, -25.9169397], [32.5445097, -25.9172388], [32.5436719, -25.9178456], [32.5433501, -25.9180352], [32.5431321, -25.9182112], [32.5429192, -25.9184821], [32.5427637, -25.9185893], [32.5425273, -25.9186953], [32.5423846, -25.9188983], [32.5421797, -25.9191224]]]]}}, {"type": "Feature", "properties": {"name": "Inhagoia \"A\"", "code": "inhagoia_a"}, "geometry": {"type": "MultiPolygon", "coordinates": [[[[32.5472899, -25.9137631], [32.5484089, -25.914283], [32.5492714, -25.9147537], [32.5502438, -25.9153105], [32.5512231, -25.9158078], [32.553271, -25.9168981], [32.5547785, -25.9176887], [32.5569869, -25.9187889], [32.5572083, -25.918959], [32.5591677, -25.920043], [32.5618097, -25.9214644], [32.5619248, -25.9208242], [32.5619419, -25.9207145], [32.5620589, -25.9200513], [32.5621922, -25.9193378], [32.5622972, -25.9187762], [32.5624277, -25.9180783], [32.5625614, -25.9173629], [32.5628286, -25.9162472], [32.5630819, -25.9150559], [32.5632025, -25.9144553], [32.5631367, -25.9140001], [32.5629582, -25.9135098], [32.5626399, -25.9133945], [32.5624753, -25.9133349], [32.5619693, -25.9131517], [32.5605166, -25.9126257], [32.5598622, -25.9123888], [32.5593088, -25.9121884], [32.5590245, -25.9120485], [32.5588921, -25.9119833], [32.5587783, -25.9119273], [32.5579563, -25.9115953], [32.5574641, -25.9113966], [32.5568596, -25.9111524], [32.5564796, -25.9112724], [32.5554634, -25.9126448], [32.5552106, -25.9124127], [32.5551632, -25.9124161], [32.555111, -25.9124198], [32.555041, -25.9124249], [32.5546475, -25.9124531], [32.5530422, -25.9128011], [32.5508542, -25.9133206], [32.5506143, -25.9133775], [32.550556, -25.9133914], [32.5504868, -25.9134078], [32.5492067, -25.9137117], [32.5488956, -25.913535], [32.5477771, -25.9128846], [32.5475999, -25.9132086], [32.5474865, -25.9134749], [32.5474441, -25.913551], [32.5473158, -25.9137265], [32.5472899, -25.9137631]]]]}}, {"type": "Feature", "properties": {"name": "Nsalene", "code": "nsalene"}, "geometry": {"type": "MultiPolygon", "coordinates": [[[[32.56164, -25.9223861], [32.562954, -25.9209691], [32.5642125, -25.9196119], [32.5648158, -25.9188568], [32.5651463, -25.9183473], [32.56532, -25.9177598], [32.5653678, -25.9164159], [32.5654126, -25.9151564], [32.5654447, -25.9142521], [32.5649902, -25.914218], [32.5646329, -25.9141716], [32.5643566, -25.9141057], [32.5641313, -25.9140504], [32.5641114, -25.913549], [32.5629582, -25.9135098], [32.5631367, -25.9140001], [32.5632025, -25.9144553], [32.5630819, -25.9150559], [32.5628286, -25.9162472], [32.5625614, -25.9173629], [32.5624277, -25.9180783], [32.5622972, -25.9187762], [32.5621922, -25.9193378], [32.5620589, -25.9200513], [32.5619419, -25.9207145], [32.5619248, -25.9208242], [32.5618097, -25.9214644], [32.56164, -25.9223861]]]]}}, {"type": "Feature", "properties": {"name": "25 de Junho \"B\"", "code": "25_de_junho_b"}, "geometry": {"type": "MultiPolygon", "coordinates": [[[[32.5654447, -25.9142521], [32.566192, -25.9141001], [32.5671062, -25.9138487], [32.567908, -25.9136282], [32.5695579, -25.9132539], [32.5706475, -25.912964], [32.5713251, -25.9127837], [32.5727347, -25.9124087], [32.5744169, -25.9119611], [32.575692, -25.9116218], [32.5760763, -25.9115195], [32.5768854, -25.9113042], [32.5770045, -25.9105077], [32.5774556, -25.9074915], [32.5778815, -25.9063341], [32.5784937, -25.9046991], [32.5788079, -25.9039182], [32.5791485, -25.9030716], [32.5795366, -25.902107], [32.5798922, -25.9010935], [32.5802503, -25.9001968], [32.5801786, -25.9001967], [32.5797653, -25.9001964], [32.5796037, -25.9001963], [32.5794371, -25.9001962], [32.579102, -25.9001959], [32.5787566, -25.9001957], [32.5784421, -25.9001954], [32.5781241, -25.9001952], [32.5777651, -25.9001949], [32.5774368, -25.9001947], [32.5771601, -25.9001945], [32.5770691, -25.900209], [32.5766301, -25.9002794], [32.5762672, -25.9003376], [32.5761521, -25.9002115], [32.575696, -25.9001835], [32.5753279, -25.9002623], [32.57482, -25.900314], [32.5735771, -25.9003862], [32.572421, -25.9004534], [32.5723096, -25.9007392], [32.5720146, -25.900938], [32.5714326, -25.9011559], [32.5710054, -25.9012611], [32.5704421, -25.9014892], [32.5689272, -25.9022065], [32.5680727, -25.9024968], [32.5676231, -25.9027017], [32.5673424, -25.9030136], [32.5666916, -25.9033502], [32.5652229, -25.9033213], [32.5655334, -25.9043353], [32.5655726, -25.9045236], [32.5656305, -25.9048025], [32.5656052, -25.9058209], [32.5655555, -25.9078155], [32.5655361, -25.9097697], [32.5655147, -25.9113581], [32.5654691, -25.9124884], [32.5654447, -25.9142521]]]]}}, {"type": "Feature", "properties": {"name": "25 de Junho \"A\"", "code": "25_de_junho_a"}, "geometry": {"type": "MultiPolygon", "coordinates": [[[[32.5477771, -25.9128846], [32.5488956, -25.913535], [32.5492067, -25.9137117], [32.5504868, -25.9134078], [32.550556, -25.9133914], [32.5506143, -25.9133775], [32.5508542, -25.9133206], [32.5530422, -25.9128011], [32.5546475, -25.9124531], [32.555041, -25.9124249], [32.555111, -25.9124198], [32.5551632, -25.9124161], [32.5552106, -25.9124127], [32.5554634, -25.9126448], [32.5564796, -25.9112724], [32.5568596, -25.9111524], [32.5574641, -25.9113966], [32.5579563, -25.9115953], [32.5587783, -25.9119273], [32.5588921, -25.9119833], [32.5590245, -25.9120485], [32.5593088, -25.9121884], [32.5598622, -25.9123888], [32.5605166, -25.9126257], [32.5619693, -25.9131517], [32.5624753, -25.9133349], [32.5626399, -25.9133945], [32.5629582, -25.9135098], [32.5641114, -25.913549], [32.5641313, -25.9140504], [32.5643566, -25.9141057], [32.5646329, -25.9141716], [32.5649902, -25.914218], [32.5654447, -25.9142521], [32.5654691, -25.9124884], [32.5655147, -25.9113581], [32.5655361, -25.9097697], [32.5655555, -25.9078155], [32.5656052, -25.9058209], [32.5656305, -25.9048025], [32.5655726, -25.9045236], [32.5653984, -25.9044233], [32.5644987, -25.9038941], [32.5636144, -25.9033724], [32.5609102, -25.9017718], [32.5583382, -25.9002424], [32.5583776, -25.9001025], [32.5578593, -25.8993458], [32.5576244, -25.898594], [32.5568319, -25.8986643], [32.5551796, -25.8987324], [32.5550641, -25.8987372], [32.5550594, -25.8987456], [32.5550249, -25.8989335], [32.5549684, -25.8990477], [32.5548972, -25.8992887], [32.5548408, -25.8993648], [32.5548124, -25.8994663], [32.5547698, -25.8995804], [32.5547275, -25.8996437], [32.5546429, -25.8997197], [32.5546005, -25.8997957], [32.5544872, -25.9000493], [32.5543882, -25.9002522], [32.5542753, -25.900417], [32.554261, -25.9004804], [32.5541623, -25.9006071], [32.5540497, -25.9007839], [32.5539924, -25.9009621], [32.5536815, -25.9015199], [32.55354, -25.9018115], [32.5534411, -25.9019762], [32.553328, -25.9021918], [32.5532717, -25.9022297], [32.5532433, -25.9023058], [32.5531301, -25.9025213], [32.5530877, -25.9026101], [32.5529465, -25.9028128], [32.5529182, -25.9028889], [32.5529038, -25.9029778], [32.5528473, -25.9030792], [32.5527197, -25.9034089], [32.5526774, -25.9034469], [32.552635, -25.9035102], [32.5525645, -25.9035862], [32.5525644, -25.9036243], [32.5525501, -25.9037132], [32.5525498, -25.9037894], [32.5524792, -25.9038907], [32.5524367, -25.9040048], [32.5524084, -25.9040428], [32.5523516, -25.9042077], [32.5523093, -25.9042584], [32.5521968, -25.9042962], [32.5521826, -25.9043343], [32.5520272, -25.9046258], [32.5519987, -25.9047019], [32.5519423, -25.904778], [32.5518577, -25.9048665], [32.5518717, -25.9049046], [32.5518291, -25.9050061], [32.5518289, -25.9050823], [32.5517999, -25.9051256], [32.5517817, -25.905175], [32.5517721, -25.9052344], [32.5517154, -25.905374], [32.551687, -25.9054755], [32.5516162, -25.9056022], [32.5515737, -25.9057418], [32.5515313, -25.9058051], [32.551531, -25.9058813], [32.5515442, -25.9060973], [32.5515437, -25.9062242], [32.551445, -25.9063509], [32.5514167, -25.9064016], [32.5512617, -25.9065407], [32.5511914, -25.9065786], [32.551093, -25.9066038], [32.5510507, -25.906629], [32.5510084, -25.9067051], [32.5507413, -25.9070182], [32.5506698, -25.9071358], [32.5506275, -25.9071737], [32.5505712, -25.9071989], [32.550557, -25.9072624], [32.5505011, -25.9073126], [32.5504559, -25.907368], [32.5504159, -25.9074397], [32.5503314, -25.9075157], [32.5502328, -25.9075915], [32.5501905, -25.9076295], [32.5501623, -25.9076675], [32.550106, -25.9077182], [32.5499368, -25.9078953], [32.5498661, -25.9080222], [32.5498378, -25.9080982], [32.5497671, -25.908225], [32.5497243, -25.90839], [32.5496677, -25.9085168], [32.5495828, -25.9086688], [32.5495686, -25.9087323], [32.549498, -25.9088337], [32.549399, -25.9090111], [32.5493565, -25.9090999], [32.549314, -25.9092268], [32.5492548, -25.9093223], [32.5492374, -25.9093655], [32.5492006, -25.9095184], [32.5491717, -25.9097089], [32.5491572, -25.9098485], [32.5491283, -25.9100516], [32.5490857, -25.9101911], [32.5490568, -25.9103815], [32.5490283, -25.9105084], [32.5489998, -25.9106226], [32.5489431, -25.9107494], [32.5489147, -25.9108381], [32.5488862, -25.9109524], [32.5488008, -25.9112441], [32.5487441, -25.9113964], [32.5486734, -25.9114977], [32.5486311, -25.9115738], [32.5485605, -25.9116625], [32.5483204, -25.9120427], [32.5482497, -25.9121694], [32.5482074, -25.91222], [32.5481368, -25.9123214], [32.5479673, -25.9125876], [32.5478543, -25.9127523], [32.547798, -25.9128156], [32.5477771, -25.9128846]]]]}}, {"type": "Feature", "properties": {"name": "Bagamoio", "code": "bagamoyo"}, "geometry": {"type": "MultiPolygon", "coordinates": [[[[32.5550641, -25.8987372], [32.5551796, -25.8987324], [32.5568319, -25.8986643], [32.5576244, -25.898594], [32.5578593, -25.8993458], [32.5583776, -25.9001025], [32.5583382, -25.9002424], [32.5609102, -25.9017718], [32.5636144, -25.9033724], [32.5644987, -25.9038941], [32.5653984, -25.9044233], [32.5655726, -25.9045236], [32.5655334, -25.9043353], [32.5652229, -25.9033213], [32.5666916, -25.9033502], [32.5673424, -25.9030136], [32.5676231, -25.9027017], [32.5680727, -25.9024968], [32.5689272, -25.9022065], [32.5704421, -25.9014892], [32.5710054, -25.9012611], [32.5714326, -25.9011559], [32.5720146, -25.900938], [32.5723096, -25.9007392], [32.572421, -25.9004534], [32.5735771, -25.9003862], [32.57482, -25.900314], [32.5753279, -25.9002623], [32.575696, -25.9001835], [32.5761521, -25.9002115], [32.5762672, -25.9003376], [32.5766301, -25.9002794], [32.5770691, -25.900209], [32.5771601, -25.9001945], [32.5774368, -25.9001947], [32.5777651, -25.9001949], [32.5781241, -25.9001952], [32.5784421, -25.9001954], [32.5787566, -25.9001957], [32.579102, -25.9001959], [32.5794371, -25.9001962], [32.5796037, -25.9001963], [32.5797653, -25.9001964], [32.5801786, -25.9001967], [32.5802503, -25.9001968], [32.580458, -25.8996903], [32.5806697, -25.899174], [32.5807321, -25.8990431], [32.5828725, -25.8954989], [32.5829058, -25.8954139], [32.5819829, -25.8959023], [32.5819827, -25.8959024], [32.5817348, -25.8955943], [32.5816646, -25.8956353], [32.5793727, -25.8969776], [32.5793726, -25.8969777], [32.5757508, -25.8943024], [32.5757509, -25.8943021], [32.5757863, -25.8941785], [32.5756832, -25.893776], [32.5755522, -25.8924666], [32.5754725, -25.8918194], [32.5740793, -25.8917312], [32.5724797, -25.8916273], [32.5716723, -25.8915748], [32.5711339, -25.8915398], [32.5711338, -25.8915399], [32.5706345, -25.8916872], [32.5698958, -25.8919053], [32.5692712, -25.8919433], [32.5692711, -25.8919433], [32.569271, -25.8919433], [32.5686389, -25.8918486], [32.5681696, -25.8917208], [32.5677875, -25.8914439], [32.5671218, -25.8913298], [32.5668734, -25.8913634], [32.5668732, -25.8913634], [32.5666702, -25.8913062], [32.5664017, -25.8912399], [32.5661155, -25.891248], [32.5661154, -25.891248], [32.5658263, -25.8911906], [32.565647, -25.8910628], [32.565311, -25.8910405], [32.5643573, -25.8910866], [32.564357, -25.8910866], [32.5577184, -25.8905865], [32.5577091, -25.8906879], [32.5576665, -25.8908275], [32.5576087, -25.8912718], [32.557579, -25.8917034], [32.5575357, -25.8920334], [32.557493, -25.8921857], [32.557492, -25.8924396], [32.5574494, -25.8925665], [32.5574488, -25.8927316], [32.5574337, -25.8929982], [32.5573908, -25.893214], [32.557376, -25.8934297], [32.557347, -25.8936836], [32.5573177, -25.894001], [32.5572606, -25.8942802], [32.5572311, -25.8946483], [32.5571883, -25.894826], [32.5570319, -25.8953588], [32.5568476, -25.8958408], [32.5567204, -25.8960689], [32.5565789, -25.8963733], [32.5564091, -25.8967029], [32.5562113, -25.8970706], [32.5558866, -25.8975394], [32.5555757, -25.898059], [32.5555195, -25.898097], [32.5554911, -25.8981731], [32.5554346, -25.8982491], [32.5553924, -25.8982871], [32.5553783, -25.8983251], [32.555336, -25.8983504], [32.5552794, -25.8984518], [32.5552231, -25.8985024], [32.5551948, -25.8985913], [32.5550961, -25.8986798], [32.5550641, -25.8987372]]]]}}, {"type": "Feature", "properties": {"name": "George Dimitrov", "code": "george_dimitrov"}, "geometry": {"type": "MultiPolygon", "coordinates": [[[[32.5577184, -25.8905865], [32.564357, -25.8910866], [32.5643573, -25.8910866], [32.565311, -25.8910405], [32.565647, -25.8910628], [32.5658263, -25.8911906], [32.5661154, -25.891248], [32.5661155, -25.891248], [32.5664017, -25.8912399], [32.5666702, -25.8913062], [32.5668732, -25.8913634], [32.5668734, -25.8913634], [32.5671218, -25.8913298], [32.5677875, -25.8914439], [32.5681696, -25.8917208], [32.5686389, -25.8918486], [32.569271, -25.8919433], [32.5692711, -25.8919433], [32.5692712, -25.8919433], [32.5698958, -25.8919053], [32.5706345, -25.8916872], [32.5711338, -25.8915399], [32.5711339, -25.8915398], [32.5716723, -25.8915748], [32.5724797, -25.8916273], [32.5740793, -25.8917312], [32.5754725, -25.8918194], [32.5755522, -25.8924666], [32.5756832, -25.893776], [32.5757863, -25.8941785], [32.5757509, -25.8943021], [32.5757508, -25.8943024], [32.5793726, -25.8969777], [32.5793727, -25.8969776], [32.5816646, -25.8956353], [32.5817348, -25.8955943], [32.5819827, -25.8959024], [32.5819829, -25.8959023], [32.5829058, -25.8954139], [32.5829085, -25.8954389], [32.5836494, -25.8942527], [32.5848085, -25.8924084], [32.5850487, -25.8920054], [32.5859057, -25.8905866], [32.586605, -25.889429], [32.5872861, -25.8883014], [32.5878076, -25.8874379], [32.5887973, -25.8858682], [32.5879841, -25.8858207], [32.5878689, -25.8858139], [32.5863773, -25.8857151], [32.5863645, -25.8856032], [32.5851035, -25.8854695], [32.5831712, -25.8853021], [32.5827467, -25.8852611], [32.5808993, -25.8850915], [32.5809129, -25.8847155], [32.5809409, -25.8842968], [32.5809215, -25.8838089], [32.580926, -25.8833912], [32.5809513, -25.8829795], [32.580973, -25.8825882], [32.580964, -25.8822709], [32.5809457, -25.8821644], [32.5809821, -25.8817569], [32.5809958, -25.8813405], [32.5810003, -25.8812207], [32.5810114, -25.880937], [32.5810163, -25.880823], [32.5810203, -25.8807269], [32.5810353, -25.8805336], [32.5810392, -25.8801984], [32.5810414, -25.880106], [32.5810585, -25.8797265], [32.5810607, -25.8796749], [32.5810722, -25.8792979], [32.5810748, -25.8791461], [32.5810563, -25.8783859], [32.5828005, -25.8787054], [32.5833306, -25.8787545], [32.5835506, -25.8767432], [32.583614, -25.876163], [32.5822933, -25.8760695], [32.5783877, -25.8757929], [32.5783815, -25.8757924], [32.576225, -25.8756397], [32.5727255, -25.8753917], [32.5713461, -25.8753041], [32.5712487, -25.8752979], [32.5712246, -25.875301], [32.5601615, -25.8766893], [32.5601125, -25.8771202], [32.5601314, -25.8772651], [32.560129, -25.8779103], [32.5601221, -25.8779931], [32.5601285, -25.8780309], [32.5601272, -25.878378], [32.5600984, -25.8785939], [32.5600553, -25.8788604], [32.5599983, -25.8790634], [32.5599763, -25.8791675], [32.5597041, -25.8797257], [32.5596937, -25.8797895], [32.5596585, -25.8798623], [32.5596581, -25.8799512], [32.5596298, -25.8800273], [32.5596013, -25.8801542], [32.5595871, -25.8801922], [32.5595868, -25.8802557], [32.5595726, -25.8802938], [32.5595162, -25.8803952], [32.5594593, -25.8805728], [32.559431, -25.8806362], [32.5594169, -25.880687], [32.5594307, -25.8807251], [32.5594165, -25.8807886], [32.5594163, -25.8808356], [32.5588366, -25.8826711], [32.5588651, -25.8827894], [32.5588614, -25.8828186], [32.5588047, -25.8829961], [32.55877, -25.8831195], [32.5587056, -25.8832268], [32.5586897, -25.8833603], [32.5586344, -25.8834782], [32.5586593, -25.8836141], [32.5586506, -25.883687], [32.5587631, -25.8838236], [32.5588292, -25.8839486], [32.5588569, -25.8840376], [32.5588987, -25.8841266], [32.5589404, -25.8842283], [32.5589823, -25.8843046], [32.559004, -25.8843845], [32.5589919, -25.8845893], [32.558981, -25.8846475], [32.5589664, -25.8847998], [32.558952, -25.8849013], [32.5589516, -25.8850029], [32.5589231, -25.8850918], [32.5589085, -25.8852822], [32.5589076, -25.8855107], [32.5588793, -25.8855487], [32.5588933, -25.8855869], [32.5588651, -25.8856249], [32.5588645, -25.8857646], [32.5588499, -25.8859296], [32.5588496, -25.8860058], [32.5588205, -25.886285], [32.5587919, -25.8864246], [32.5587773, -25.8865643], [32.5587767, -25.8867293], [32.5586896, -25.8875037], [32.5586701, -25.8877151], [32.5586343, -25.8879949], [32.5586033, -25.8880875], [32.5585765, -25.8881944], [32.5582459, -25.8890011], [32.558222, -25.8890978], [32.5580644, -25.8895335], [32.5579792, -25.8897872], [32.5579422, -25.8899128], [32.5578775, -25.8900424], [32.5577804, -25.8903961], [32.5577378, -25.8905102], [32.5577184, -25.8905865]]]]}}, {"type": "Feature", "properties": {"name": "Malhazine", "code": "malhazine"}, "geometry": {"type": "MultiPolygon", "coordinates": [[[[32.5810563, -25.8783859], [32.5810748, -25.8791461], [32.5810722, -25.8792979], [32.5810607, -25.8796749], [32.5810585, -25.8797265], [32.5810414, -25.880106], [32.5810392, -25.8801984], [32.5810353, -25.8805336], [32.5810203, -25.8807269], [32.5810163, -25.880823], [32.5810114, -25.880937], [32.5810003, -25.8812207], [32.5809958, -25.8813405], [32.5809821, -25.8817569], [32.5809457, -25.8821644], [32.580964, -25.8822709], [32.580973, -25.8825882], [32.5809513, -25.8829795], [32.580926, -25.8833912], [32.5809215, -25.8838089], [32.5809409, -25.8842968], [32.5809129, -25.8847155], [32.5808993, -25.8850915], [32.5827467, -25.8852611], [32.5831712, -25.8853021], [32.5851035, -25.8854695], [32.5863645, -25.8856032], [32.5863773, -25.8857151], [32.5878689, -25.8858139], [32.5879841, -25.8858207], [32.5887973, -25.8858682], [32.5888707, -25.8857231], [32.5890549, -25.8854303], [32.5892174, -25.8851552], [32.5894353, -25.8847673], [32.5897862, -25.8841375], [32.5905606, -25.8841529], [32.5921242, -25.8841939], [32.5936437, -25.8842347], [32.5936469, -25.8841732], [32.5936972, -25.8836968], [32.5937353, -25.883336], [32.5937765, -25.882945], [32.5938194, -25.8825382], [32.5938635, -25.8821202], [32.5939026, -25.8817501], [32.5939472, -25.881327], [32.594534, -25.8815011], [32.5946189, -25.8813486], [32.5948869, -25.8807094], [32.5950349, -25.8803842], [32.5943623, -25.8801819], [32.5940802, -25.8800984], [32.5933309, -25.8799495], [32.593022, -25.8798881], [32.5930218, -25.879888], [32.5918912, -25.8797439], [32.589547, -25.8794465], [32.5881628, -25.8793217], [32.5850632, -25.8789465], [32.5833306, -25.8787545], [32.5828005, -25.8787054], [32.5810563, -25.8783859]]]]}}, {"type": "Feature", "properties": {"name": "Magoanine \"C\"", "code": "magoanine_c"}, "geometry": {"type": "MultiPolygon", "coordinates": [[[[32.5713461, -25.8753041], [32.5727255, -25.8753917], [32.576225, -25.8756397], [32.5783815, -25.8757924], [32.5783877, -25.8757929], [32.5822933, -25.8760695], [32.583614, -25.876163], [32.5835506, -25.8767432], [32.5833306, -25.8787545], [32.5850632, -25.8789465], [32.5881628, -25.8793217], [32.589547, -25.8794465], [32.5918912, -25.8797439], [32.5918908, -25.8797321], [32.5918867, -25.8781353], [32.5918884, -25.8765641], [32.5925745, -25.8765482], [32.5926702, -25.8765498], [32.5938753, -25.8765292], [32.5943414, -25.8757634], [32.5946803, -25.8749317], [32.5948863, -25.8745064], [32.5949716, -25.8734588], [32.5951649, -25.8730534], [32.5953512, -25.872695], [32.5958137, -25.8720855], [32.5960576, -25.8716316], [32.5975337, -25.8691759], [32.5993137, -25.8658879], [32.5993249, -25.8658673], [32.599607, -25.8652646], [32.6017204, -25.8621765], [32.6021502, -25.861497], [32.6021875, -25.8605551], [32.6023559, -25.86013], [32.6023964, -25.8594341], [32.6024348, -25.858774], [32.6023884, -25.8584663], [32.6022823, -25.8577646], [32.6020649, -25.8563253], [32.6021038, -25.8549022], [32.6026887, -25.850998], [32.6027193, -25.8503805], [32.6026909, -25.8484935], [32.6027328, -25.8458305], [32.6028015, -25.8432247], [32.6027747, -25.8426455], [32.6027786, -25.8420512], [32.6028202, -25.8409545], [32.6028141, -25.8397034], [32.6028811, -25.838516], [32.6029472, -25.8372442], [32.6029978, -25.836043], [32.6030092, -25.8349893], [32.603018, -25.8348256], [32.6030769, -25.8338204], [32.6031348, -25.8326639], [32.6032136, -25.8311222], [32.6032353, -25.8302875], [32.60317, -25.8290281], [32.6031905, -25.8266777], [32.5904315, -25.8225542], [32.5902983, -25.8225112], [32.5900538, -25.8233181], [32.5897977, -25.8241635], [32.5893346, -25.8256924], [32.5892305, -25.8260363], [32.5890222, -25.8266206], [32.5890134, -25.8266452], [32.5887935, -25.827259], [32.5885835, -25.8278859], [32.588376, -25.8285054], [32.5881447, -25.8291959], [32.5880009, -25.829625], [32.587906, -25.8299053], [32.5872912, -25.8317221], [32.5871731, -25.8320708], [32.586876, -25.8329417], [32.586643, -25.833536], [32.5864967, -25.8339094], [32.5864039, -25.8341462], [32.5861788, -25.8347204], [32.5851456, -25.8396294], [32.5851396, -25.8402454], [32.585138, -25.8404089], [32.5851218, -25.8408514], [32.5851028, -25.841139], [32.5850718, -25.8416304], [32.5850361, -25.84215], [32.5850289, -25.8427375], [32.5850143, -25.8433012], [32.5850008, -25.8438245], [32.5849998, -25.843863], [32.5849857, -25.8444071], [32.5849734, -25.844968], [32.5833571, -25.8449278], [32.5833444, -25.84528], [32.5832947, -25.8459165], [32.5832466, -25.846532], [32.5831995, -25.8471356], [32.5831851, -25.8477382], [32.5831708, -25.8483311], [32.583155, -25.8489915], [32.5831485, -25.8492639], [32.5831409, -25.8495815], [32.5831351, -25.8498225], [32.5831268, -25.8501668], [32.5831124, -25.8507594], [32.5830979, -25.8513609], [32.5830844, -25.8519182], [32.5830692, -25.8525494], [32.5830532, -25.8532113], [32.583017, -25.854708], [32.5820799, -25.8549437], [32.5803932, -25.8550621], [32.5784252, -25.8551921], [32.5752363, -25.8551211], [32.5732338, -25.8548752], [32.573044, -25.8575348], [32.5725367, -25.8616752], [32.5720226, -25.8677672], [32.5713476, -25.8752855], [32.5713461, -25.8753041]]]]}}, {"type": "Feature", "properties": {"name": "Magoanine \"B\"", "code": "magoanine_b"}, "geometry": {"type": "MultiPolygon", "coordinates": [[[[32.5993137, -25.8658879], [32.6036153, -25.8669153], [32.6038083, -25.8669308], [32.610336, -25.8674546], [32.6104504, -25.8674637], [32.6115439, -25.8675515], [32.6124865, -25.8676271], [32.6129738, -25.8669912], [32.6136738, -25.8660763], [32.6143334, -25.8652143], [32.6145116, -25.8649814], [32.6146993, -25.8647361], [32.6150033, -25.8643389], [32.6157457, -25.863281], [32.6165501, -25.8622142], [32.6169656, -25.8617058], [32.6170935, -25.8615384], [32.617303, -25.8612612], [32.6175066, -25.8609937], [32.6176132, -25.8608535], [32.6179149, -25.860465], [32.6183107, -25.8599278], [32.618348, -25.8598751], [32.6186739, -25.8594147], [32.618938, -25.8590662], [32.6190915, -25.8588634], [32.6192859, -25.8586323], [32.6194727, -25.8584061], [32.6196131, -25.858236], [32.619907, -25.8578276], [32.6202343, -25.8573952], [32.6205656, -25.8569539], [32.6206902, -25.8567879], [32.6208913, -25.85652], [32.6208995, -25.8565083], [32.621376, -25.8558259], [32.6220514, -25.8549486], [32.6224716, -25.8544028], [32.6228704, -25.8538019], [32.6230977, -25.8533355], [32.6231998, -25.8529857], [32.6232627, -25.8523605], [32.6233242, -25.8516704], [32.6233393, -25.851425], [32.6233696, -25.850935], [32.6233826, -25.8507253], [32.6234149, -25.8498519], [32.6234618, -25.8492675], [32.6235144, -25.8485878], [32.6235722, -25.8472803], [32.6236001, -25.8469766], [32.6236225, -25.8467369], [32.623701, -25.8461191], [32.6237839, -25.8454673], [32.6238131, -25.8448106], [32.623831, -25.8443803], [32.623833, -25.8441976], [32.6238337, -25.8441392], [32.6238782, -25.8429996], [32.6239193, -25.8419453], [32.6239463, -25.8401813], [32.6240827, -25.8381837], [32.6241615, -25.8370283], [32.6246141, -25.8332352], [32.6080874, -25.8282599], [32.6031905, -25.8266777], [32.60317, -25.8290281], [32.6032353, -25.8302875], [32.6032136, -25.8311222], [32.6031348, -25.8326639], [32.6030769, -25.8338204], [32.603018, -25.8348256], [32.6030092, -25.8349893], [32.6029978, -25.836043], [32.6029472, -25.8372442], [32.6028811, -25.838516], [32.6028141, -25.8397034], [32.6028202, -25.8409545], [32.6027786, -25.8420512], [32.6027747, -25.8426455], [32.6028015, -25.8432247], [32.6027328, -25.8458305], [32.6026909, -25.8484935], [32.6027193, -25.8503805], [32.6026887, -25.850998], [32.6021038, -25.8549022], [32.6020649, -25.8563253], [32.6022823, -25.8577646], [32.6023884, -25.8584663], [32.6024348, -25.858774], [32.6023964, -25.8594341], [32.6023559, -25.86013], [32.6021875, -25.8605551], [32.6021502, -25.861497], [32.6017204, -25.8621765], [32.599607, -25.8652646], [32.5993249, -25.8658673], [32.5993137, -25.8658879]]]]}}, {"type": "Feature", "properties": {"name": "Magoanine \"A\"", "code": "magoanine_a"}, "geometry": {"type": "MultiPolygon", "coordinates": [[[[32.5918912, -25.8797439], [32.5930218, -25.879888], [32.593022, -25.8798881], [32.5933309, -25.8799495], [32.5940802, -25.8800984], [32.5943623, -25.8801819], [32.5950349, -25.8803842], [32.5957213, -25.880636], [32.5968642, -25.8810487], [32.5972422, -25.8811851], [32.5980557, -25.8814906], [32.59844, -25.8816218], [32.5987741, -25.8817301], [32.5990562, -25.8818057], [32.5993814, -25.881883], [32.5997181, -25.8819587], [32.59996, -25.8820131], [32.600314, -25.8820775], [32.6011066, -25.8821919], [32.6026812, -25.8823752], [32.6036446, -25.8824836], [32.6042545, -25.8825468], [32.6042567, -25.8824824], [32.6042676, -25.8824188], [32.6042871, -25.8823568], [32.6043152, -25.8822967], [32.6043508, -25.8822409], [32.6043937, -25.8821896], [32.6044433, -25.8821433], [32.6044987, -25.8821029], [32.60456, -25.8820685], [32.6046247, -25.8820416], [32.6046925, -25.8820221], [32.6047625, -25.8820102], [32.6048335, -25.8820061], [32.6048758, -25.8820084], [32.6049046, -25.88201], [32.6049737, -25.8820213], [32.6050393, -25.8820391], [32.6050895, -25.8814005], [32.6053463, -25.8806161], [32.6056008, -25.8798354], [32.6058645, -25.8790265], [32.6060233, -25.8782219], [32.6062135, -25.8774188], [32.6063953, -25.876651], [32.606662, -25.8758896], [32.6070711, -25.8751084], [32.6074542, -25.8743798], [32.6078908, -25.8736507], [32.6084318, -25.8729296], [32.6089922, -25.8721827], [32.6093635, -25.8717005], [32.6097065, -25.8712551], [32.6103944, -25.8703619], [32.6108091, -25.8698199], [32.6111047, -25.8694303], [32.6112977, -25.8691814], [32.6118012, -25.8685235], [32.6121334, -25.8680894], [32.6124865, -25.8676271], [32.6115439, -25.8675515], [32.6104504, -25.8674637], [32.610336, -25.8674546], [32.6038083, -25.8669308], [32.6036153, -25.8669153], [32.5993137, -25.8658879], [32.5975337, -25.8691759], [32.5960576, -25.8716316], [32.5958137, -25.8720855], [32.5953512, -25.872695], [32.5951649, -25.8730534], [32.5949716, -25.8734588], [32.5948863, -25.8745064], [32.5946803, -25.8749317], [32.5943414, -25.8757634], [32.5938753, -25.8765292], [32.5926702, -25.8765498], [32.5925745, -25.8765482], [32.5918884, -25.8765641], [32.5918867, -25.8781353], [32.5918908, -25.8797321], [32.5918912, -25.8797439]]]]}}, {"type": "Feature", "properties": {"name": "Nhaquene", "code": "nhaquene"}, "geometry": {"type": "MultiPolygon", "coordinates": [[[[32.9019106, -26.0297473], [32.901767, -26.0300799], [32.9015246, -26.0307006], [32.9012835, -26.0310931], [32.9010518, -26.0313672], [32.900973, -26.0317432], [32.901011, -26.0322149], [32.9011144, -26.0328599], [32.901049, -26.0336641], [32.9011898, -26.0344025], [32.9014028, -26.0349938], [32.9015987, -26.0358115], [32.9020457, -26.0364738], [32.90233, -26.037106], [32.9027243, -26.0378824], [32.9029903, -26.0383827], [32.9029511, -26.0391056], [32.9028143, -26.040032], [32.9026886, -26.0407702], [32.902592, -26.0414389], [32.9024439, -26.0419659], [32.9023386, -26.0433677], [32.9021566, -26.0440653], [32.9019572, -26.0445536], [32.9016168, -26.0452612], [32.9012018, -26.0458985], [32.9006774, -26.0468391], [32.900042, -26.047656], [32.8996306, -26.0481058], [32.8993456, -26.048399], [32.8991094, -26.0486391], [32.8988918, -26.0488735], [32.8985793, -26.0491748], [32.898046, -26.049713], [32.8978241, -26.049942], [32.8974006, -26.0503297], [32.89717, -26.0505614], [32.8968824, -26.0508016], [32.8966514, -26.051028], [32.8963768, -26.0513073], [32.896193, -26.051514], [32.8960634, -26.0516856], [32.8960503, -26.0517881], [32.8961477, -26.0519468], [32.8964666, -26.052186], [32.8966504, -26.0523629], [32.8971063, -26.0527019], [32.8973723, -26.0529193], [32.8976344, -26.053059], [32.8979813, -26.0532719], [32.8981783, -26.0532904], [32.8983664, -26.0533081], [32.8987147, -26.0539745], [32.8987894, -26.0544249], [32.8991353, -26.055006], [32.8991454, -26.055048], [32.899224, -26.055376], [32.8993081, -26.0558349], [32.8993144, -26.0558693], [32.8993359, -26.0563948], [32.8991912, -26.0569224], [32.8989702, -26.0572877], [32.8987765, -26.0573626], [32.8984645, -26.057307], [32.898338, -26.0575221], [32.8985181, -26.0577022], [32.8992768, -26.0582518], [32.9002029, -26.0588355], [32.9005353, -26.0590669], [32.90103, -26.059366], [32.9020906, -26.0599931], [32.9026315, -26.060338], [32.9030083, -26.0605942], [32.9030714, -26.0606371], [32.9035334, -26.0609927], [32.9039142, -26.061323], [32.9043041, -26.0618202], [32.9044791, -26.0622341], [32.9045221, -26.0625917], [32.9044306, -26.0628116], [32.9043836, -26.0631], [32.9042397, -26.0632852], [32.9039976, -26.0634302], [32.9040917, -26.063725], [32.9041981, -26.0640653], [32.9040688, -26.0642283], [32.9040446, -26.0644216], [32.904214, -26.064668], [32.9040822, -26.065115], [32.9040822, -26.0654219], [32.9039493, -26.0656672], [32.903745, -26.0657769], [32.9037364, -26.0660532], [32.9038713, -26.0661895], [32.9041508, -26.0664513], [32.9041223, -26.0667021], [32.9043322, -26.0670784], [32.9044576, -26.0676181], [32.90444, -26.0679445], [32.9043184, -26.0681905], [32.904136, -26.0681934], [32.903937, -26.0681451], [32.9037456, -26.0682905], [32.9037988, -26.0686176], [32.9040462, -26.069035], [32.9041379, -26.0691923], [32.9040648, -26.0693478], [32.9041257, -26.0695794], [32.9041326, -26.0696058], [32.9042698, -26.0697436], [32.9043386, -26.0699002], [32.9044608, -26.0701785], [32.9047411, -26.0701634], [32.9048646, -26.0698629], [32.9051546, -26.0697566], [32.9051346, -26.0695509], [32.9049476, -26.0695575], [32.9048858, -26.0691758], [32.9049315, -26.0689221], [32.905002, -26.0686274], [32.9051467, -26.0683881], [32.9051252, -26.0679652], [32.905377, -26.0674615], [32.905604, -26.0671824], [32.905911, -26.0670021], [32.9061125, -26.0666663], [32.9066066, -26.0660112], [32.9069247, -26.0657036], [32.9075972, -26.0654257], [32.908149, -26.06529], [32.908251, -26.0651233], [32.9082021, -26.0649037], [32.9079576, -26.0643142], [32.9080329, -26.0634467], [32.9079879, -26.063248], [32.908069, -26.0630067], [32.9081136, -26.0628741], [32.9082935, -26.0626839], [32.9084162, -26.0625542], [32.9089028, -26.0623913], [32.9090888, -26.062012], [32.909291, -26.061559], [32.9098423, -26.0615478], [32.9101729, -26.0614004], [32.910382, -26.0609913], [32.9103873, -26.0606648], [32.9102834, -26.0602794], [32.9110014, -26.0595638], [32.9112147, -26.0591738], [32.9116674, -26.0589827], [32.9118336, -26.05869], [32.9121927, -26.0584149], [32.9129507, -26.0580356], [32.9134686, -26.0578019], [32.9140708, -26.0576608], [32.9144217, -26.0576778], [32.9146789, -26.0575391], [32.9150358, -26.0571566], [32.9154084, -26.0569584], [32.915545, -26.0567804], [32.9157306, -26.0566571], [32.9162917, -26.0565218], [32.9165122, -26.0562545], [32.916809, -26.0556469], [32.9174953, -26.0551525], [32.9184023, -26.0545774], [32.9192785, -26.054033], [32.9196152, -26.0539065], [32.9198747, -26.0538208], [32.9202153, -26.0535008], [32.9210652, -26.0526004], [32.9220156, -26.0514789], [32.9226113, -26.0508831], [32.9228883, -26.0506675], [32.9230779, -26.0504779], [32.9232895, -26.0503103], [32.9235638, -26.0499889], [32.9238435, -26.0498859], [32.9241332, -26.0499149], [32.9242532, -26.0497619], [32.9247391, -26.0491005], [32.9249965, -26.0484715], [32.9250294, -26.0482793], [32.9251049, -26.0479463], [32.9251979, -26.0475533], [32.9252637, -26.0472681], [32.9251127, -26.0466802], [32.9252035, -26.0461693], [32.9257746, -26.0450888], [32.9258958, -26.0444734], [32.9255853, -26.0432419], [32.924971, -26.0418286], [32.9246708, -26.0412659], [32.9242277, -26.0403016], [32.9232919, -26.0390066], [32.9233241, -26.0386418], [32.922957, -26.0380479], [32.9228881, -26.0377712], [32.9228208, -26.0374487], [32.9228208, -26.0373095], [32.9226505, -26.0371321], [32.9222556, -26.0367391], [32.9219754, -26.0363147], [32.921535, -26.0357367], [32.9210632, -26.0349928], [32.9209974, -26.0345511], [32.9207651, -26.0342345], [32.9205545, -26.0339657], [32.9204321, -26.0337127], [32.9201861, -26.0334364], [32.9198979, -26.0332431], [32.9198088, -26.0332188], [32.9196153, -26.0331527], [32.919472, -26.0331527], [32.919259, -26.0331812], [32.9193976, -26.0336794], [32.9192955, -26.0342659], [32.919102, -26.0347076], [32.9190478, -26.0352225], [32.9190655, -26.0356085], [32.9192126, -26.0360712], [32.9194991, -26.0362103], [32.9200179, -26.0363912], [32.9200644, -26.0365895], [32.9200837, -26.0368226], [32.9202115, -26.0370139], [32.920436, -26.0370452], [32.9205715, -26.0370521], [32.9208812, -26.0373269], [32.9210593, -26.0375565], [32.92128, -26.0378626], [32.9214326, -26.0382845], [32.9218791, -26.0397153], [32.9219114, -26.0406675], [32.9217446, -26.0416437], [32.9216942, -26.0417898], [32.9216942, -26.0419428], [32.9217484, -26.0421098], [32.9217794, -26.0422906], [32.9217368, -26.0423567], [32.9216245, -26.0424402], [32.9213734, -26.0424269], [32.9209269, -26.0417986], [32.9204051, -26.040827], [32.9202437, -26.0398845], [32.920163, -26.0388549], [32.9199478, -26.0385213], [32.919704, -26.0383542], [32.9196196, -26.0382963], [32.9195389, -26.038241], [32.918995, -26.038274], [32.9184304, -26.0383932], [32.917855, -26.03866], [32.9174645, -26.039059], [32.9172561, -26.0396387], [32.9172615, -26.0408713], [32.9173711, -26.0415442], [32.9177315, -26.0422894], [32.9177472, -26.042477], [32.9182379, -26.0431879], [32.9185612, -26.0441005], [32.9186145, -26.0446781], [32.9183444, -26.0452352], [32.9175075, -26.0459392], [32.9171613, -26.0463699], [32.9169521, -26.0463084], [32.9163321, -26.0460452], [32.915693, -26.0458094], [32.9155598, -26.0455052], [32.9155332, -26.0452078], [32.9157957, -26.0449652], [32.9159593, -26.0446918], [32.9158718, -26.0441654], [32.9154914, -26.0433076], [32.9153582, -26.0432529], [32.9151756, -26.0427094], [32.9147039, -26.041626], [32.9144248, -26.041285], [32.9140244, -26.0404117], [32.9138289, -26.0393275], [32.9134151, -26.0382243], [32.913117, -26.0377644], [32.9125023, -26.0368161], [32.9120018, -26.0361883], [32.9116864, -26.0357143], [32.9114211, -26.035107], [32.9112958, -26.0346091], [32.9109434, -26.033828], [32.9107659, -26.0332802], [32.9104463, -26.0323849], [32.9100814, -26.0313668], [32.9098507, -26.0306103], [32.9095646, -26.0299611], [32.9095057, -26.0297102], [32.9019106, -26.0297473]]]]}}, {"type": "Feature", "properties": {"name": "Ribjene"}, "geometry": {"type": "MultiPolygon", "coordinates": [[[[32.9019106, -26.0297473], [32.9095057, -26.0297102], [32.9091779, -26.0285747], [32.909116, -26.0280459], [32.9091574, -26.0274309], [32.9093535, -26.026776], [32.9094375, -26.0265227], [32.90972, -26.0257603], [32.9102194, -26.0247363], [32.9107946, -26.0241342], [32.9116551, -26.0237273], [32.912061, -26.0235244], [32.9121032, -26.0233255], [32.912043, -26.0231507], [32.9118598, -26.0228777], [32.9116264, -26.022444], [32.9115119, -26.0222027], [32.9114423, -26.0220804], [32.911457, -26.021929], [32.911743, -26.021414], [32.911886, -26.021285], [32.9121667, -26.0211021], [32.9125693, -26.0209351], [32.9129216, -26.0208099], [32.9133087, -26.0206568], [32.9139447, -26.0203737], [32.9150429, -26.0203997], [32.9158832, -26.0203228], [32.9164407, -26.0201176], [32.9172754, -26.0201747], [32.9175441, -26.0201941], [32.9181377, -26.0204181], [32.9186216, -26.0206029], [32.9195959, -26.021457], [32.9196075, -26.0216935], [32.9194682, -26.0224833], [32.9196392, -26.0231061], [32.919661, -26.0233491], [32.919575, -26.023477], [32.9192279, -26.0233831], [32.9188698, -26.0230363], [32.9186113, -26.0227235], [32.9182274, -26.0221796], [32.9180357, -26.0219684], [32.91784, -26.0218779], [32.9171143, -26.0215126], [32.9167969, -26.0214883], [32.9167675, -26.0216003], [32.9167543, -26.0217109], [32.9168487, -26.0221123], [32.9167427, -26.0225076], [32.9164794, -26.0226224], [32.9161852, -26.0227859], [32.9157361, -26.0229112], [32.9151206, -26.0229738], [32.9150416, -26.0230285], [32.914958, -26.0232138], [32.9150044, -26.0233913], [32.915636, -26.0238087], [32.9159357, -26.0241581], [32.9164175, -26.0245045], [32.9166475, -26.0247327], [32.9171797, -26.0249181], [32.9177532, -26.0251852], [32.9186589, -26.0255803], [32.9190537, -26.0259948], [32.918992, -26.0263274], [32.9189881, -26.02647], [32.918961, -26.0266614], [32.9188526, -26.0268527], [32.9185674, -26.0268046], [32.9180009, -26.0265883], [32.9176847, -26.0263566], [32.9172886, -26.0263309], [32.916765, -26.026478], [32.9166536, -26.026484], [32.9166533, -26.0266497], [32.9174242, -26.0270869], [32.9173665, -26.0273413], [32.9176013, -26.0274962], [32.9179365, -26.0275914], [32.9184409, -26.0276398], [32.9193957, -26.027389], [32.9204412, -26.0274789], [32.9212916, -26.0276111], [32.9220814, -26.0277816], [32.9226843, -26.0279071], [32.9232733, -26.0280051], [32.9240016, -26.0281329], [32.9244379, -26.0280817], [32.924803, -26.0282268], [32.9248843, -26.0283242], [32.9251553, -26.028439], [32.9255734, -26.0284599], [32.9258299, -26.0284691], [32.9260457, -26.0286443], [32.9263114, -26.0289527], [32.9267337, -26.0291076], [32.9278386, -26.0292056], [32.928598, -26.0292022], [32.9292323, -26.0291665], [32.9298014, -26.0292458], [32.9301849, -26.0293292], [32.9303449, -26.0294449], [32.9305172, -26.0295522], [32.9306062, -26.0296636], [32.930877, -26.0298625], [32.9313268, -26.0299701], [32.9317134, -26.0301436], [32.932089, -26.0301993], [32.9325264, -26.0302196], [32.9334202, -26.0303193], [32.9347646, -26.0305228], [32.9359511, -26.0308694], [32.936502, -26.0311126], [32.9369654, -26.0310994], [32.9371941, -26.0311534], [32.9373201, -26.03118], [32.9373351, -26.03119], [32.9397583, -26.0245478], [32.9442304, -26.0144642], [32.9461097, -26.0103168], [32.9461541, -26.0093611], [32.9463243, -26.0059585], [32.9466795, -26.0056131], [32.9460231, -26.005702], [32.9453662, -26.005657], [32.9451029, -26.0056272], [32.9445585, -26.0060095], [32.9443902, -26.0063542], [32.9440335, -26.0064555], [32.9436081, -26.0061181], [32.9432327, -26.0056739], [32.9428824, -26.0055164], [32.942532, -26.0049822], [32.9423943, -26.0048698], [32.9422201, -26.0045653], [32.9423818, -26.0044312], [32.9426321, -26.0044762], [32.9431894, -26.0045292], [32.9435707, -26.0047874], [32.9439265, -26.0046151], [32.944064, -26.0039111], [32.942497, -26.0029581], [32.9421993, -26.0022116], [32.9424552, -26.0016302], [32.942, -26.0014271], [32.9417186, -26.0013385], [32.9410054, -26.0016983], [32.9406676, -26.0018389], [32.940411, -26.0018277], [32.9399293, -26.0014228], [32.9395414, -26.0012878], [32.9392974, -26.0009673], [32.9389783, -26.0008605], [32.9387281, -26.0008661], [32.9386342, -26.0009673], [32.9384841, -26.0010854], [32.9381462, -26.0010348], [32.9380524, -26.0007986], [32.9381087, -26.00054], [32.93819, -26.0002363], [32.9381712, -25.9999101], [32.9380524, -25.9995165], [32.937677, -25.9993422], [32.9374205, -25.9993591], [32.93702, -25.9994322], [32.9365821, -25.9994209], [32.9362568, -25.999494], [32.9356061, -25.9997077], [32.9352745, -25.9993141], [32.9351556, -25.9990217], [32.9351806, -25.9986618], [32.9353558, -25.998375], [32.9355685, -25.9982175], [32.9359377, -25.9981894], [32.9362192, -25.9982119], [32.9364382, -25.9983469], [32.9365508, -25.9984818], [32.9367135, -25.9988417], [32.9369512, -25.9988417], [32.9374768, -25.9986955], [32.9379085, -25.9985437], [32.9383652, -25.99833], [32.9387343, -25.9983019], [32.9391973, -25.9983862], [32.939654, -25.998583], [32.9400482, -25.998853], [32.9403109, -25.9990217], [32.9407426, -25.9992747], [32.9416623, -25.999629], [32.9419778, -25.9996115], [32.9426569, -25.9988557], [32.9430747, -25.9987618], [32.943435, -25.9991968], [32.9435849, -25.9998127], [32.9438528, -25.9997401], [32.9441793, -25.9988152], [32.9451063, -25.9982497], [32.946298, -25.9983453], [32.946547, -25.9981], [32.9464806, -25.9977903], [32.9465017, -25.9977583], [32.9464051, -25.9973782], [32.9464312, -25.9971611], [32.9465164, -25.9967823], [32.9461728, -25.9961299], [32.946361, -25.995953], [32.946931, -25.996082], [32.9472513, -25.9961946], [32.9475027, -25.9964908], [32.9479838, -25.9965114], [32.9481549, -25.9964533], [32.9480146, -25.9960934], [32.9475745, -25.9958979], [32.9472013, -25.9956843], [32.9469764, -25.9953886], [32.9465435, -25.9950672], [32.945921, -25.9946834], [32.9456748, -25.9946567], [32.9452782, -25.9943481], [32.9442854, -25.9939093], [32.9441392, -25.9936924], [32.9428174, -25.9933322], [32.9424387, -25.9931317], [32.941838, -25.9931951], [32.9415507, -25.9933312], [32.9406889, -25.9934157], [32.9400614, -25.9933583], [32.9391996, -25.9931976], [32.9387919, -25.9929185], [32.9384501, -25.9927037], [32.9380812, -25.9926182], [32.9377831, -25.9926181], [32.9373835, -25.9926589], [32.9369056, -25.992773], [32.9362964, -25.9928153], [32.9351659, -25.9928695], [32.9343482, -25.9928413], [32.9329082, -25.9928941], [32.9318067, -25.9928735], [32.9309018, -25.9929236], [32.9301806, -25.9931642], [32.929308, -25.9935232], [32.9285369, -25.9937162], [32.9281772, -25.9940771], [32.9279136, -25.9943883], [32.9274633, -25.9954447], [32.9273173, -25.9959073], [32.9269956, -25.9966924], [32.926669, -25.9976376], [32.9265007, -25.9982892], [32.9262459, -25.9986984], [32.9261148, -25.9988429], [32.9258747, -25.9992744], [32.925563, -25.9995412], [32.9250063, -26.0000772], [32.9246326, -26.0005976], [32.9240363, -26.0011224], [32.923627, -26.001312], [32.923571, -26.0014189], [32.9233121, -26.0015211], [32.9227837, -26.0017319], [32.9227732, -26.0018891], [32.922677, -26.0020464], [32.9223551, -26.0020039], [32.9219912, -26.001779], [32.9219064, -26.00155], [32.921462, -26.0014996], [32.9208549, -26.0014776], [32.9201323, -26.0014367], [32.9197823, -26.0015138], [32.9192312, -26.0015264], [32.9189058, -26.0016191], [32.918712, -26.0015942], [32.9182599, -26.0015575], [32.917974, -26.0015991], [32.9174958, -26.001607], [32.9171117, -26.001665], [32.9166448, -26.0018501], [32.915955, -26.0023917], [32.9157475, -26.0026309], [32.9154776, -26.0028255], [32.9151434, -26.0029937], [32.9148828, -26.0030456], [32.9146802, -26.0030871], [32.9144586, -26.0033051], [32.9143349, -26.0033473], [32.9143324, -26.0036654], [32.9141869, -26.003996], [32.9139276, -26.0043877], [32.9138103, -26.005339], [32.9137732, -26.0061449], [32.9136382, -26.0067345], [32.913603, -26.0076092], [32.913511, -26.0084687], [32.913266, -26.0095606], [32.9129222, -26.0108519], [32.9127475, -26.0113491], [32.9122992, -26.0125115], [32.9120637, -26.0128908], [32.9116948, -26.013641], [32.9112272, -26.0145994], [32.9110144, -26.0148507], [32.9107323, -26.0156111], [32.9102374, -26.0165431], [32.9099252, -26.0171336], [32.9096476, -26.0175631], [32.9092132, -26.0183507], [32.9087768, -26.0189324], [32.9081202, -26.0198569], [32.9072157, -26.0210837], [32.9066972, -26.0216476], [32.9062817, -26.0222507], [32.9058056, -26.0228235], [32.9051935, -26.0234873], [32.9044309, -26.0245101], [32.9037149, -26.0253995], [32.9031293, -26.0262045], [32.9026848, -26.0268688], [32.902506, -26.0275182], [32.9024337, -26.0284514], [32.9021661, -26.0291553], [32.9019106, -26.0297473]]]]}}, {"type": "Feature", "properties": {"name": "Inguane", "code": "inguane"}, "geometry": {"type": "MultiPolygon", "coordinates": [[[[32.9373351, -26.03119], [32.937447, -26.0312604], [32.9376505, -26.0314409], [32.9379592, -26.031903], [32.9382383, -26.0320584], [32.9386722, -26.0323272], [32.9391123, -26.0327745], [32.9395648, -26.0334069], [32.9396748, -26.0338783], [32.9398828, -26.0343581], [32.9399064, -26.0348755], [32.9398388, -26.0350076], [32.9399518, -26.0353059], [32.940115, -26.035591], [32.9402766, -26.0359026], [32.9403844, -26.0361937], [32.9404178, -26.0362837], [32.9405546, -26.0365031], [32.9406528, -26.0366605], [32.9406845, -26.0368316], [32.940787, -26.037385], [32.9408781, -26.0379007], [32.9407648, -26.0383913], [32.9407648, -26.0385618], [32.9410397, -26.0388957], [32.9414036, -26.0392192], [32.9417269, -26.0397748], [32.9418114, -26.03992], [32.9418133, -26.0404112], [32.9416782, -26.0406364], [32.9417207, -26.0410988], [32.9417899, -26.0418508], [32.9417164, -26.0422917], [32.9415468, -26.0427289], [32.9415527, -26.0429187], [32.9415538, -26.0429546], [32.9416281, -26.0432507], [32.9418014, -26.043527], [32.9420356, -26.0439006], [32.942316, -26.0441357], [32.9426311, -26.0444], [32.9427667, -26.0446236], [32.9430052, -26.0450169], [32.9430421, -26.0450778], [32.9431638, -26.0452785], [32.9431835, -26.045311], [32.9431708, -26.0457104], [32.943168, -26.0457976], [32.9430003, -26.0464018], [32.9430373, -26.0469376], [32.9427779, -26.0473028], [32.9423864, -26.0476086], [32.9421531, -26.0478796], [32.942203, -26.0483771], [32.9423259, -26.0486062], [32.9423882, -26.0487222], [32.9425003, -26.0488756], [32.9425223, -26.0489056], [32.9430061, -26.0490702], [32.9432066, -26.0492457], [32.9435292, -26.0495282], [32.9435497, -26.0495461], [32.9434537, -26.049774], [32.9434377, -26.0500725], [32.9434351, -26.0501201], [32.9435666, -26.050261], [32.9436584, -26.0503594], [32.9439414, -26.0506615], [32.9445036, -26.0509181], [32.9449707, -26.0514813], [32.9452744, -26.0518954], [32.9453468, -26.0521632], [32.9451102, -26.0524687], [32.9451044, -26.0528884], [32.9449545, -26.0531709], [32.9446254, -26.0533662], [32.9445447, -26.0536175], [32.9446113, -26.0538306], [32.9450985, -26.0539153], [32.9455035, -26.0541064], [32.9456961, -26.0543329], [32.9458595, -26.0545251], [32.9464476, -26.0550533], [32.9464036, -26.0550943], [32.9463091, -26.0551824], [32.9465442, -26.0558898], [32.9464002, -26.0560852], [32.9464355, -26.0563755], [32.9465965, -26.056532], [32.9469216, -26.0565771], [32.9471612, -26.056753], [32.9472654, -26.0570628], [32.9473711, -26.0572532], [32.9477754, -26.0576848], [32.9481309, -26.0581415], [32.9485601, -26.0582624], [32.9491761, -26.0583874], [32.9495287, -26.0584474], [32.9503808, -26.0586807], [32.9510232, -26.0588938], [32.952031, -26.059392], [32.9523777, -26.0595381], [32.9530821, -26.0599312], [32.9538085, -26.0604408], [32.9543041, -26.0609922], [32.9545774, -26.0616611], [32.9548921, -26.0623016], [32.9548594, -26.0627631], [32.9545748, -26.0630222], [32.954231, -26.0630592], [32.9541252, -26.0631674], [32.9542373, -26.0635047], [32.9544617, -26.0636801], [32.9545012, -26.0638556], [32.9544368, -26.0640086], [32.9542664, -26.0641057], [32.9542623, -26.0642792], [32.9545054, -26.0643755], [32.955004, -26.0646675], [32.9553178, -26.0650053], [32.9556668, -26.0655503], [32.9557586, -26.0659803], [32.9557271, -26.0663659], [32.9555142, -26.0665241], [32.9552947, -26.0666214], [32.955261, -26.0668734], [32.9555248, -26.067218], [32.9557839, -26.0677651], [32.9558031, -26.0680897], [32.9555845, -26.0684805], [32.9554979, -26.0689097], [32.95559, -26.0692955], [32.9555166, -26.0694005], [32.9553254, -26.0695176], [32.9551259, -26.069701], [32.9549854, -26.0697265], [32.9548683, -26.069688], [32.9547852, -26.0697551], [32.9547873, -26.07005], [32.954733, -26.07033], [32.9546356, -26.0705539], [32.9544563, -26.0706216], [32.9544153, -26.0708264], [32.954434, -26.0710933], [32.9545691, -26.0714405], [32.954592, -26.0717297], [32.9545353, -26.0720519], [32.9543957, -26.0723107], [32.95422, -26.0724464], [32.9541847, -26.0725621], [32.9543073, -26.0726461], [32.9543073, -26.0728551], [32.9541785, -26.0730698], [32.9540372, -26.073094], [32.9538793, -26.0730044], [32.9537962, -26.0728813], [32.9537546, -26.072704], [32.9536715, -26.072661], [32.9535531, -26.0728999], [32.9535281, -26.0729783], [32.9537235, -26.0730586], [32.953846, -26.0731929], [32.9538627, -26.0733609], [32.9537987, -26.0735315], [32.9539027, -26.0737113], [32.9540752, -26.0737262], [32.9542165, -26.0735807], [32.9544866, -26.0735807], [32.9545614, -26.0734855], [32.9546591, -26.0734743], [32.9546964, -26.0735956], [32.9546424, -26.0736964], [32.9546694, -26.0737692], [32.9548377, -26.0736908], [32.9549562, -26.0736758], [32.9549645, -26.0738419], [32.955004, -26.0740659], [32.9550829, -26.0741704], [32.9550247, -26.0742339], [32.9548772, -26.0741704], [32.9547796, -26.074064], [32.9546611, -26.0739707], [32.9545095, -26.0738774], [32.9544409, -26.0738942], [32.954283, -26.0742171], [32.9541749, -26.0743272], [32.9541105, -26.0745082], [32.9541023, -26.0747877], [32.9539801, -26.0748118], [32.9537841, -26.0744877], [32.9536345, -26.0742022], [32.9535327, -26.074079], [32.9534251, -26.0741132], [32.9532465, -26.0744416], [32.9530615, -26.0746189], [32.9528509, -26.0746675], [32.952627, -26.074615], [32.952411, -26.0744579], [32.9523647, -26.0744755], [32.9524057, -26.0746656], [32.9526463, -26.0750163], [32.9530352, -26.0754371], [32.9531727, -26.0757198], [32.9531757, -26.0760588], [32.9530798, -26.0762796], [32.9531454, -26.0764534], [32.9536063, -26.0769473], [32.9537998, -26.0772011], [32.95416, -26.077793], [32.9541831, -26.0781295], [32.9543743, -26.078562], [32.9545326, -26.078933], [32.9548871, -26.0794612], [32.9551475, -26.0795102], [32.9553025, -26.0794374], [32.9554435, -26.079371], [32.955655, -26.0791019], [32.9556655, -26.0785733], [32.955736, -26.0780826], [32.9558241, -26.0775192], [32.9559578, -26.0768345], [32.9563192, -26.076045], [32.9565642, -26.0755345], [32.9569949, -26.0748642], [32.9576274, -26.0738389], [32.9583379, -26.0730827], [32.9588373, -26.0725937], [32.9591474, -26.072255], [32.9595703, -26.0717358], [32.9600814, -26.0711723], [32.9605536, -26.0707228], [32.9606382, -26.070172], [32.9609624, -26.0693363], [32.9615615, -26.068241], [32.9618575, -26.0670063], [32.9624426, -26.0645687], [32.9627597, -26.0630554], [32.963091, -26.0610103], [32.9632249, -26.0594907], [32.9634646, -26.0579837], [32.9637607, -26.0560749], [32.9639194, -26.0548149], [32.9641436, -26.0535908], [32.964699, -26.0509599], [32.9650899, -26.049404], [32.9657729, -26.047122], [32.9660645, -26.0459783], [32.9664206, -26.0447336], [32.9667301, -26.0437036], [32.967008, -26.0428841], [32.9673926, -26.0417496], [32.9675282, -26.0411419], [32.967773, -26.039747], [32.9681348, -26.0382617], [32.9684628, -26.0372012], [32.9686059, -26.0361592], [32.968734, -26.0355723], [32.9690254, -26.0351106], [32.969183, -26.0342353], [32.9694537, -26.0336273], [32.9697653, -26.0322483], [32.9698808, -26.0302579], [32.9697658, -26.0292713], [32.9697365, -26.0283975], [32.9699255, -26.0271144], [32.9701282, -26.0261394], [32.9704711, -26.0247297], [32.9707772, -26.0235286], [32.9712342, -26.0217592], [32.972472, -26.0174635], [32.9743261, -26.0119416], [32.9754116, -26.0090468], [32.9759473, -26.0079952], [32.9762346, -26.007269], [32.9766157, -26.0064906], [32.976812, -26.0060543], [32.9769907, -26.0055289], [32.9772469, -26.0049286], [32.9775355, -26.0042865], [32.9779339, -26.0035465], [32.9782335, -26.0028704], [32.9783766, -26.0024771], [32.9786111, -26.0021156], [32.9788666, -26.0016963], [32.9790071, -26.0014052], [32.9792954, -26.0008603], [32.9796454, -26.0001611], [32.9799368, -25.9996975], [32.9801638, -25.9991845], [32.980441, -25.9985232], [32.9808698, -25.9978288], [32.9812124, -25.9973902], [32.9814658, -25.996781], [32.9818255, -25.9960453], [32.9825432, -25.9947368], [32.9832846, -25.9936274], [32.9836527, -25.992998], [32.9845815, -25.991353], [32.9856392, -25.9894023], [32.9863572, -25.98814], [32.9873342, -25.9866525], [32.9892387, -25.9835123], [32.9903855, -25.9815084], [32.990626, -25.9810025], [32.9908925, -25.9806871], [32.9914643, -25.9797364], [32.9918363, -25.979104], [32.9921163, -25.9786953], [32.9924279, -25.9781019], [32.9928008, -25.9774639], [32.9931072, -25.9770363], [32.9932017, -25.9766347], [32.9931392, -25.9763805], [32.9928791, -25.9757205], [32.9926983, -25.9751084], [32.9927725, -25.9744274], [32.9928352, -25.9729786], [32.9932424, -25.9720099], [32.9935176, -25.9714424], [32.9936741, -25.9709627], [32.9934927, -25.9706844], [32.9932294, -25.9706716], [32.9930338, -25.9707804], [32.992638, -25.9705619], [32.9922297, -25.9702794], [32.9920335, -25.9701812], [32.9918486, -25.9701733], [32.9915311, -25.9701194], [32.991072, -25.970099], [32.9905504, -25.9704517], [32.9902501, -25.9707864], [32.9898579, -25.9710339], [32.989654, -25.9714537], [32.989245, -25.9716699], [32.9884745, -25.9718759], [32.9878636, -25.9719825], [32.9874614, -25.9718865], [32.9870999, -25.9718373], [32.9866648, -25.9717153], [32.986232, -25.971642], [32.9852574, -25.9712673], [32.9844816, -25.9709411], [32.9837934, -25.9706486], [32.9831, -25.970484], [32.9827585, -25.9704433], [32.9823812, -25.9704327], [32.9821167, -25.970463], [32.9816787, -25.9705698], [32.9814034, -25.9706598], [32.9808967, -25.9707498], [32.9805463, -25.9708398], [32.9801396, -25.9708792], [32.9798268, -25.9709017], [32.9794358, -25.9709832], [32.9789947, -25.9710873], [32.9786694, -25.9711689], [32.9785567, -25.9713235], [32.9786005, -25.9714248], [32.9787069, -25.9714923], [32.9788633, -25.9714979], [32.9790885, -25.9714698], [32.9792575, -25.9713629], [32.9796098, -25.9712568], [32.979824, -25.9712198], [32.9800572, -25.9714067], [32.9799851, -25.97151], [32.9797652, -25.9717659], [32.9796401, -25.9720825], [32.9793239, -25.9723245], [32.9793899, -25.9725617], [32.979256, -25.9728], [32.9790981, -25.9732277], [32.9792588, -25.9733281], [32.9796857, -25.973464], [32.979643, -25.9736287], [32.9796394, -25.9737902], [32.9798333, -25.9741084], [32.9800948, -25.9746825], [32.9801926, -25.9750567], [32.980342, -25.975215], [32.9804577, -25.9752438], [32.9805324, -25.9751159], [32.9808632, -25.9749959], [32.9808899, -25.9749463], [32.98076, -25.974836], [32.9808223, -25.9743867], [32.9808472, -25.9734576], [32.980929, -25.9733617], [32.9811549, -25.9733505], [32.9815107, -25.9734032], [32.9820034, -25.9733185], [32.9824344, -25.9734271], [32.9827583, -25.973523], [32.9826604, -25.9736285], [32.9819996, -25.9737872], [32.9818391, -25.9739796], [32.9817543, -25.9744214], [32.982036, -25.9750275], [32.9821568, -25.975482], [32.9821668, -25.9758122], [32.9819967, -25.9763439], [32.9820145, -25.9769723], [32.9820198, -25.9771546], [32.9817868, -25.9774169], [32.9815687, -25.9779528], [32.9815519, -25.9787766], [32.9816818, -25.9788969], [32.981685, -25.9790066], [32.981638, -25.9792006], [32.981588, -25.979299], [32.981516, -25.9793721], [32.9812627, -25.9795887], [32.9808941, -25.9799152], [32.9807369, -25.9799367], [32.98066, -25.9797644], [32.9806245, -25.979569], [32.9806066, -25.9793151], [32.9807792, -25.9790689], [32.9809037, -25.9788002], [32.980877, -25.9784468], [32.9806031, -25.9777689], [32.9804857, -25.9771628], [32.9804306, -25.9767743], [32.9804964, -25.9766447], [32.9805386, -25.9763678], [32.9804977, -25.976008], [32.9806133, -25.9758433], [32.9808783, -25.9756562], [32.980953, -25.9755331], [32.9809353, -25.9754707], [32.9808659, -25.9754387], [32.9806898, -25.9755587], [32.9806329, -25.9756546], [32.9804587, -25.9757595], [32.9802952, -25.9760105], [32.9802423, -25.9762118], [32.9800531, -25.9767038], [32.9800305, -25.9771945], [32.9800632, -25.9778186], [32.9797236, -25.9788249], [32.9793262, -25.9797702], [32.9790293, -25.9807584], [32.9786973, -25.981932], [32.97827, -25.9830041], [32.9780993, -25.9836437], [32.9777951, -25.9844816], [32.9770111, -25.9856079], [32.9762409, -25.9867511], [32.9757927, -25.9872628], [32.9752235, -25.9875954], [32.9741536, -25.9880209], [32.9740468, -25.9881299], [32.973649, -25.9883301], [32.9729946, -25.9886436], [32.9725758, -25.9888654], [32.9720404, -25.9891529], [32.9714904, -25.9894166], [32.9713839, -25.9895947], [32.9708263, -25.9898768], [32.9704928, -25.9900355], [32.9700261, -25.9901982], [32.969714, -25.990427], [32.9694327, -25.9905951], [32.969144, -25.990684], [32.9688315, -25.9909062], [32.9681698, -25.991289], [32.96738, -25.991604], [32.9670136, -25.9916775], [32.966312, -25.9919608], [32.9656732, -25.9922258], [32.9645823, -25.9925755], [32.9637935, -25.9928737], [32.963184, -25.9931277], [32.9628523, -25.9932276], [32.9627061, -25.9933279], [32.961901, -25.9936948], [32.9614895, -25.9939359], [32.9613713, -25.9941688], [32.9611845, -25.9943783], [32.9610475, -25.9948024], [32.9609479, -25.9950624], [32.9608577, -25.9954159], [32.9606479, -25.996051], [32.9601565, -25.996733], [32.959967, -25.9969297], [32.9597965, -25.9970705], [32.9596242, -25.9971792], [32.9593327, -25.9973177], [32.9590272, -25.9976046], [32.9584833, -25.9982755], [32.9579707, -25.998551], [32.957751, -25.998788], [32.9575913, -25.9989711], [32.9575725, -25.9990976], [32.9576914, -25.9991313], [32.9578291, -25.9991145], [32.957751, -25.999303], [32.9572783, -25.9997244], [32.9568418, -25.9997994], [32.9563671, -26.0000411], [32.9558984, -26.0004962], [32.9552477, -26.0007745], [32.9546546, -26.0010315], [32.9543092, -26.0012637], [32.9535808, -26.0014788], [32.9530662, -26.0016853], [32.9518936, -26.0015515], [32.9513575, -26.0013794], [32.9512797, -26.0013722], [32.9510701, -26.0015794], [32.9516768, -26.0019271], [32.9517343, -26.0022299], [32.9514602, -26.0023247], [32.9511634, -26.0028444], [32.950193, -26.0032221], [32.9493279, -26.0038846], [32.9486842, -26.0044119], [32.9477376, -26.0050138], [32.9466795, -26.0056131], [32.9463243, -26.0059585], [32.9461541, -26.0093611], [32.9461097, -26.0103168], [32.9442304, -26.0144642], [32.9397583, -26.0245478], [32.9373351, -26.03119]]]]}}, {"type": "Feature", "properties": {"name": "Bairro 7 de Setembro"}, "geometry": {"type": "MultiPolygon", "coordinates": [[[[32.380651, -26.0864588], [32.3846858, -26.0864163], [32.3897124, -26.0864377], [32.3969923, -26.0855724], [32.4029466, -26.0852388], [32.4077107, -26.0848404], [32.4100935, -26.0844918], [32.4235855, -26.084606], [32.4236563, -26.0836507], [32.4236665, -26.0815603], [32.4236156, -26.0784543], [32.4238933, -26.0757677], [32.4246962, -26.0738597], [32.4264276, -26.0714178], [32.4285563, -26.068858], [32.4308183, -26.0660598], [32.4344683, -26.0633865], [32.4388446, -26.060895], [32.4403997, -26.0598124], [32.4407233, -26.0595872], [32.441621, -26.0578712], [32.445772, -26.0553236], [32.4487508, -26.0546482], [32.4516261, -26.0548681], [32.4538705, -26.055683], [32.4592508, -26.0576145], [32.4647346, -26.0586204], [32.469961, -26.0580723], [32.4705494, -26.0577741], [32.4727114, -26.0566788], [32.4768559, -26.054036], [32.4823443, -26.0464704], [32.4861338, -26.0417357], [32.4896609, -26.0364325], [32.4934229, -26.0302341], [32.495662, -26.024538], [32.4966082, -26.0196735], [32.4961419, -26.0127733], [32.4961967, -26.0076668], [32.4950601, -26.0029743], [32.4928579, -26.0001893], [32.4900145, -26.0005078], [32.4883385, -26.001011], [32.4866724, -26.0015113], [32.4833946, -26.0029331], [32.4776596, -26.0069441], [32.4749783, -26.0079497], [32.4706461, -26.0085611], [32.4652486, -26.0109004], [32.4626305, -26.0124735], [32.4576952, -26.0148442], [32.455638, -26.0165984], [32.4524869, -26.0190054], [32.4497224, -26.023564], [32.4497715, -26.0250007], [32.4493073, -26.0283044], [32.4486059, -26.0298546], [32.4480395, -26.0308081], [32.4463417, -26.0333699], [32.4447146, -26.0349464], [32.4424216, -26.0375058], [32.4387367, -26.0407765], [32.4363612, -26.0398116], [32.4357172, -26.0362255], [32.4356927, -26.0344336], [32.4348063, -26.033146], [32.4327995, -26.0311672], [32.4309815, -26.03116], [32.4288418, -26.0320475], [32.4273234, -26.034335], [32.4246219, -26.0351843], [32.4231202, -26.0340316], [32.4223321, -26.0329534], [32.4219478, -26.0304433], [32.4214795, -26.0288646], [32.4208494, -26.0279304], [32.4194275, -26.0267062], [32.4180039, -26.0258405], [32.4166575, -26.025405], [32.414596, -26.0251816], [32.4125339, -26.0251016], [32.4103149, -26.0246625], [32.4112698, -26.0259328], [32.4119872, -26.0279067], [32.4125086, -26.029402], [32.4144841, -26.0309629], [32.4150062, -26.0323387], [32.4158517, -26.0351493], [32.4156451, -26.0368208], [32.4143786, -26.0389061], [32.4118642, -26.039314], [32.4092212, -26.0390046], [32.4082376, -26.0373879], [32.4064522, -26.0374403], [32.4053887, -26.0385708], [32.4053806, -26.0401833], [32.405239, -26.0420343], [32.4045718, -26.0432261], [32.403443, -26.044177], [32.4030786, -26.0446404], [32.4027549, -26.0458813], [32.4027486, -26.0471236], [32.4027955, -26.0483184], [32.4027877, -26.0498473], [32.4028889, -26.0507556], [32.4035195, -26.0515705], [32.4043065, -26.0528638], [32.404512, -26.0540592], [32.4042958, -26.0549661], [32.4030207, -26.0560598], [32.4019055, -26.0569153], [32.3998917, -26.0576236], [32.3985137, -26.0581435], [32.3974535, -26.0585691], [32.3961288, -26.0589936], [32.3939599, -26.0589845], [32.3912626, -26.0588776], [32.3893572, -26.0590607], [32.388139, -26.0593422], [32.3871831, -26.0600549], [32.3865448, -26.0607211], [32.3859031, -26.0620562], [32.3858427, -26.0634894], [32.3856748, -26.0652566], [32.3854587, -26.0661157], [32.3850846, -26.0668309], [32.3845533, -26.0672586], [32.3859058, -26.0680856], [32.3864963, -26.068984], [32.3864879, -26.0705966], [32.3862156, -26.0720886], [32.3856154, -26.0730417], [32.384815, -26.0743522], [32.384279, -26.0756639], [32.3834764, -26.0773925], [32.3828721, -26.079122], [32.3823361, -26.0804337], [32.380946, -26.0806666], [32.3801486, -26.0813799], [32.3796113, -26.0829305], [32.3794746, -26.0837661], [32.3796, -26.0850806], [32.380651, -26.0864588]]]]}}]}